SMILES,LogHalfLife
c1c2ccccc2c2ccc3cccc4ccc1c2c34,2.3502
c1c2c3ccccc3ccc2cc2c3ccccc3ccc21,2.6232
c1c2c3ccccc3ccc2cc2ccccc21,2.4564
c1ccccc1,0.7782
CCC(C)(C)C,1.2788
C1Cc2cccc3cccc1c23,1.5911
c1cc2ccccc2c2ccccc21,1.6232
C1c2ccccc2-c2ccccc21,1.6435
Cc1cccc2ccccc21,0.96215
c1cccc2ccccc21,0.4771
Cc1cc2ccccc2cc1,1.1461
c1ccccc1-c1ccccc1,1.4914
C1C=Cc2ccccc21,0.4771
s(c(c(c1)ccc2)c2)c1,1.3979
Cc1ccccc1C,0.7782
Cc1cc(C)c(C)cc1,0.6021
Cc1cc(C)c(C)cc1C,0.8451
CC1CCCC1,0.6021
CC(C)c1ccccc1,1.1761
CCc1ccccc1,0.9031
CCCc1ccccc1,0.6021
Cc1ccc(C)cc1,0.9542
CC(C)CC(C)C,1.6812
Cc1cc(C)ccc1,1
Cc1cc(C)cc(C)c1,0.4771
CC1CCCCC1,0.6021
Cc1ccccc1,0.301
CCCCC,0.699
CCCCCC,0.9542
C1CCCCC1,1.699
CC(C)CCCC(C)CCCC(C)CCCCC(C)CCCC(C)CCCC(C)C,1.6232
CCCCCCCC,0.9542
CCCCCCCCC,0.9542
CCCCCCCCCCCC,1
CCCCCCCCCCCCCCCCCCCC,1.3979
C1CCCc2ccccc21,0.9031
c1c2ccccc2cc2ccccc21,2.0899
CCCCCCCCCC,0.9542
c1cc2cccc3ccc4cccc1c4c32,2.3747
c1cccc2[s]c3ccccc3c21,1.5563
CCc1cc(CC)ccc1,0.8451
CCCCCCC,0.8451
c1c2ccccc2c2ccc3c4c2c1ccc4cc1ccccc13,2.4713
c1cc2ccc3ccc4ccc5ccc6ccc1c1c6c5c4c3c21,2.8651
c1cc2ccc3cccc4c3c2c2c3c4cccc3ccc21,2.7497
c1cc2cccc3c2c2c(cccc21)c1ccccc31,2.5623
c1c2c3c4c5c1cccc5ccc4ccc3-c1ccccc1-2,2.5185
c1ccc2c3c(cccc31)c1cccc3cccc2c31,2.9533
c1cc2cccc3c2c2c4c-3cccc4ccc21,2.5441
c1cc2c(c3ccccc31)-c1cccc3cccc-2c31,2.4771
c1c2c3c(cccc3-c3ccccc3-2)c2ccccc21,2.4502
c1ccc2c3c(cccc31)-c1ccccc1-2,2.1673
c1c2-c3cccc4cccc(c43)-c2cc2ccccc21,2.5453
c1ccc2C=Cc3cccc1c32,1.5798
c1cccc2c1c1ccccc1c1ccccc12,2.5775
c1cc2c3ccccc3ccc2c2ccccc21,2.5775
C1c2c3ccccc3ccc2-c2ccccc21,2.1492
C1C2CC3CC1CC(C2)C3,3
C1CCCC1,1.699
CC(C)C(C)(C)C,0.7782
Cc1ccc(C)c(C)c1C,0.6021
C1CCc2ccccc21,0.7782
Cc1c(C)cccc1C,0.6021
Cc1cc(C)c(C)c(C)c1,0.4771
c(cccc1)(c1)CC(C)C,1
CC(C)CC(C)(C)C,1.6021
CCCCCCCCCCCCCCCC,1.2304
CCCCCCCCCCCCCCCCCCCCCCCCCCCCCCCC,2.4533
CCC(C)(C)C(C)C,1.7243
CC(C)(CC)CC,0.9542
CCC(C)(C)CCC,0.699
CC(C)(C)C(C)CC,0.8451
C(C(CC)C)(C)C,0.8451
CC(C(C)C)C(C)C,1.1761
Cc1ccc(C)c2ccccc12,1.1761
Cc1cc2ccccc2cc1C,1.1761
C(C(CC)C)(CC)C,0.4771
CC1CCCCC1C,1.2553
CC(C)C(C)CCC,1.415
CCC(C)CCC,0.9542
CC(C)CC(C)CC,0.8451
CC(CCC)CCC,0.6021
C(CCCC)(CC)C,0.4771
CCCC(C)(C)C,0.8451
CCCCC(C)(C)C,0.6021
CCCCC(C)C,0.4771
CC(C)CCC(C)C,1.3979
CCCCCC(C)C,0.4771
CCCCCCCCCCCCCCCCCC,1.3222
CCCCCCCCCCCCCCCCCCCCCCCCCCC,2.1492
CC(C)C(CC)CC,0.7782
Cc1ccccc1CC,0.6021
CCC(CC)CC,0.6021
CCCC(CC)CC,0.6021
Cc1cccc(CC)c1,0.4771
Cc1ccc(CC)cc1,0.6021
CCCCCCCCCCCCC,1.0792
CCCCCCCCCCCCCC,1.3617
CCCCCCCCCCCCCCC,1.415
CCCCCCCCCCCCCCCCC,1.301
CCCCCCCCCCCCCCCCCCC,1.2553
CCCCCCCCCCCCCCCCCCCCC,1.3979
CCCCCCCCCCCCCCCCCCCCCC,2.0969
CCCCCCCCCCCCCCCCCCCCCCCCC,2.0828
CCCCCCCCCCCCCCCCCCCCCCCCCC,2
CCCCCCCCCCCCCCCCCCCCCCCCCCCC,2.0969
CCCCCCCCCCCCCCCCCCCCCCCCCCCCC,2
CCCCCCCCCCCCCCCCCCCCCCCCCCCCCCC,2.4409
CCCCCCCCCCCCCCCCCCCCCCCCCCCCCCCCC,2.5599
CCCCCCCCCCCCCCCCCCCCCCC,2.1614
CCCCCCCCCCCCCCCCCCCCCCCCCCCCCC,2.243
Cc1ccc(cc1)-c1ccccc1,1.5798
CCCCCCCCCCCCCCCCCCCCCCCC,2.0569
CC1=CCc2ccccc21,0.4771
Cc1c2ccccc2cc2ccccc21,2.415
Cc1cccc2CCCc21,0.301
Cc1cccc2c3ccccc3ccc21,1.3617
Cc1cc2CCCc2cc1,0.301
CCc1ccc(C)cc1C,0.6021
c(c(c(cc1)C)C)(c1)CC,0.7782
CCc1cc(C)cc(C)c1,0.301
CCc1cc(C)c(C)cc1,0.699
CC(C)C(C)CC(C)C,0.9031
CCCCCC(C)(C)C,0.7782
Cc1ccccc1CCC,0.4771
CCCCCCCCCCC,0.8451
CC1(C)CCCC1,1.2788
CCC1CCCC1,1.1761
CCC1CCCCC1,0.301
CCc1cc(C)ccc1C,0.4771
C(CCCC(CCCC(CCCC(C)C)C)C)(C)C,1.6232
CC1Cc2ccccc2C=1,0.4771
CCCC(C)CC(C)C,0.7782
CCC(C)CCC(C)C,0.7782
CCC(C)CCCCC,0.699
CCCC(C)CCCC,0.699
C15CC(C(CC2CC34)C4C1)C(C3C5)C2,3.301
CCC1C3=C(C=CC=C3)C2=C1C=CC=C2,1.4624
Cc1ccc2ccc3cccc4ccc1c2c34,1.9638
C(CC1C)CC1C,0.6021
C1(C)CC(C)CC1,0.6021
Cc1cc2ccc3ccccc3c2cc1,1.3617
C(C(C(C1C2)CC3)C3)(C1)C2,3
CC(C)CCCCCC,0.699
CC(C)CCC(C)(C)C,1.2553
CCCCCCCCCCCCCCCCCCCCCCCCCCCCCCCCCC,2.5832
CCCC(C)CCC(C)C,0.301
C=CCCCCCCCCCCC=C,1.1139
Cc1c(ccc2c1cccc2)C,1.1761
Cc1cc2c(c3c1cccc3C)cccc2C,1.9191