SMILES,RB_Value,clean_SMILES
O=C,1,C=O
CC(O)C(O)=O,1,CC(O)C(=O)O
O[C@H](CO)[C@@H](O)[C@H](O)[C@@H](O)CO,1,OC[C@@H](O)[C@@H](O)[C@H](O)[C@@H](O)CO
OC1=CC=C(C=C1N(=O)=O)N(=O)=O,0,O=[N+]([O-])c1ccc(O)c([N+](=O)[O-])c1
NC(OCC)=O,0,CCOC(N)=O
ClC(Cl)(Cl)Cl,0,ClC(Cl)(Cl)Cl
CCCC[Sn](CCCC)(CCCC)O[Sn](CCCC)(CCCC)CCCC,0,CCC[CH2][Sn]([CH2]CCC)([CH2]CCC)[O][Sn]([CH2]CCC)([CH2]CCC)[CH2]CCC
O=C(C)O[Sn](CCCC)(CCCC)CCCC,0,CCC[CH2][Sn]([CH2]CCC)([CH2]CCC)[O]C(C)=O
NCC(O)=O,1,NCC(=O)O
OCC(O)CO,1,OCC(O)CO
OC([C@@H](N)CCC(N)=O)=O,1,NC(=O)CC[C@H](N)C(=O)O
N[C@H](C(O)=O)CSSC[C@H](N)C(O)=O,1,N[C@@H](CSSC[C@H](N)C(=O)O)C(=O)O
O=C(N)N,0,NC(N)=O
CN(N)C,0,CN(C)N
CC(O)(C)C(Cl)(Cl)Cl,0,CC(C)(O)C(Cl)(Cl)Cl
O=C1CCO1,1,O=C1CCO1
ClC1CC2C(C1Cl)C3(Cl)C(=C(Cl)C2(Cl)C3(Cl)Cl)Cl,0,ClC1=C(Cl)C2(Cl)C3C(Cl)C(Cl)CC3C1(Cl)C2(Cl)Cl
OC1=C(Cl)C=C(Cl)C(Cl)=C1Cl,0,Oc1c(Cl)cc(Cl)c(Cl)c1Cl
O=C(C(CCSC)N)O,1,CSCCC(N)C(=O)O
OCCC1=CC=CC=C1,1,OCCc1ccccc1
CCCCCC=CCC=CCCCCCCCC(O)=O,1,CCCCCC=CCC=CCCCCCCCC(=O)O
CNN,0,CNN
NC1=NNC=N1,0,Nc1nc[nH]n1
OC(C1=CC=C(C=C1)N(=O)=O)=O,1,O=C(O)c1ccc([N+](=O)[O-])cc1
CCOC1=CC=C(NC(C)=O)C=C1,0,CCOc1ccc(NC(C)=O)cc1
NC1=CC=CC=C1,1,Nc1ccccc1
CC(N)=S,0,CC(N)=S
O=C(NC)OC1=C2C=CC=CC2=CC=C1,1,CNC(=O)Oc1cccc2ccccc12
NC(NC1=CC=CC=C1)=O,0,NC(=O)Nc1ccccc1
CCO,1,CCO
OC=O,1,O=CO
CC(O)=O,1,
CCOS(OCC)(=O)=O,1,CCOS(=O)(=O)OCC
OC(C1=CC=CC=C1)=O,1,O=C(O)c1ccccc1
CCCCCC=O,0,CCCCCC=O
OC1=C(C)N=CC(CO)=C1C=O,1,Cc1ncc(CO)c(C=O)c1O
O=C1C(C)CC(C)CC1C(CC(CC(N2)=O)CC2=O)O,0,CC1CC(C)C(=O)C(C(O)CC2CC(=O)NC(=O)C2)C1
O=C1NC(NC(C1)=O)=O,1,O=C1CC(=O)NC(=O)N1
OC,1,CO
OC(C)C,1,CC(C)O
CC(C)=O,1,CC(C)=O
O=S(C)C,0,CS(C)=O
SCC(O)=O,1,O=C(O)CS
CN(C=O)C,0,CN(C)C=O
OCC(O)C(O)C(O)C(O)CO,1,OCC(O)C(O)C(O)C(O)CO
OC(C1=C(O)C=CC=C1)=O,1,O=C(O)c1ccccc1O
OC1=C(CC2=C(Cl)C(Cl)=CC(Cl)=C2O)C(Cl)=C(Cl)C=C1Cl,0,Oc1c(Cl)cc(Cl)c(Cl)c1Cc1c(O)c(Cl)cc(Cl)c1Cl
O=S(N)(C1=CC=C(C)C=C1)=O,0,Cc1ccc(S(N)(=O)=O)cc1
OCCC,1,CCCO
C1=CC=CC=C1,1,c1ccccc1
ClC(Cl)(C)Cl,0,CC(Cl)(Cl)Cl
Cl[C@]1(C(Cl)=C2Cl)[C@@](Cl)(Cl)[C@@]2([C@]3([H])[C@@]1([H])[C@@]4([H])C[C@]3([H])[C@@H]5O[C@@H]54)Cl,0,ClC1=C(Cl)[C@]2(Cl)[C@@H]3[C@H]4C[C@H]([C@@H]5O[C@H]45)[C@@H]3[C@@]1(Cl)C2(Cl)Cl
C1(NC2=CC=C(NC3=CC=CC=C3)C=C2)=CC=CC=C1,0,c1ccc(Nc2ccc(Nc3ccccc3)cc2)cc1
O=C(O)C(N)CCCNC(N)=N,1,N=C(N)NCCCC(N)C(=O)O
CBr,0,CBr
C(C)C,1,CCC
CCCl,0,CCCl
N#CC,1,CC#N
CC=O,1,CC=O
CCS,0,CCS
ClCCl,0,ClCCl
C1CO1,1,C1CO1
BrC(Br)Br,0,BrC(Br)Br
BrC(C)C,1,CC(C)Br
CN(C)C,1,CN(C)C
NC(C)(C)C,0,CC(C)(C)N
CC(C)(O)C,0,CC(C)(C)O
FC(F)(Cl)Cl,0,FC(F)(Cl)Cl
OS(=O)(C)=O,1,
CC(C)(O)C#N,1,CC(C)(O)C#N
ClC(Cl)(Cl)C=O,0,O=CC(Cl)(Cl)Cl
O=C(O)C(C)(C)C,0,CC(C)(C)C(=O)O
ClC(Cl)(C(O)=O)Cl,0,O=C(O)C(Cl)(Cl)Cl
FC(Cl)(Cl)C(Cl)(Cl)F,0,FC(Cl)(Cl)C(F)(Cl)Cl
FC(Cl)(F)C(Cl)(F)Cl,0,FC(F)(Cl)C(F)(Cl)Cl
O=C(CC(CC1)C(C)2C)C21C,1,CC12CCC(CC1=O)C2(C)C
ClC1C=CC2C3(Cl)C(Cl)=C(Cl)C(C3(Cl)Cl)(Cl)C21,0,ClC1=C(Cl)C2(Cl)C3C(Cl)C=CC3C1(Cl)C2(Cl)Cl
ClC(C1=CC=CC=C1)(C2=CC=CC=C2)C3=CC=CC=C3,0,ClC(c1ccccc1)(c1ccccc1)c1ccccc1
O[Sn](C1=CC=CC=C1)(C2=CC=CC=C2)C3=CC=CC=C3,0,[OH][Sn]([c]1ccccc1)([c]1ccccc1)[c]1ccccc1
OC(C1=CC=CC=C1)(C(O)=O)C2=CC=CC=C2,0,O=C(O)C(O)(c1ccccc1)c1ccccc1
C(=C(C(=C1Cl)Cl)Cl)(C1(Cl)Cl)Cl,0,ClC1=C(Cl)C(Cl)(Cl)C(Cl)=C1Cl
O=C(CCCCCCCCCCC)O[Sn](CCCC)(CCCC)OC(CCCCCCCCCCC)=O,0,CCCCCCCCCCCC(=O)[O][Sn]([CH2]CCC)([CH2]CCC)[O]C(=O)CCCCCCCCCCC
CC(C)C(O)C(C)(C)COC(C(C)C)=O,1,CC(C)C(=O)OCC(C)(C)C(O)C(C)C
CC(CO)(CO)CO,0,CC(CO)(CO)CO
OC(C(O)=O)(CC(O)=O)CC(O)=O,1,O=C(O)CC(O)(CC(=O)O)C(=O)O
O=P(OC1=C(C)C=CC=C1)(OC2=C(C)C=CC=C2)OC3=C(C)C=CC=C3,1,Cc1ccccc1OP(=O)(Oc1ccccc1C)Oc1ccccc1C
O=P(OCC)(OCC)OCC,0,CCOP(=O)(OCC)OCC
O=P(OCC(CCCC)CC)(OCC(CCCC)CC)OCC(CCCC)CC,0,CCCCC(CC)COP(=O)(OCC(CC)CCCC)OCC(CC)CCCC
CC(OOC(C)(C)C)(C)CCC(OOC(C)(C)C)(C)C,0,CC(C)(C)OOC(C)(C)CCC(C)(C)OOC(C)(C)C
C=C(C)C=C,0,C=CC(=C)C
CC(C#N)C,1,CC(C)C#N
CC(C)CO,1,CC(C)CO
CC(C)C=O,1,CC(C)C=O
CC(Cl)CCl,0,CC(Cl)CCl
CCC(O)C,1,CCC(C)O
O=C(CC)C,1,CCC(C)=O
ClCC(Cl)Cl,0,ClCC(Cl)Cl
ClC=C(Cl)Cl,0,ClC=C(Cl)Cl
O=C(C=C)N,1,C=CC(N)=O
O=C(O)CC,1,CCC(=O)O
O=C(O)CO,1,O=C(O)CO
O=C(NC)C,1,CNC(C)=O
NC(NN)=S,0,NNC(N)=S
CC(OC)=O,1,COC(C)=O
C(C(Cl)Cl)(Cl)Cl,0,ClC(Cl)C(Cl)Cl
CC(C(N)=O)=C,0,C=C(C)C(N)=O
C=C(C(O)=O)C,1,C=C(C)C(=O)O
CC(C)(C1=CC(Br)=C(O)C(Br)=C1)C2=CC(Br)=C(O)C(Br)=C2,0,CC(C)(c1cc(Br)c(O)c(Br)c1)c1cc(Br)c(O)c(Br)c1
CC(C1=CC=C(O)C=C1)(C)C2=CC=C(O)C=C2,0,CC(C)(c1ccc(O)cc1)c1ccc(O)cc1
ClC1=CC=C(S(C2=CC=C(Cl)C=C2)(=O)=O)C=C1,0,O=S(=O)(c1ccc(Cl)cc1)c1ccc(Cl)cc1
O=S(C1=CC=C(O)C=C1)(C2=CC=C(O)C=C2)=O,0,O=S(=O)(c1ccc(O)cc1)c1ccc(O)cc1
CC(OOC(C)(C)C1=CC=CC=C1)(C)C2=CC=CC=C2,0,CC(C)(OOC(C)(C)c1ccccc1)c1ccccc1
O=S(NN)(C(C=C1)=CC=C1OC(C=C2)=CC=C2S(NN)(=O)=O)=O,0,NNS(=O)(=O)c1ccc(Oc2ccc(S(=O)(=O)NN)cc2)cc1
CC(C=O)CC1=CC=C(C(C)(C)C)C=C1,0,CC(C=O)Cc1ccc(C(C)(C)C)cc1
CC1(C2C(C)=CCC1C2)C,1,CC1=CCC2CC1C2(C)C
C=C(C(OC)=O)C,1,C=C(C)C(=O)OC
O=C1C2=C(C=CC=C2N)C(C3=C1C=CC=C3)=O,0,Nc1cccc2c1C(=O)c1ccccc1C2=O
O=N(=O)c(c(c(c(c1Cl)Cl)Cl)Cl)c1Cl,0,O=[N+]([O-])c1c(Cl)c(Cl)c(Cl)c(Cl)c1Cl
O=S(=O)(O)c(c(c(ccc1)cc2)c1N)c2,0,Nc1cccc2cccc(S(=O)(=O)O)c12
C1(C=CC=C2CC3)=C2C3=CC=C1,0,c1cc2c3c(cccc3c1)CC2
O=N(C1=C(C(C)=CC=C1)C)=O,0,Cc1cccc([N+](=O)[O-])c1C
O=C1C2=C(C(C3=CC=CC=C31)=O)C=CC(C(C)(C)C)=C2,0,CC(C)(C)c1ccc2c(c1)C(=O)c1ccccc1C2=O
O=C1C2=C(C=CC(CC)=C2)C(C3=C1C=CC=C3)=O,0,CCc1ccc2c(c1)C(=O)c1ccccc1C2=O
O=C(OC1CCCCC1)C2=C(C(OC3CCCCC3)=O)C=CC=C2,1,O=C(OC1CCCCC1)c1ccccc1C(=O)OC1CCCCC1
O=C(OCCCC)c1c(C(OCCCC)=O)cccc1,1,CCCCOC(=O)c1ccccc1C(=O)OCCCC
O=C1NC(C2=CC=CC=C21)=O,1,O=C1NC(=O)c2ccccc21
O=C(OC(=O)C1CCCC2)C12,0,O=C1OC(=O)C2CCCCC12
O=NN(C1=CC=CC=C1)C2=CC=CC=C2,0,O=NN(c1ccccc1)c1ccccc1
OC(C1=C2C=CC=CC2=CC=C1)=O,0,O=C(O)c1cccc2ccccc12
C1(NC2=C3C=CC=C2)=C3C=CC=C1,0,c1ccc2c(c1)[nH]c1ccccc12
OC(CC1=C2C=CC=CC2=CC=C1)=O,0,O=C(O)Cc1cccc2ccccc12
OC1=CC=CC=C1C(OCCC(C)C)=O,1,CC(C)CCOC(=O)c1ccccc1O
O=C1C2=CC=CC=C2CO1,1,O=C1OCc2ccccc21
OC1=C(Cl)C=CC=C1Cl,0,Oc1c(Cl)cccc1Cl
ClC(Cl)=C(C(Cl)=C(Cl)Cl)Cl,0,ClC(Cl)=C(Cl)C(Cl)=C(Cl)Cl
CC1=C(Br)C(Br)=C(Br)C(Br)=C1Br,0,Cc1c(Br)c(Br)c(Br)c(Br)c1Br
BrC1C(Br)C(Br)C(Br)C(Br)C1Cl,0,ClC1C(Br)C(Br)C(Br)C(Br)C1Br
O=C(N(C(=O)N(C1(=O))Cl)Cl)N1Cl,0,O=c1n(Cl)c(=O)n(Cl)c(=O)n1Cl
OC(C(O)CO)C(O)CO,1,OCC(O)C(O)C(O)CO
NC1=C(C)C=C(C)C=C1C,0,Cc1cc(C)c(N)c(C)c1
ClC1=C(O)C(Cl)=CC(Cl)=C1,1,Oc1c(Cl)cc(Cl)cc1Cl
O=C(O)C(CC)CC,1,CCC(CC)C(=O)O
CC1=CC=CC=C1S(=O)(N)=O,0,Cc1ccccc1S(N)(=O)=O
OC1=C(C(C)(C)C)C=C(CO)C=C1C(C)(C)C,0,CC(C)(C)c1cc(CO)cc(C(C)(C)C)c1O
O=S(C1=C(N)C=C(C)C(Cl)=C1)(O)=O,0,Cc1cc(N)c(S(=O)(=O)O)cc1Cl
OC1=CC(C)=CC=C1C(C)(C)C,0,Cc1ccc(C(C)(C)C)c(O)c1
O=C(O)c(c(ccc1)I)c1,0,O=C(O)c1ccccc1I
O=N(C1=CC=CC=C1C)=O,0,Cc1ccccc1[N+](=O)[O-]
O=N(C1=CC=CC=C1Cl)=O,0,O=[N+]([O-])c1ccccc1Cl
NC1=CC=CC=C1N(=O)=O,0,Nc1ccccc1[N+](=O)[O-]
O=C(O)c(c(ccc1)C(=O)O)c1,1,O=C(O)c1ccccc1C(=O)O
O=C1CC(C)=NN1C2=CC=CC=C2,0,CC1=NN(c2ccccc2)C(=O)C1
O=N(C1=C(C=CC(Cl)=C1)Cl)=O,0,O=[N+]([O-])c1cc(Cl)ccc1Cl
NC1=CC=C(C=C1N(=O)=O)Cl,0,Nc1ccc(Cl)cc1[N+](=O)[O-]
OC1=CC=C(C=C1N(=O)=O)Cl,0,O=[N+]([O-])c1cc(Cl)ccc1O
CC(C(C=CC(C)=C1)=C1O)C,0,Cc1ccc(C(C)C)c(O)c1
NC1=CC=CC=C1OC,1,COc1ccccc1N
OC1=CC=CC=C1OC,1,COc1ccccc1O
CC1=CC=CC2=CC=CC=C21,0,Cc1cccc2ccccc12
OC1=CC=CC2=C1C=CC=C2,1,Oc1cccc2ccccc12
C1(C=CC=C2NC3=CC=CC=C3)=C2C=CC=C1,0,c1ccc(Nc2cccc3ccccc23)cc1
NC1=C(C=CC=C1)C2=CC=CC=C2,0,Nc1ccccc1-c1ccccc1
OC1=C(C2=CC=CC=C2)C=CC=C1,1,Oc1ccccc1-c1ccccc1
OC(C1=CC=CC=C1)C2=CC=CC=C2,1,OC(c1ccccc1)c1ccccc1
COC1=CC=CC=C1OC,1,COc1ccccc1OC
C1(C=CC=C2)=C2C=CC=C1,0,c1ccc2ccccc2c1
C1(N=CC=C2)=C2C=CC=C1,0,c1ccc2ncccc2c1
O=N(C1=CC=CC=C1OC)=O,0,COc1ccccc1[N+](=O)[O-]
CC1(C)C=C(C)C2=CC(OCC)=CC=C2N1,0,CCOc1ccc2c(c1)C(C)=CC(C)(C)N2
SC(C=C1)=CC2=C1C=CC=C2,0,Sc1ccc2ccccc2c1
ClC1=C(N)C=CC(C2=CC(Cl)=C(N)C=C2)=C1,0,Nc1ccc(-c2ccc(N)c(Cl)c2)cc1Cl
COC1=CC=CC=C1NC(CC(C)=O)=O,0,COc1ccccc1NC(=O)CC(C)=O
OC(C=C1)=CC=C1C2=CC=CC=C2,0,Oc1ccc(-c2ccccc2)cc1
OC(C1=C(O)C=C2C=CC=CC2=C1)=O,0,O=C(O)c1cc2ccccc2cc1O
O=C(Nc1ccc(Cl)cc1)c2cc3ccccc3cc2O,0,O=C(Nc1ccc(Cl)cc1)c1cc2ccccc2cc1O
C1(S2)=C(NC3=C2C=CC=C3)C=CC=C1,0,c1ccc2c(c1)Nc1ccccc1S2
OC1=CC=C(C2=CC=C(O)C=C2)C=C1,0,Oc1ccc(-c2ccc(O)cc2)cc1
c(c(cccc1)c1)(ccc(c(cccc2)c2)c3)c3,0,c1ccc(-c2ccc(-c3ccccc3)cc2)cc1
OC(C1=CC=C2C=CC=CC2=C1)=O,1,O=C(O)c1ccc2ccccc2c1
OC(C1=NC2=C(C=C1)C=CC=C2)=O,1,O=C(O)c1ccc2ccccc2n1
COC1=CC=C(CC=C)C=C1OC,1,C=CCc1ccc(OC)c(OC)c1
C12=CC=CC=C1C=CC(NC3=CC=C(NC4=CC=C5C(C=CC=C5)=C4)C=C3)=C2,0,c1ccc2cc(Nc3ccc(Nc4ccc5ccccc5c4)cc3)ccc2c1
CCC(C1=CC=CC=C1)=O,1,CCC(=O)c1ccccc1
O=C(CC(C)=O)NC(C=CC=C1)=C1C,1,CC(=O)CC(=O)Nc1ccccc1C
O=C(N(CCO)CCO)CCCCCCCCCCCCCCCCC,1,CCCCCCCCCCCCCCCCCC(=O)N(CCO)CCO
O=C(C1=CC=CC=C1)OCCCOCCCOC(C2=CC=CC=C2)=O,1,O=C(OCCCOCCCOC(=O)c1ccccc1)c1ccccc1
O=N(C1=CC2=C(C=C1)NC=N2)=O,0,O=[N+]([O-])c1ccc2[nH]cnc2c1
ClC1=C(OCC(O)=O)C=CC(Cl)=C1,0,O=C(O)COc1ccc(Cl)cc1Cl
C1(C=CC=C2)=C2N=CS1,0,c1ccc2scnc2c1
CC(C)(C)NSC1=NC2=CC=CC=C2S1,0,CC(C)(C)NSc1nc2ccccc2s1
C1(SNC2CCCCC2)=NC3=CC=CC=C3S1,0,c1ccc2sc(SNC3CCCCC3)nc2c1
c(c(ccc1)C)(c1)C,1,Cc1ccccc1C
Oc(c(ccc1)C)c1,1,Cc1ccccc1O
ClC1=CC=CC=C1Cl,0,Clc1ccccc1Cl
NC1=CC=CC=C1C,1,Cc1ccccc1N
OC1=CC=CC=C1Br,0,Oc1ccccc1Br
OC1=CC=CC=C1Cl,0,Oc1ccccc1Cl
CC1=CC=C(C)C=C1C,0,Cc1ccc(C)c(C)c1
NC1=CC=C(C)C(C)=C1,0,Cc1ccc(N)cc1C
NC1=CC=C(C)C=C1C,0,Cc1ccc(N)c(C)c1
Nc(c(cc(c1)Cl)C)c1,0,Cc1cc(Cl)ccc1N
CC1=CC=C(Cl)C=C1Cl,0,Cc1ccc(Cl)cc1Cl
OC1=CC=C(Cl)C(Cl)=C1,0,Oc1ccc(Cl)c(Cl)c1
NC1=CC=C(C)C(N)=C1,0,Cc1ccc(N)cc1N
OC1=C(C)C=CC(C)=C1,0,Cc1ccc(C)c(O)c1
O=C(C(OCC)=O)OCC,1,CCOC(=O)C(=O)OCC
ClC1=CC(Cl)=C(Cl)C=C1Cl,0,Clc1cc(Cl)c(Cl)cc1Cl
OC1=CC(Cl)=C(Cl)C=C1Cl,0,Oc1cc(Cl)c(Cl)cc1Cl
C=C(C)C(OCC=C)=O,1,C=CCOC(=O)C(=C)C
C1(C2CO2)=CC=CC=C1,1,c1ccc(C2CO2)cc1
BrCC(Br)CCl,0,ClCC(Br)CBr
ClCC(CCl)Cl,0,ClCC(Cl)CCl
ClCC(CCl)O,1,OC(CCl)CCl
O=C1OCCC1,1,O=C1CCCO1
O=C1OCCO1,1,O=C1OCCO1
NC1=NC=CS1,0,Nc1nccs1
CN1C=CC=C1,1,Cn1cccc1
OC1=CC=C(C(C)(C)C)C=C1C(C)(C)C,0,CC(C)(C)c1ccc(O)c(C(C)(C)C)c1
NC1=CC=C(OC)C=C1N(=O)=O,0,COc1ccc(N)c([N+](=O)[O-])c1
O=N(C1=CC=C(C(N(=O)=O)=C1)Cl)=O,0,O=[N+]([O-])c1ccc(Cl)c([N+](=O)[O-])c1
NC1=CC=C(C=C1N(=O)=O)N(=O)=O,0,Nc1ccc([N+](=O)[O-])cc1[N+](=O)[O-]
OC1=CC=C(Cl)C=C1CC2=C(O)C=CC(Cl)=C2,0,Oc1ccc(Cl)cc1Cc1cc(Cl)ccc1O
CC1=CC=CC=C1NC(NC2=CC=CC=C2C)=N,0,Cc1ccccc1NC(=N)Nc1ccccc1C
C=C(C(OCCCC)=O)C,1,C=C(C)C(=O)OCCCC
OCC1CCCO1,1,OCC1CCCO1
OCC1=CC=CO1,1,OCc1ccco1
O=CC1=CC=CO1,1,O=Cc1ccco1
C(C)(C)(C)c1ccccc1,0,CC(C)(C)c1ccccc1
c(cccc1)(c1)C(Cl)(Cl)Cl,1,ClC(Cl)(Cl)c1ccccc1
O=S(C1=CC=CC=C1)(N)=O,0,NS(=O)(=O)c1ccccc1
ClC1=CC(C(F)(F)F)=CC=C1,0,FC(F)(F)c1cccc(Cl)c1
O=S(=O)(O)c(cccc1N(=O)=O)c1,0,O=[N+]([O-])c1cccc(S(=O)(=O)O)c1
O=S(=O)(O)c(cccc1S(=O)(=O)O)c1,0,O=S(=O)(O)c1cccc(S(=O)(=O)O)c1
CC1=CC=C(C(C)(C)C)C=C1,1,Cc1ccc(C(C)(C)C)cc1
OC1=CC=C(C(C)(C)C)C=C1,0,CC(C)(C)c1ccc(O)cc1
CC1=CCC(C(C)(O)C)CC1,1,CC1=CCC(C(C)(C)O)CC1
O=S(=O)(O)c(ccc(c1)Cl)c1,1,O=S(=O)(O)c1ccc(Cl)cc1
O=S(O)(C1=CC=C(O)C=C1)=O,1,O=S(=O)(O)c1ccc(O)cc1
CC(C)(C)C1=CC=C(C(O)=O)C=C1,0,CC(C)(C)c1ccc(C(=O)O)cc1
C=C(C)C1=CC=CC=C1,0,C=C(C)c1ccccc1
ClC(Cl)C1=CC=CC=C1,1,ClC(Cl)c1ccccc1
O=N(C1=CC=CC=C1)=O,0,O=[N+]([O-])c1ccccc1
O=C(O)c(cccc1O)c1,1,O=C(O)c1cccc(O)c1
O=N(C1=CC=CC(C)=C1)=O,0,Cc1cccc([N+](=O)[O-])c1
NC1=CC=CC(N(=O)=O)=C1,0,Nc1cccc([N+](=O)[O-])c1
OC1=CC=C(C(CC)C)C=C1,0,CCC(C)c1ccc(O)cc1
CC1=CCC(C(C)C)=CC1,1,CC1=CCC(C(C)C)=CC1
CC1=CC=C(C(C)C)C=C1,1,Cc1ccc(C(C)C)cc1
CC(C)C1=CC=C(N)C=C1,0,CC(C)c1ccc(N)cc1
OC1=CC=C(C(O)=O)C=C1,1,O=C(O)c1ccc(O)cc1
O=N(C1=CC=C(C=C1)Cl)=O,0,O=[N+]([O-])c1ccc(Cl)cc1
O=N(C1=CC=C(C=C1)O)=O,0,O=[N+]([O-])c1ccc(O)cc1
ClCC1=CC=C(N(=O)=O)C=C1,0,O=[N+]([O-])c1ccc(CCl)cc1
O=N(C1=CC=C(C=C1)OC)=O,0,COc1ccc([N+](=O)[O-])cc1
c(ccc(c1)C(C)C)(c1)C(C)C,0,CC(C)c1ccc(C(C)C)cc1
OC(C1=CC=C(C(O)=O)C=C1)=O,1,O=C(O)c1ccc(C(=O)O)cc1
N(=O)(=O)c(ccc(N(=O)(=O))c1)c1,0,O=[N+]([O-])c1ccc([N+](=O)[O-])cc1
C=CC1CCC=CC1,0,C=CC1CC=CCC1
CCC1=CC=CC=C1,0,CCc1ccccc1
C=Cc1ccccc1,1,C=Cc1ccccc1
C=CC1=CC=NC=C1,0,C=Cc1ccncc1
N#CC1=CC=CC=C1,1,N#Cc1ccccc1
OCC1=CC=CC=C1,1,OCc1ccccc1
O=CC1=CC=CC=C1,1,O=Cc1ccccc1
N#CC1=CN=CC=C1,0,N#Cc1cccnc1
COC1=CC=CC=C1,1,COc1ccccc1
CCN1CCOCC1,0,CCN1CCOCC1
ClC1=CC=C(NC(NC2=CC=C(Cl)C=C2)=O)C=C1Cl,0,O=C(Nc1ccc(Cl)cc1)Nc1ccc(Cl)c(Cl)c1
C=C(C(OC1CCCCC1)=O)C,1,C=C(C)C(=O)OC1CCCCC1
CCCCCCCCC(C=C1)=CC=C1NC2=CC=C(CCCCCCCC)C=C2,0,CCCCCCCCc1ccc(Nc2ccc(CCCCCCCC)cc2)cc1
C1(NC2CCCCC2)CCCCC1,1,
O=C(C)CC(NC1=CC=CC=C1)=O,1,CC(=O)CC(=O)Nc1ccccc1
OC(CN(CCN(CC(O)C)CC(C)O)CC(O)C)C,0,CC(O)CN(CCN(CC(C)O)CC(C)O)CC(C)O
C=CCN(CC=C)CC=C,0,C=CCN(CC=C)CC=C
OCCN(CCO)CCO,0,OCCN(CCO)CCO
O=C(OCC(OC(=O)C)COC(=O)C)C,1,CC(=O)OCC(COC(C)=O)OC(C)=O
O(CCN(SC(=Nc(c1ccc2)c2)S1)C3)C3,0,c1ccc2sc(SN3CCOCC3)nc2c1
OCCN(CCCC)CCCC,0,CCCCN(CCO)CCCC
CCCCN(CCCC)CCCC,0,CCCCN(CCCC)CCCC
C=CC(OCC(CCCC)CC)=O,1,C=CC(=O)OCC(CC)CCCC
O=C(OCC(CC)CCCC)CCCCCCCC(OCC(CC)CCCC)=O,1,CCCCC(CC)COC(=O)CCCCCCCC(=O)OCC(CC)CCCC
BrC=CC1=CC=CC=C1,0,BrC=Cc1ccccc1
CCNC1=CC=CC=C1,0,CCNc1ccccc1
CCOC1=CC=CC=C1,1,CCOc1ccccc1
CN(C)CC1=CC=CC=C1,0,CN(C)Cc1ccccc1
O=C(C)NC1=CC=CC=C1,1,CC(=O)Nc1ccccc1
CC1=CC=C(S(O)(=O)=O)C=C1,1,
NC1=CC=C(CCCCCCCCCCCC)C=C1,1,CCCCCCCCCCCCc1ccc(N)cc1
CCCCC(CC)CO,1,CCCCC(CC)CO
CC1=CC=C(C=O)C=C1,1,Cc1ccc(C=O)cc1
NC1=CC=C(OC)C=C1,1,COc1ccc(N)cc1
c(ccc(c1)CC)(c1)CC,0,CCc1ccc(CC)cc1
c(ccc(c1)C=C)(c1)C=C,0,C=Cc1ccc(C=C)cc1
CCN(CC)CCOC(C(C)=C)=O,1,C=C(C)C(=O)OCCN(CC)CC
C=COC(CC)=O,1,C=COC(=O)CC
CC(CC)OC(C)=O,1,CCC(C)OC(C)=O
O=C(OCC)CC(OCC)=O,1,CCOC(=O)CC(=O)OCC
OC1=C(C)C=C(C)C=C1,1,Cc1ccc(O)c(C)c1
OC(CCCCCCCCCCC(O)=O)CCCCCC,1,CCCCCCC(O)CCCCCCCCCCC(=O)O
CC(C)=CCCC(C)=CCO,1,CC(C)=CCCC(C)=CCO
OC1=CC=C(Br)C=C1,0,Oc1ccc(Br)cc1
Cc1ccc(C)cc1,1,Cc1ccc(C)cc1
ClC1=CC=C(Cl)C=C1,0,Clc1ccc(Cl)cc1
NC1=CC=C(Cl)C=C1,0,Nc1ccc(Cl)cc1
OC1=CC=C(Cl)C=C1,0,Oc1ccc(Cl)cc1
NC1=CC=C(C)C=C1,1,Cc1ccc(N)cc1
O=C(CCC(OC)=O)OC,1,COC(=O)CCC(=O)OC
CCC1CO1,1,CCC1CO1
ClCC1CO1,0,ClCC1CO1
BrCCBr,0,BrCCBr
CCCBr,1,CCCBr
C(CC)C,1,CCCC
ClCCCl,0,ClCCCl
NCCN,1,NCCN
C=CCO,1,C=CCO
OCC#C,1,C#CCO
ClCOC,1,COCCl
O=P(OCCCC)(OCCCC)O,0,CCCCOP(=O)(O)OCCCC
OS(CCNC)(=O)=O,1,CNCCS(=O)(=O)O
CC(C)CCC,1,CCCC(C)C
O=C(O)CCC,1,CCCC(=O)O
COCC(C)O,1,COCC(C)O
CN(CCO)C,1,CN(C)CCO
CC(OC=C)=O,1,C=COC(C)=O
CC(C)OC(C)C,0,CC(C)OC(C)C
ClC(OC(C)C)=O,0,CC(C)OC(=O)Cl
Cc1cccc(C)c1,1,Cc1cccc(C)c1
Oc(cccc1C)c1,1,Cc1cccc(O)c1
OC1=CC=CC(Cl)=C1,0,Oc1cccc(Cl)c1
CC1=CC=CC(N)=C1,0,Cc1cccc(N)c1
NC1=CC=CC(N)=C1,0,Nc1cccc(N)c1
CC(CCl)OC(CCl)C,0,CC(CCl)OC(C)CCl
CC1OC(C)OC(C)OC(C)O1,0,CC1OC(C)OC(C)OC(C)O1
CC1=CC(C)=CC(C)=C1,0,Cc1cc(C)cc(C)c1
c(cc(cc1Cl)Cl)(c1)Cl,0,Clc1cc(Cl)cc(Cl)c1
NC1=NC(N)=NC(N)=N1,0,Nc1nc(N)nc(N)n1
BrC1=CC=CC=C1,0,Brc1ccccc1
ClC1=CC=CC=C1,0,Clc1ccccc1
OC1CCCCC1,1,OC1CCCCC1
OC1=CC=CC=C1,1,Oc1ccccc1
n(ccc(O)c1)c1,1,Oc1ccncc1
SC1=CC=CC=C1,0,Sc1ccccc1
CC1=CN=CC=C1,0,Cc1cccnc1
OC1=CN=CC=C1,1,Oc1cccnc1
CC1=CC=CC=N1,1,Cc1ccccn1
ClC1=CC=CC=N1,0,Clc1ccccn1
O=C(O)CCCC,1,CCCCC(=O)O
CC(OCCC)=O,1,CCCOC(C)=O
CCCCC,1,CCCCC
ClCCCC,0,CCCCCl
OCCNC,1,CNCCO
OCCOC,1,COCCO
CCNCC,1,CCNCC
C1=CC=CN1,1,c1cc[nH]c1
C1COCC1,1,C1CCOC1
C1=CC=CO1,0,c1ccoc1
C1=CC=CS1,0,c1ccsc1
OC(CCC(O)=O)=O,1,O=C(O)CCC(=O)O
O=C(O)C=CC(O)=O,1,
O=C(O)C=CC(O)=O,1,
CCCCCCCCCCCCCCCCCC(NCCNC(CCCCCCCCCCCCCCCCC)=O)=O,0,CCCCCCCCCCCCCCCCCC(=O)NCCNC(=O)CCCCCCCCCCCCCCCCC
CC=CC=CC(O)=O,1,CC=CC=CC(=O)O
COCCOC(C)=O,1,COCCOC(C)=O
CCCCCBr,0,CCCCCBr
C1CCCCC1,0,C1CCCCC1
CC(C)=CCCC(C)=O,1,CC(=O)CCC=C(C)C
CC(C)CNCC(C)C,1,CC(C)CNCC(C)C
CC(O)CNCC(O)C,1,CC(O)CNCC(C)O
OC(C)COCC(C)O,0,CC(O)COCC(C)O
CC(C)CCCC(C)CCCC(C)CCCCC(C)CCCC(C)CCCC(C)C,0,CC(C)CCCC(C)CCCC(C)CCCCC(C)CCCC(C)CCCC(C)C
O=C(O)CCCCCC,1,CCCCCCC(=O)O
CC(OCCOCC)=O,1,CCOCCOC(C)=O
CN(CCCCCCN(C)C)C,0,CN(C)CCCCCCN(C)C
O=C(O)CCCCCCCCC(O)=O,1,O=C(O)CCCCCCCCC(=O)O
OCCCCCC,1,CCCCCCO
OCCCCCO,1,OCCCCCO
O=CCCCC=O,0,O=CCCCC=O
NCCNCCN,0,NCCNCCN
NCCNCCO,0,NCCNCCO
OCCNCCO,1,OCCNCCO
OCCOCCO,1,OCCOCCO
OCCSCCO,0,OCCSCCO
C(CCCCCC)C,1,CCCCCCCC
OCCCCCCC,1,CCCCCCCO
OCCOCCCC,1,CCCCOCCO
CCCCCCCCCCCC(OC)=O,1,CCCCCCCCCCCC(=O)OC
CCCCCCCCO,1,CCCCCCCCO
CCCCNCCCC,1,CCCCNCCCC
O=C(O)CCCCCCCC,1,CCCCCCCCC(=O)O
CC(OCCOCCOCC)=O,1,CCOCCOCCOC(C)=O
CCCCCCCCCCCCN(C)C,1,CCCCCCCCCCCCN(C)C
ClCCOCCOCCCl,0,ClCCOCCOCCCl
OCCCCCCCCCC,1,CCCCCCCCCCO
OCCOCCOCCOC,1,COCCOCCOCCO
O=C(O)CCCCCCCCCC,1,CCCCCCCCCCC(=O)O
C(CCCCCCCCCC)C,1,CCCCCCCCCCCC
OCCCCCCCCCCCC,1,CCCCCCCCCCCCO
CCCCCCCCC=CCCCCCCCC(OC)=O,1,CCCCCCCCC=CCCCCCCCC(=O)OC
CCCCCCCCCCCCCO,1,CCCCCCCCCCCCCO
OCCCCCCCCCCCCCC,1,CCCCCCCCCCCCCCO
CCCCCCCCC=CCCCCCCCC(O)=O,1,CCCCCCCCC=CCCCCCCCC(=O)O
CCCCCCCCC=CCCCCCCCCN,0,CCCCCCCCC=CCCCCCCCCN
CCCCCCCCCCCCCCCCCCCC,1,CCCCCCCCCCCCCCCCCCCC
CNC(OC1=CC=CC=C1OC(C)C)=O,0,CNC(=O)Oc1ccccc1OC(C)C
COC,0,COC
ClC12C(Cl)=C(Cl)C(Cl)(C2(Cl)Cl)C(C(O)=O)C1C(O)=O,0,O=C(O)C1C(C(=O)O)C2(Cl)C(Cl)=C(Cl)C1(Cl)C2(Cl)Cl
ClC1=CC=C(C(O)(C(Cl)(Cl)Cl)C2=CC=C(Cl)C=C2)C=C1,0,OC(c1ccc(Cl)cc1)(c1ccc(Cl)cc1)C(Cl)(Cl)Cl
CCC(N)(CO)CO,0,CCC(N)(CO)CO
O=C1C2=C(C=CC(N)=C2)C(C3=C1C=CC=C3)=O,0,Nc1ccc2c(c1)C(=O)c1ccccc1C2=O
O=C(c1ccccc1C(OCC(CCCC)CC)=O)OCC(CCCC)CC,1,CCCCC(CC)COC(=O)c1ccccc1C(=O)OCC(CC)CCCC
ClC1=C(C)C(Cl)=CC=C1,0,Cc1c(Cl)cccc1Cl
ClC1=C(Cl)C(Cl)=C(Cl)C(Cl)=C1Cl,0,Clc1c(Cl)c(Cl)c(Cl)c(Cl)c1Cl
OC1=C(Br)C=C(Br)C=C1Br,1,Oc1c(Br)cc(Br)cc1Br
O=N(C1=CC=C(C=C1C(F)(F)F)Cl)=O,0,O=[N+]([O-])c1ccc(Cl)cc1C(F)(F)F
CC1=C(C(O)=O)C=CC=C1,1,Cc1ccccc1C(=O)O
OC1=CC=C(C=C1N(=O)=O)C,0,Cc1ccc(O)c([N+](=O)[O-])c1
C1(CCCC2)=C2C=CC=C1,0,c1ccc2c(c1)CCCC2
OC(C1=CC=CC=C1NC)=O,1,CNc1ccccc1C(=O)O
O(c(c(N)ccc1c(ccc(N)c2OC)c2)c1)C,0,COc1cc(-c2ccc(N)c(OC)c2)ccc1N
CC1=C(N)C=CC(C2=CC(C)=C(N)C=C2)=C1,0,Cc1cc(-c2ccc(N)c(C)c2)ccc1N
C1(C=C(C=CC=C2)C2=C3)=C3C=CC=C1,0,c1ccc2cc3ccccc3cc2c1
O=CC1=CC=C(OC)C(OC)=C1,1,COc1ccc(C=O)cc1OC
O=C(N(CCO)CCO)CCCCCCCCCCC,1,CCCCCCCCCCCC(=O)N(CCO)CCO
O=C(OCC1=CC=CC=C1)C2=CC=CC=C2,1,O=C(OCc1ccccc1)c1ccccc1
O=C(ON=C(C=C1)C=CC1=NOC(C2=CC=CC=C2)=O)C3=CC=CC=C3,0,O=C(ON=C1C=CC(=NOC(=O)c2ccccc2)C=C1)c1ccccc1
O=CC1=CC=C(OCO2)C2=C1,1,O=Cc1ccc2c(c1)OCO2
COC(C1=CC=C(C(OC)=O)C=C1)=O,1,COC(=O)c1ccc(C(=O)OC)cc1
NC1=CC(C)=CC=C1OC,0,COc1ccc(C)cc1N
C12=CC=CC=C1C=CN2,1,c1ccc2[nH]ccc2c1
C12=C(N=C(SSC3=NC(C=CC=C4)=C4S3)S2)C=CC=C1,0,c1ccc2sc(SSc3nc4ccccc4s3)nc2c1
OC1=CC=CC=C1O,1,Oc1ccccc1O
c(ccc(c1Cl)Cl)(c1)Cl,0,Clc1ccc(Cl)c(Cl)c1
OC1=CC=C(Cl)C=C1Cl,0,Oc1ccc(Cl)cc1Cl
CC1=CC=C(C=C1S(=O)(O)=O)N(=O)=O,0,Cc1ccc([N+](=O)[O-])cc1S(=O)(=O)O
O=CC1=CC(OCC)=C(O)C=C1,1,CCOc1cc(C=O)ccc1O
OC1=CC=C(C=O)C=C1OC,1,COc1cc(C=O)ccc1O
CCN(CC)CC,0,CCN(CC)CC
NC1=CC=CC(S(=O)(O)=O)=C1,0,Nc1cccc(S(=O)(=O)O)c1
O=C(O)c(cccc1S(=O)(=O)O)c1,0,O=C(O)c1cccc(S(=O)(=O)O)c1
O=C(Nc(ccc(S(=O)(=O)O)c1)c1)C,0,CC(=O)Nc1ccc(S(=O)(=O)O)cc1
CCOC(CC(C(OCC)=O)SP(OC)(OC)=S)=O,0,CCOC(=O)CC(SP(=S)(OC)OC)C(=O)OCC
O=N(C1=CC(Cl)=C(C=C1)C)=O,0,Cc1ccc([N+](=O)[O-])cc1Cl
ClC1=CC(N(=O)=O)=CC=C1N,0,Nc1ccc([N+](=O)[O-])cc1Cl
OC(C1=CC=CC(C(O)=O)=C1)=O,1,O=C(O)c1cccc(C(=O)O)c1
O=C(C1=CC=CC(N(=O)=O)=C1)O,0,O=C(O)c1cccc([N+](=O)[O-])c1
ClC1=CC=C(C(Cl)=O)C=C1,0,O=C(Cl)c1ccc(Cl)cc1
CC1=CC(OP(OC)(OC)=S)=CC=C1N(=O)=O,0,COP(=S)(OC)Oc1ccc([N+](=O)[O-])c(C)c1
CC(O)CN(CC(O)C)CC(O)C,0,CC(O)CN(CC(C)O)CC(C)O
ClC1=NC(NCC)=NC(NCC)=N1,0,CCNc1nc(Cl)nc(NCC)n1
C1(NC2=CC=CC=C2)=CC=CC=C1,0,c1ccc(Nc2ccccc2)cc1
CC(C=CC1=CC=CC=C1)=O,0,CC(=O)C=Cc1ccccc1
CC(NC1=CC=C(N)C=C1)=O,1,CC(=O)Nc1ccc(N)cc1
OC1=CC=C(CC)C=C1,1,CCc1ccc(O)cc1
OC1=CC=C(C=C1)N,0,Nc1ccc(O)cc1
OC1=CC=C(O)C=C1,1,Oc1ccc(O)cc1
O=C(NN1)C=CC1=O,0,O=c1ccc(=O)[nH][nH]1
C=CCOCC(CO)O,0,C=CCOCC(O)CO
CC(CC(C)=O)=O,1,CC(=O)CC(C)=O
CC1OC(C)OC(C)O1,0,CC1OC(C)OC(C)O1
CCCC=O,1,CCCC=O
O=C(O)CCCCC(O)=O,1,O=C(O)CCCCC(=O)O
O=C(O)CCCCCCC,1,CCCCCCCC(=O)O
NCCCCCCN,1,NCCCCCCN
CCCCOCCOCCOC(C)=O,1,CCCCOCCOCCOC(C)=O
CCCCCCCCC=O,0,CCCCCCCCC=O
CNC,1,CNC
CC(N)(C)CO,0,CC(C)(N)CO
BrC(F)(F)C(F)(F)Br,0,FC(F)(Br)C(F)(F)Br
O=S1(CCCC1)=O,0,O=S1(=O)CCCC1
C=C(C#N)C,1,C=C(C)C#N
CC(O[Na])=O,1,CC(=O)[O][Na]
ClC(Cl)(C(COCC(Cl)C(Cl)(Cl)Cl)Cl)Cl,0,ClC(COCC(Cl)C(Cl)(Cl)Cl)C(Cl)(Cl)Cl
S=C(S[Na])N(C)C,0,CN(C)C(=S)[S][Na]
O=C1C=CC(C2=C1C=CC=C2)=O,0,O=C1C=CC(=O)c2ccccc21
O=C(C1=CC=C(O)C=C1O)C2=CC=CC=C2,0,O=C(c1ccccc1)c1ccc(O)cc1O
O=C(C1=C(O)C=C(OC)C=C1)C2=CC=CC=C2,0,COc1ccc(C(=O)c2ccccc2)c(O)c1
C12=C(OC3=C2C=CC=C3)C=CC=C1,0,c1ccc2c(c1)oc1ccccc12
C1(SC2=C3C=CC=C2)=C3C=CC=C1,0,c1ccc2c(c1)sc1ccccc12
ClC(Cl)(Cl)SN(C1=O)C(C2C1CC=CC2)=O,0,O=C1C2CC=CCC2C(=O)N1SC(Cl)(Cl)Cl
CC1=CC(C(N(CC)CC)=O)=CC=C1,0,CCN(CC)C(=O)c1cccc(C)c1
OC1=CC2=C(C=C1)C=CC=C2,1,Oc1ccc2ccccc2c1
C1(NC2=CC=CC=C2)=CC3=C(C=C1)C=CC=C3,0,c1ccc(Nc2ccc3ccccc3c2)cc1
O=C(N(CCO)CCO)CCCCCCCCC,1,CCCCCCCCCC(=O)N(CCO)CCO
OC1=CC(OC(C2=CC=CC=C2)=O)=CC=C1,1,O=C(Oc1cccc(O)c1)c1ccccc1
CCCOC(C1=CC=C(C(OCCC)=O)C=N1)=O,0,CCCOC(=O)c1ccc(C(=O)OCCC)nc1
O=S(=O)(O)c(ccc(N(=O)(=O))c1)c1,0,O=[N+]([O-])c1ccc(S(=O)(=O)O)cc1
CC1=CCC(C(C)=C)CC1,1,C=C(C)C1CC=C(C)CC1
OCCN(CC)CCO,0,CCN(CCO)CCO
O=C(C)OCC1=CC=CC=C1,1,CC(=O)OCc1ccccc1
N#CCC1=CC=CC=C1,1,N#CCc1ccccc1
C=CC(OCC)=O,1,C=CC(=O)OCC
O=C(OCC(CCCC)CC)C=CC(OCC(CC)CCCC)=O,1,CCCCC(CC)COC(=O)C=CC(=O)OCC(CC)CCCC
C=CC(OCCCC)=O,1,C=CC(=O)OCCCC
OCCN,1,NCCO
O=CO[Na],1,O=C[O][Na]
CC(OCC)=O,1,CCOC(C)=O
CC(C)=CC(C)=O,1,CC(=O)C=C(C)C
c(cccc1CC)(c1)CC,0,CCc1cccc(CC)c1
OC1=CC=CC=N1,1,Oc1ccccn1
N[C@H](C(O)=O)CCC(O[Na])=O,1,N[C@@H](CCC(=O)[O][Na])C(=O)O
O=C(O)CCCCC,1,CCCCCC(=O)O
CCCCCCCCC=CCCCCCCCC(OCCCC)=O,1,CCCCCCCCC=CCCCCCCCC(=O)OCCCC
N(CCC)CCC,1,CCCNCCC
CCCCOCCCC,0,CCCCOCCCC
OCCCCCCCCC,1,CCCCCCCCCO
CCCCCCCCC=CCCCCCCCCO,1,CCCCCCCCC=CCCCCCCCCO
CC(C(C(C)(CO)C)O)C,1,CC(C)C(O)C(C)(C)CO
NC(CI)=O,0,NC(=O)CI
CNC(SN)=S,0,CNC(=S)SN
OC1=C(N=CC=C2)C2=CC=C1,0,Oc1cccc2cccnc12
SC1=NC2=C(S1)C=CC=C2,0,Sc1nc2ccccc2s1
NC1=CC=C(C(O)=O)C=C1,1,Nc1ccc(C(=O)O)cc1
NC(CC1=CC=CC=C1)C(O)=O,1,NC(Cc1ccccc1)C(=O)O
OC1=CC=C(OC)C=C1,1,COc1ccc(O)cc1
O(c(ccc(OC)c1)c1)C,1,COc1ccc(OC)cc1
[Na]OC(CCC(O[Na])=O)=O,1,O=C(CCC(=O)[O][Na])[O][Na]
O(c(cccc1OC)c1)C,1,COc1cccc(OC)c1
O=S(OCCCCCCCCCCCC)(O[Na])=O,1,CCCCCCCCCCCCOS(=O)(=O)[O][Na]
NC1=CC=C(OCC)C=C1,0,CCOc1ccc(N)cc1
NCCCO,0,NCCCO
N1(CC2)CCN2CC1,0,C1CN2CCN1CC2
C1=CN=CN1,1,c1c[nH]cn1
C1CCCCCCCCCCC1,0,C1CCCCCCCCCCC1
CCOP(OCC)(S)=S,0,CCOP(=S)(S)OCC
CCCCC(CC)COP(OCC(CC)CCCC)(O)=O,0,CCCCC(CC)COP(=O)(O)OCC(CC)CCCC
O=C(O)C=O,1,O=CC(=O)O
COC1=C(OC2=O)C(C=C2)=CC3=C1OC=C3,0,COc1c2occc2cc2ccc(=O)oc12
CCCCCCCCC=CCCCCCCCC(N)=O,0,CCCCCCCCC=CCCCCCCCC(N)=O
NN,0,NN
FC(F)(F)C(Cl)Cl,0,FC(F)(F)C(Cl)Cl
FC1(C(F)(C(C(C(F)(C1(F)F)F)(C(F)(F)F)F)(C(F)(F)F)F)F)F,0,FC(F)(F)C1(F)C(F)(F)C(F)(F)C(F)(F)C(F)(F)C1(F)C(F)(F)F
FC(F)(C(F)(C(F)(C(F)(C(F)(C(F)(C(F)(C(F)(C(F)(C(F)(C(F)(C(O)=O)F)F)F)F)F)F)F)F)F)F)F,0,O=C(O)C(F)(F)C(F)(F)C(F)(F)C(F)(F)C(F)(F)C(F)(F)C(F)(F)C(F)(F)C(F)(F)C(F)(F)C(F)(F)F
FC(C(F)(C(F)(C(F)(C(F)(C(F)(C(F)(C(F)(C(F)(C(F)(CO)F)F)F)F)F)F)F)F)F)F,0,OCC(F)(F)C(F)(F)C(F)(F)C(F)(F)C(F)(F)C(F)(F)C(F)(F)C(F)(F)C(F)(F)C(F)F
FC(F)(C(F)(C(F)(C(F)(N(C(F)(C(C(F)(F)C(F)(F)F)(F)F)F)C(F)(C(C(F)(F)C(F)(F)F)(F)F)F)F)F)F)F,0,FC(F)(F)C(F)(F)C(F)(F)C(F)(F)N(C(F)(F)C(F)(F)C(F)(F)C(F)(F)F)C(F)(F)C(F)(F)C(F)(F)C(F)(F)F
ClC(C(Cl)=C1)=CC=C1NC(N(OC)C)=O,0,CON(C)C(=O)Nc1ccc(Cl)c(Cl)c1
CC(C)C1=NC(OP(OCC)(OCC)=S)=CC(C)=N1,0,CCOP(=S)(OCC)Oc1cc(C)nc(C(C)C)n1
FC(C(F)(C(F)(C(F)(C(F)(C(F)(CO)F)F)F)F)F)F,0,OCC(F)(F)C(F)(F)C(F)(F)C(F)(F)C(F)(F)C(F)F
CC(CC)(c1ccc(OC(CC)C(Nc2cc(O)c(NC(C(F)(C(F)(C(F)(F)F)F)F)=O)cc2)=O)c(C(CC)(C)C)c1)C,0,CCC(Oc1ccc(C(C)(C)CC)cc1C(C)(C)CC)C(=O)Nc1ccc(NC(=O)C(F)(F)C(F)(F)C(F)(F)F)c(O)c1
O=C(N)C1=C(N)N=CN1,0,NC(=O)c1[nH]cnc1N
OC(CC#N)=O,1,N#CCC(=O)O
FC(F)(C(F)(C(F)(C(F)(C(F)(C(F)(C(F)(C(F)(C(F)(C(F)(C(F)(C(F)(C(F)(C(O)=O)F)F)F)F)F)F)F)F)F)F)F)F)F,0,O=C(O)C(F)(F)C(F)(F)C(F)(F)C(F)(F)C(F)(F)C(F)(F)C(F)(F)C(F)(F)C(F)(F)C(F)(F)C(F)(F)C(F)(F)C(F)(F)F
F[Sn](C1=CC=CC=C1)(C2=CC=CC=C2)C3=CC=CC=C3,0,[F][Sn]([c]1ccccc1)([c]1ccccc1)[c]1ccccc1
NC(NC#N)=N,0,N#CNC(=N)N
OC(C(C(C1C2)(C)C)(C2)C)C1,1,CC1(C)C2CCC1(C)C(O)C2
C(=C(C(C1(Cl)Cl)(C(C(C=CC23)C2)C34)Cl)Cl)(C14Cl)Cl,0,ClC1=C(Cl)C2(Cl)C3C4C=CC(C4)C3C1(Cl)C2(Cl)Cl
NC1=CC=CC2=C1C(N)=CC=C2,0,Nc1cccc2cccc(N)c12
O=C1C(NC2=C1C=CC=C2)=C(C3=O)NC4=C3C=CC=C4,0,O=C1C(=C2Nc3ccccc3C2=O)Nc2ccccc21
CC1=C(N(C(C=CC)=O)CC)C=CC=C1,0,CC=CC(=O)N(CC)c1ccccc1C
OC(CNC(C1=CC=CC=C1)=O)=O,1,O=C(O)CNC(=O)c1ccccc1
OC(C1=CC=CC(C(O)=O)=N1)=O,1,O=C(O)c1cccc(C(=O)O)n1
C(#CC)C,0,CC#CC
CC1CCCC(C)N1,0,CC1CCCC(C)N1
NC1=CC=NC=C1,0,Nc1ccncc1
NC1=CC=CC=N1,0,Nc1ccccn1
O=C(CCCCCCCCCCCCCCCCC)CCCCCCCCCCCCCCCCC,0,CCCCCCCCCCCCCCCCCC(=O)CCCCCCCCCCCCCCCCC
CC12CCC(C(C)2C)C[C@H]1O,1,CC1(C)C2CCC1(C)[C@H](O)C2
CC(C1C(OCC1)=O)=O,1,CC(=O)C1CCOC1=O
CC(O1)=CC(C(C(C)=O)C1=O)=O,1,CC(=O)C1C(=O)C=C(C)OC1=O
CC1=C(C(C)=CC=C1)C,0,Cc1cccc(C)c1C
BrC(C(O)=O)C(C(O)=O)Br,0,O=C(O)C(Br)C(Br)C(=O)O
OC1=C(C)C=C(C)C=C1C,0,Cc1cc(C)c(O)c(C)c1
Sc(c(c(ccc1)cc2)c1)c2,0,Sc1cccc2ccccc12
O=C(O)c(cccc1Cl)c1,1,O=C(O)c1cccc(Cl)c1
OCc(ccc(c1)C(C)C)c1,1,CC(C)c1ccc(CO)cc1
CC(C1=CC=C(C(O)=O)C=C1)C,1,CC(C)c1ccc(C(=O)O)cc1
NC1=CC(OC)=CC=C1,0,COc1cccc(N)c1
C(=CCl)Cl,0,ClC=CCl
CC(C)(C)CC(C)C,0,CC(C)CC(C)(C)C
ClC1CCCCC1,0,ClC1CCCCC1
C(=CCl)CCl,0,ClC=CCCl
CC(CCOCCC(C)C)C,0,CC(C)CCOCCC(C)C
O=N(C1=CC=CC(OC)=C1)=O,0,COc1cccc([N+](=O)[O-])c1
OCC1CO1,1,OCC1CO1
CN=C=S,0,CN=C=S
Cc1ccc(C)c2ccccc21,0,Cc1ccc(C)c2ccccc12
OC1=C(C)C=CC=C1C,0,Cc1cccc(C)c1O
O=C(CC(S(=O)(O[Na])=O)C(OCC(CCCC)CC)=O)OCC(CC)CCCC,0,CCCCC(CC)COC(=O)CC(C(=O)OCC(CC)CCCC)S(=O)(=O)[O][Na]
O=C(O)c(c(OC)ccc1)c1,1,COc1ccccc1C(=O)O
CC1=C(C)C=C2C=CC=CC2=C1,1,Cc1cc2ccccc2cc1C
C1(C)C(C)CCCC1,0,CC1CCCCC1C
CCC(O)CO,1,CCC(O)CO
C=C(C)C(OC(C)(C)C)=O,0,C=C(C)C(=O)OC(C)(C)C
OC1=CC(C(C)(C)C)=CC=C1,0,CC(C)(C)c1cccc(O)c1
O=C(O)c(cccc1OC)c1,1,COc1cccc(C(=O)O)c1
CC(C)=C1CCC(C)=CC1,1,CC1=CCC(=C(C)C)CC1
O=C(CCO)C,1,CC(=O)CCO
OC1=CC=CC(Br)=C1,0,Oc1cccc(Br)c1
OC1=CC=CC(N)=C1,0,Nc1cccc(O)c1
OC1=CC(Cl)=CC(Cl)=C1,0,Oc1cc(Cl)cc(Cl)c1
CCCCC=C,1,C=CCCCC
C(CCCCCCCCCCCCCCCC)C,1,CCCCCCCCCCCCCCCCCC
ClCC1(C)CO1,0,CC1(CCl)CO1
OC(C=C)C,1,C=CC(C)O
ClC(C(O)=O)C,1,CC(Cl)C(=O)O
NC1=CC(S(=O)(C2=CC(N)=CC=C2)=O)=CC=C1,0,Nc1cccc(S(=O)(=O)c2cccc(N)c2)c1
O=C(C1=C(C(OC)=O)C=CC=C1)C2=CC=CC=C2,0,COC(=O)c1ccccc1C(=O)c1ccccc1
OC1=C(C(Br)=C(C(Br)=C1Br)Br)Br,0,Oc1c(Br)c(Br)c(Br)c(Br)c1Br
ClC1=C(Cl)C(Cl)=C(Cl)C(Cl)=C1,0,Clc1cc(Cl)c(Cl)c(Cl)c1Cl
O=N(C1=C(C=CC(C)=C1)N(=O)=O)=O,0,Cc1ccc([N+](=O)[O-])c([N+](=O)[O-])c1
O=N(C1=C(C=C(C=C1)Cl)Cl)=O,0,O=[N+]([O-])c1ccc(Cl)cc1Cl
CC1=CC=CC=C1NC,0,CNc1ccccc1C
OC1=CC=C(Br)C=C1Br,0,Oc1ccc(Br)cc1Br
Oc(ccc(c1Cl)C)c1,0,Cc1ccc(O)cc1Cl
OC(C(N)CC(O)=O)=O,1,NC(CC(=O)O)C(=O)O
OC(CC(O)C(O)=O)=O,1,O=C(O)CC(O)C(=O)O
OS(=O)c1ccccc1,0,O=S(O)c1ccccc1
OC(C=C1)=CC=C1CC2=CC=C(O)C=C2,0,Oc1ccc(Cc2ccc(O)cc2)cc1
ClCCC1=CC=CC=C1,0,ClCCc1ccccc1
CCNC1=CC=C(C)C=C1,0,CCNc1ccc(C)cc1
N#CC1=CC=C(C#N)C=C1,0,N#Cc1ccc(C#N)cc1
O=C(C=CC(OCC)=O)OCC,1,CCOC(=O)C=CC(=O)OCC
OCC=C(CCC=C(C)C)C,1,CC(C)=CCCC(C)=CCO
COC(C=CC(OC)=O)=O,1,COC(=O)C=CC(=O)OC
CSSC,0,CSSC
N#CC1=CC=CC(C#N)=C1,0,N#Cc1cccc(C#N)c1
CC(CC)NC(C)CC,0,CCC(C)NC(C)CC
OC1=CC=NC=C1,1,Oc1ccncc1
CN1CCCCC1,0,CN1CCCCC1
OC(CO)COCC(O)CO,0,OCC(O)COCC(O)CO
O=C(CCCCCCCCCCCCCCCCC)OCCOC(CCCCCCCCCCCCCCCCC)=O,1,CCCCCCCCCCCCCCCCCC(=O)OCCOC(=O)CCCCCCCCCCCCCCCCC
CCCCCCCCCCCCCCCC(N)=O,0,CCCCCCCCCCCCCCCC(N)=O
CCCCCCCCCCCCCCC,1,CCCCCCCCCCCCCCC
CCCCCCCCCCCCCCC=C,1,C=CCCCCCCCCCCCCCC
OCCCCCCCCCCCCCCC,1,CCCCCCCCCCCCCCCO
O(CCCCCCCC)CCCCCCCC,1,CCCCCCCCOCCCCCCCC
C(CCCCCCCCCCCCCCCCCCC)C,1,CCCCCCCCCCCCCCCCCCCCC
C(CCCCCCCCCCCCCCCCCCCC)C,1,CCCCCCCCCCCCCCCCCCCCCC
C(CCCCCCCCCCCCCCCCCCCCCCC)C,1,CCCCCCCCCCCCCCCCCCCCCCCCC
C(CCCCCCCCCCCCCCCCCCCCCCCCCC)C,1,CCCCCCCCCCCCCCCCCCCCCCCCCCCC
C(CCCCCCCCCCCCCCCCCCCCCCCCCCCCCCCCCC)C,1,CCCCCCCCCCCCCCCCCCCCCCCCCCCCCCCCCCCC
C(C)CCCCCCCCCCCCCCCCCCCCCCCCCCCCCCCCC,1,CCCCCCCCCCCCCCCCCCCCCCCCCCCCCCCCCCC
O=C(O)c(c(S(=O)(=O)O)ccc1)c1,0,O=C(O)c1ccccc1S(=O)(=O)O
ClC1=CC=C(Cl)C(Cl)=C1Cl,0,Clc1ccc(Cl)c(Cl)c1Cl
NC1=C(Cl)C=C(Cl)C=C1Cl,0,Nc1c(Cl)cc(Cl)cc1Cl
CC(O[Mn]OC(C)=O)=O,1,CC(=O)[O][Mn][O]C(C)=O
C(CCCCCCCCCCCCCCCCCCCCCCCCCCCC)C,1,CCCCCCCCCCCCCCCCCCCCCCCCCCCCCC
O=CC(=CCCC)CC,1,CCCC=C(C=O)CC
C=C(C1)OC1=O,1,C=C1CC(=O)O1
FC(F)(F)C(F)(C(F)(C(F)(C(F)(C(F)(C(F)(C(F)(CCO)F)F)F)F)F)F)F,0,OCCC(F)(F)C(F)(F)C(F)(F)C(F)(F)C(F)(F)C(F)(F)C(F)(F)C(F)(F)F
CCC(CCCC)COC(C(C)=C)=O,1,C=C(C)C(=O)OCC(CC)CCCC
C=CCC(C)C,0,C=CCC(C)C
Cc1ccc(N(=O)=O)c(O)c1,0,Cc1ccc([N+](=O)[O-])c(O)c1
O=CC1=C2C=CC=CC2=CC=C1O,1,O=Cc1c(O)ccc2ccccc12
CCC(NC1=CC=C(C(Cl)=C1)Cl)=O,0,CCC(=O)Nc1ccc(Cl)c(Cl)c1
CC(C)(C)C1=CC(C(C)(C)C)=CC(C(C)(C)C)=C1O,0,CC(C)(C)c1cc(C(C)(C)C)c(O)c(C(C)(C)C)c1
C=CC(CCl)Cl,0,C=CC(Cl)CCl
ClC1=C(NNC2=C(Cl)C=CC=C2)C=CC=C1,0,Clc1ccccc1NNc1ccccc1Cl
CC(C)CC(C)NC1=CC=C(NC2=CC=CC=C2)C=C1,0,CC(C)CC(C)Nc1ccc(Nc2ccccc2)cc1
CC(O)C(O[Ca]OC(C(O)C)=O)=O,1,CC(O)C(=O)[O][Ca][O]C(=O)C(C)O
OC(CCCCCCCCCCCCC(O)=O)=O,1,O=C(O)CCCCCCCCCCCCC(=O)O
O=C(O[Na])CCCCCCCCCCCCCCCCC,1,CCCCCCCCCCCCCCCCCC(=O)[O][Na]
CC1=CC=C(S(O[Na])=O)C=C1,1,Cc1ccc(S(=O)[O][Na])cc1
CC1(CC(CC(C)(N1)C)=O)C,0,CC1(C)CC(=O)CC(C)(C)N1
CC1=CC=C(S(=O)(O[Na])=O)C(C)=C1,0,Cc1ccc(S(=O)(=O)[O][Na])c(C)c1
CC1OC(C)CC(OC(C)=O)O1,1,CC(=O)OC1CC(C)OC(C)O1
CC(C)NC1=NC(NCC)=NC(SC)=N1,0,CCNc1nc(NC(C)C)nc(SC)n1
O=C(OC)C1=CC(C=CC(C(OC)=O)=C2)=C2C=C1,0,COC(=O)c1ccc2cc(C(=O)OC)ccc2c1
O=C(O[Na])C(O)C(O)C(O[Na])=O,1,O=C([O][Na])C(O)C(O)C(=O)[O][Na]
C=C(C(OCCO)=O)C,1,C=C(C)C(=O)OCCO
O=P(OC)OC,0,CO[PH](=O)OC
CC(OC(C=C)OC(C)=O)=O,1,C=CC(OC(C)=O)OC(C)=O
OCS(O[Na])(=O)=O,1,O=S(=O)(CO)[O][Na]
CN1CCCC1=O,1,CN1CCCC1=O
O=C1CC(C)CC(C)(C)C1,0,CC1CC(=O)CC(C)(C)C1
FC(F)(F)C(O)C(F)(F)F,0,OC(C(F)(F)F)C(F)(F)F
C=C(C)C(OCC(O)C)=O,1,C=C(C)C(=O)OCC(C)O
CCC=CCCO,1,CCC=CCCO
O=C(OCCO)C1=CC=C(C(OCCO)=O)C=C1,1,O=C(OCCO)c1ccc(C(=O)OCCO)cc1
ClC1=CC(Cl)=C(C=C1Cl)C(OP(OC)(OC)=O)=CCl,0,COP(=O)(OC)OC(=CCl)c1cc(Cl)c(Cl)cc1Cl
CC1=CC=C2C(C(C3=C(N2)C=C4C(NC5=C(C4=O)C=C(C)C=C5)=C3)=O)=C1,0,Cc1ccc2[nH]c3cc4c(=O)c5cc(C)ccc5[nH]c4cc3c(=O)c2c1
OCCC#CCC,1,CCC#CCCO
C=CCN(C(N(CC=C)C1=O)=O)C(N1CC=C)=O,0,C=CCn1c(=O)n(CC=C)c(=O)n(CC=C)c1=O
O=C(CCCCC(NN)=O)NN,0,NNC(=O)CCCCC(=O)NN
O=C(OCC(C)(C)CO)C(C)(CO)C,0,CC(C)(CO)COC(=O)C(C)(C)CO
CCCCCCCCN(CCCCCCCC)CCCCCCCC,0,CCCCCCCCN(CCCCCCCC)CCCCCCCC
CCCCCCCCCCC,1,CCCCCCCCCCC
O=S1(CCCO1)=O,1,O=S1(=O)CCCO1
CNC(OC1=CC=CC(C)=C1)=O,0,CNC(=O)Oc1cccc(C)c1
BrC1=C(C(Br)=C(Br)C(Br)=C1Br)OC2=C(Br)C(Br)=C(Br)C(Br)=C2Br,0,Brc1c(Br)c(Br)c(Oc2c(Br)c(Br)c(Br)c(Br)c2Br)c(Br)c1Br
NCC1CCC(C(O)=O)CC1,0,NCC1CCC(C(=O)O)CC1
CCCCC1=CC=C(C=O)C=C1,0,CCCCc1ccc(C=O)cc1
S=C(NC1CCCCC1)NC2CCCCC2,0,S=C(NC1CCCCC1)NC1CCCCC1
O=P(OC1=CC=CC=C1)(OCC(CCCC)CC)OC2=CC=CC=C2,0,CCCCC(CC)COP(=O)(Oc1ccccc1)Oc1ccccc1
OC1C(C(COC1COC(CCCCCCCC=CCCCCCCCC)=O)O)O,1,CCCCCCCCC=CCCCCCCCC(=O)OCC1OCC(O)C(O)C1O
OCCCCCCCCCCCCCCCCC,1,CCCCCCCCCCCCCCCCCO
COC(C1=CC=CC(C(OC)=O)=C1)=O,1,COC(=O)c1cccc(C(=O)OC)c1
CC(C)(C)C1=CC(C(C)(C)C)=CC(C(C)(C)C)=C1,0,CC(C)(C)c1cc(C(C)(C)C)cc(C(C)(C)C)c1
CCCC[Sn](CCCC)(CCCC)CCCC,0,CCC[CH2][Sn]([CH2]CCC)([CH2]CCC)[CH2]CCC
NCC1=CC(CN)=CC=C1,0,NCc1cccc(CN)c1
CC1CC(O)C(C(C)C)CC1,0,CC1CCC(C(C)C)C(O)C1
O=C1OC(C2=CC=C(N(C)C)C=C2)(C3=CC=C(N(C)C)C=C3)C4=C1C=C(N(C)C)C=C4,0,CN(C)c1ccc(C2(c3ccc(N(C)C)cc3)OC(=O)c3cc(N(C)C)ccc32)cc1
ClC1=C(Cl)C(Cl)=C(Cl)C(C(N2)=O)=C1C2=O,0,O=C1NC(=O)c2c(Cl)c(Cl)c(Cl)c(Cl)c21
O=N(C1=CC(C(F)(F)F)=CC(N(=O)=O)=C1N(CCC)CCC)=O,0,CCCN(CCC)c1c([N+](=O)[O-])cc(C(F)(F)F)cc1[N+](=O)[O-]
FC(F)(OC(F)=C(F)F)C(F)(F)C(F)(F)F,0,FC(F)=C(F)OC(F)(F)C(F)(F)C(F)(F)F
CCCCCCCCCCCCSP(SCCCCCCCCCCCC)SCCCCCCCCCCCC,0,CCCCCCCCCCCCSP(SCCCCCCCCCCCC)SCCCCCCCCCCCC
ClCc1ccc(c2ccc(CCl)cc2)cc1,0,ClCc1ccc(-c2ccc(CCl)cc2)cc1
CC1=C(C(C)=C(CC2=CC(C(C)(C)C)=C(O)C(C(C)(C)C)=C2)C(C)=C1CC3=CC(C(C)(C)C)=C(O)C(C(C)(C)C)=C3)CC4=CC(C(C)(C)C)=C(O)C(C(C)(C)C)=C4,0,Cc1c(Cc2cc(C(C)(C)C)c(O)c(C(C)(C)C)c2)c(C)c(Cc2cc(C(C)(C)C)c(O)c(C(C)(C)C)c2)c(C)c1Cc1cc(C(C)(C)C)c(O)c(C(C)(C)C)c1
O=C(OCCCC)C1=CC=C(C(OCCCC)=O)C(C(OCCCC)=O)=C1,1,CCCCOC(=O)c1ccc(C(=O)OCCCC)c(C(=O)OCCCC)c1
OC1=CC=CC=C1CC=C,1,C=CCc1ccccc1O
N=C(S(O)=O)N,1,N=C(N)S(=O)O
Clc(cc(Cl)c1CO)cc1,1,OCc1ccc(Cl)cc1Cl
O=N(C1=CC=C(OC2=C(C=C(C=C2)Cl)Cl)C=C1)=O,0,O=[N+]([O-])c1ccc(Oc2ccc(Cl)cc2Cl)cc1
ClC1=C(C(Cl)=CC(Cl)=C1)OC2=CC=C(C=C2)N(=O)=O,0,O=[N+]([O-])c1ccc(Oc2c(Cl)cc(Cl)cc2Cl)cc1
C=CC(NCOCCCC)=O,1,C=CC(=O)NCOCCCC
C1(OC2=CC=CC=C2)=NC(OC3=CC=CC=C3)=NC(OC4=CC=CC=C4)=N1,0,c1ccc(Oc2nc(Oc3ccccc3)nc(Oc3ccccc3)n2)cc1
O=S(=O)(Cc(cccc1)c1)Cl,1,O=S(=O)(Cl)Cc1ccccc1
BrC1=C(Cl)C=C(O)C(Cl)=C1,0,Oc1cc(Cl)c(Br)cc1Cl
ClC1=C(Cl)C(Cl)=C(Cl)C(C#N)=C1C#N,0,N#Cc1c(Cl)c(Cl)c(Cl)c(Cl)c1C#N
O=C(OCC(C)(COC(C(C)=C)=O)C)C(C)=C,1,C=C(C)C(=O)OCC(C)(C)COC(=O)C(=C)C
c(cccc1C=C)(c1)Cl,0,C=Cc1cccc(Cl)c1
Clc1ccccc1C=C,0,C=Cc1ccccc1Cl
O=N(C1=C(C=CC(O)=C1)C)=O,0,Cc1ccc(O)cc1[N+](=O)[O-]
CCC(C)(C)C1=CC=CC=C1,0,CCC(C)(C)c1ccccc1
OC1=C(C(C)C)C=CC=C1C(C)C,0,CC(C)c1cccc(C(C)C)c1O
CCCCCCCCCCCCCCCCCCOP(OCCCCCCCCCCCCCCCCCC)OCCCCCCCCCCCCCCCCCC,1,CCCCCCCCCCCCCCCCCCOP(OCCCCCCCCCCCCCCCCCC)OCCCCCCCCCCCCCCCCCC
C1(N(CC2CO2)CC3CO3)=CC=CC=C1,0,c1ccc(N(CC2CO2)CC2CO2)cc1
COC1=C(Cl)C=C(OC)C=C1,0,COc1ccc(OC)c(Cl)c1
O=C(c(c(ccc1)Cl)c1)C,0,CC(=O)c1ccccc1Cl
O=C(C(C)=C)O[Sn](CCCC)(CCCC)CCCC,0,C=C(C)C(=O)[O][Sn]([CH2]CCC)([CH2]CCC)[CH2]CCC
ClCCCCCCCCCl,0,ClCCCCCCCCCl
CC(C)COC1=CC=C2C=CC=CC2=C1,0,CC(C)COc1ccc2ccccc2c1
O=S(C1=CC=C(C=C1)CCCCCCCCCCCC)(O[Na])=O,1,CCCCCCCCCCCCc1ccc(S(=O)(=O)[O][Na])cc1
COC1=C2C=CC=CC2=CC=C1,0,COc1cccc2ccccc12
OC1=C(C)C=CC=C1C(C)(C)C,0,Cc1cccc(C(C)(C)C)c1O
NC1=CC=CC2=C1C=CC=C2N,0,Nc1cccc2c(N)cccc12
O=C(O)C(C(C(=O)O)CC=C1)C1,0,O=C(O)C1CC=CCC1C(=O)O
C=C(C)C(OCCOCCOC(C(C)=C)=O)=O,1,C=C(C)C(=O)OCCOCCOC(=O)C(=C)C
CC(C)(OOC(OC(C)C)=O)C,0,CC(C)OC(=O)OOC(C)(C)C
O(CCCO)CCCO,0,OCCCOCCCO
ClC1=CC=CC(Cl)=N1,0,Clc1cccc(Cl)n1
OC1CC(C)(C)NC(C)(C)C1,0,CC1(C)CC(O)CC(C)(C)N1
CC1=CC=C(NC(CC(C)=O)=O)C=C1,1,CC(=O)CC(=O)Nc1ccc(C)cc1
OC1=CC=C2C(C=CC=C2)=C1N=NC3=C(C=C(C=C3)C)N(=O)=O,0,Cc1ccc(N=Nc2c(O)ccc3ccccc23)c([N+](=O)[O-])c1
OC1=C2C(N)=CC(S(O[Na])(=O)=O)=CC2=CC(S(O[Na])(=O)=O)=C1N=NC3=C(OC)C=C(C4=CC(OC)=C(C=C4)N=NC5=C(S(O[Na])(=O)=O)C=C6C(C(N)=CC(S(O[Na])(=O)=O)=C6)=C5O)C=C3,0,COc1cc(-c2ccc(N=Nc3c(S(=O)(=O)[O][Na])cc4cc(S(=O)(=O)[O][Na])cc(N)c4c3O)c(OC)c2)ccc1N=Nc1c(S(=O)(=O)[O][Na])cc2cc(S(=O)(=O)[O][Na])cc(N)c2c1O
O=C(OCCCCCCCC)CCCCCCCCC(OCCCCCCCC)=O,1,CCCCCCCCOC(=O)CCCCCCCCC(=O)OCCCCCCCC
C(=CCCC(C=C)C)(C)C,1,C=CC(C)CCC=C(C)C
O=C1SC2=NC3=CC(C)=CC=C3N=C2S1,0,Cc1ccc2nc3sc(=O)sc3nc2c1
O=C(C(C)=C)OCC1=CC=CC=C1,1,C=C(C)C(=O)OCc1ccccc1
O=C(C1=C2C=CC3=C1C=CC=C3)C4=C(C2=O)C=CC=C4,0,O=C1c2ccccc2C(=O)c2c1ccc1ccccc21
O=C(OCCCCCC)C=C,1,C=CC(=O)OCCCCCC
CC(OC)CCO,1,COC(C)CCO
O=P(OCCCCC)(OCCCCC)OCCCCC,0,CCCCCOP(=O)(OCCCCC)OCCCCC
NCC1CCCC(CN)C1,0,NCC1CCCC(CN)C1
O=C(C1=C2C=CC=C1)C3=C(C(NC4=CC=CC(S(CCOS(O[Na])(=O)=O)(=O)=O)=C4)=CC(S(O[Na])(=O)=O)=C3N)C2=O,0,Nc1c(S(=O)(=O)[O][Na])cc(Nc2cccc(S(=O)(=O)CCOS(=O)(=O)[O][Na])c2)c2c1C(=O)c1ccccc1C2=O
O=N(C1=C(C=C(C=C1)O)C)=O,0,Cc1cc(O)ccc1[N+](=O)[O-]
O=C(OCC)C(SP(OC)(OC)=S)C1=CC=CC=C1,0,CCOC(=O)C(SP(=S)(OC)OC)c1ccccc1
OC(C=CC1=C2C(S(=O)(O[Na])=O)=CC(S(=O)(O[Na])=O)=C1)=C2N=NC3=CC=C(S(=O)(O[Na])=O)C4=C3C=CC=C4,0,O=S(=O)([O][Na])c1cc(S(=O)(=O)[O][Na])c2c(N=Nc3ccc(S(=O)(=O)[O][Na])c4ccccc34)c(O)ccc2c1
CCCCCCCCCCCCOP(O)(O)=O,1,CCCCCCCCCCCCOP(=O)(O)O
O=C(OC)CC(C(C(=O)C1)CCCCC)C1,1,CCCCCC1C(=O)CCC1CC(=O)OC
O=C(NC)OC1=CC=CC=C1C(C)C,0,CNC(=O)Oc1ccccc1C(C)C
S=P(OC)(OC)OC1=CC=C(C#N)C=C1,0,COP(=S)(OC)Oc1ccc(C#N)cc1
CC1=CC(C)=CC(OC(NC)=O)=C1,0,CNC(=O)Oc1cc(C)cc(C)c1
OC1=C(C(C)(C)C)C=C(C2=CC=CC=C2)C=C1C(C)(C)C,0,CC(C)(C)c1cc(-c2ccccc2)cc(C(C)(C)C)c1O
C=CC1=CC=C(S(=O)(O[Na])=O)C=C1,0,C=Cc1ccc(S(=O)(=O)[O][Na])cc1
CC(CCCCCCCCCCCCCCC(O)=O)C,1,CC(C)CCCCCCCCCCCCCCC(=O)O
CC1=CC(O)=NC(C(C)C)=N1,0,Cc1cc(O)nc(C(C)C)n1
NC1CC(CN)(C)CC(C)(C)C1,0,CC1(C)CC(N)CC(C)(CN)C1
NC1=CC(S(=O)(O[Na])=O)=C(O)C(C2=O)=C1C(C3=C2C(N)=CC(S(=O)(O[Na])=O)=C3O)=O,0,Nc1cc(S(=O)(=O)[O][Na])c(O)c2c1C(=O)c1c(O)c(S(=O)(=O)[O][Na])cc(N)c1C2=O
CCOC(CC(C(C=C1)=CC=C1OC)=O)=O,1,CCOC(=O)CC(=O)c1ccc(OC)cc1
CCCCCCCCCCCCCCCCCCS,0,CCCCCCCCCCCCCCCCCCS
ClC1=CC(Cl)=C(OP(OCC)(OCC)=S)N=C1Cl,0,CCOP(=S)(OCC)Oc1nc(Cl)c(Cl)cc1Cl
ClC(C(Cl)(SN1C(C2CC=CCC2C1=O)=O)Cl)Cl,0,O=C1C2CC=CCC2C(=O)N1SC(Cl)(Cl)C(Cl)Cl
CC(OOC(C(CC)CCCC)=O)(C)C,1,CCCCC(CC)C(=O)OOC(C)(C)C
CN(CCN(CCN(C)C)C)C,0,CN(C)CCN(C)CCN(C)C
CN(C)CCOCCN(C)C,0,CN(C)CCOCCN(C)C
C=COC(CCCCC)=O,1,C=COC(=O)CCCCC
O=C(N(CCO)CCO)CCCCCCC,1,CCCCCCCC(=O)N(CCO)CCO
O=C(N(CCO)CCO)CCCCCCCC,1,CCCCCCCCC(=O)N(CCO)CCO
C=CC(OCCOC)=O,1,C=CC(=O)OCCOC
BrC(C(Br)CCC(Br)C(Br)CCC(Br)C(Br)C1)C1,0,BrC1CCC(Br)C(Br)CCC(Br)C(Br)CCC1Br
BrC1C(Br)CCC(Br)C(Br)CC1,0,BrC1CCC(Br)C(Br)CCC1Br
O=N(C1=C(C(Cl)=CC=C1)Cl)=O,0,O=[N+]([O-])c1cccc(Cl)c1Cl
CCCCCCCCCCCCCC(OCCCCCCCCCCCCCC)=O,1,CCCCCCCCCCCCCCOC(=O)CCCCCCCCCCCCC
C=C(C(OCC(COC(C(C)=C)=O)(COC(C(C)=C)=O)CC)=O)C,1,C=C(C)C(=O)OCC(CC)(COC(=O)C(=C)C)COC(=O)C(=C)C
OCC(CBr)(CBr)CO,0,OCC(CO)(CBr)CBr
O=C(OCC(CC)CCCC)C1=CC=C(C(OCC(CC)CCCC)=O)C=C1C(OCC(CC)CCCC)=O,0,CCCCC(CC)COC(=O)c1ccc(C(=O)OCC(CC)CCCC)c(C(=O)OCC(CC)CCCC)c1
O=C(C1=C2C=CC=C1)C(SC(C#N)=C(C#N)S3)=C3C2=O,0,N#Cc1sc2c(=O)c3ccccc3c(=O)c=2sc1C#N
O=C(NCO)CCCCCCCCCCCCCCCCC,1,CCCCCCCCCCCCCCCCCC(=O)NCO
ClC1=CC(Cl)=CC=C1OC2=C(O)C=C(Cl)C=C2,0,Oc1cc(Cl)ccc1Oc1ccc(Cl)cc1Cl
CC1C(C)(C2CC(C1C2)C3CC(CCC3)O)C,0,CC1C2CC(CC2C2CCCC(O)C2)C1(C)C
O=C(OC(=O)C1CC=C(C2)C)C12,0,CC1=CCC2C(=O)OC(=O)C2C1
CC(CCO)CC(C)(C)C,0,CC(CCO)CC(C)(C)C
c(ccc(c1)C=C)(c1)CC,0,C=Cc1ccc(CC)cc1
OCC(COC(C=C)=O)(COC(C=C)=O)COC(C=C)=O,0,C=CC(=O)OCC(CO)(COC(=O)C=C)COC(=O)C=C
NC1=C(C=C(C=C1N(=O)=O)N(=O)=O)Cl,0,Nc1c(Cl)cc([N+](=O)[O-])cc1[N+](=O)[O-]
CC1=CC=CC(OC2=CC=CC=C2)=C1,0,Cc1cccc(Oc2ccccc2)c1
O=S(NCCCC)(C1=CC=CC=C1)=O,0,CCCCNS(=O)(=O)c1ccccc1
ClC1=C(Cl)C(Cl)=C(Cl)C(Cl)=C1O[Sn](CCCC)(CCCC)CCCC,0,CCC[CH2][Sn]([CH2]CCC)([CH2]CCC)[O]c1c(Cl)c(Cl)c(Cl)c(Cl)c1Cl
ON(CC)CC,0,CCN(O)CC
O=C(NC)OC1=CC=CC=C1C(CC)C,0,CCC(C)c1ccccc1OC(=O)NC
S=P(OC1=CC=C(Cl)C=C1Cl)(OCC)C2=CC=CC=C2,0,CCOP(=S)(Oc1ccc(Cl)cc1Cl)c1ccccc1
O(P(OCC1(COP(O2)OCCCCCCCCCCCCCCCCCC)C2)OCCCCCCCCCCCCCCCCCC)C1,1,CCCCCCCCCCCCCCCCCCOP1OCC2(CO1)COP(OCCCCCCCCCCCCCCCCCC)OC2
OC1=C(N2N=C3C=CC=CC3=N2)C=C(C(C)(C)C)C=C1C(C)(C)C,0,CC(C)(C)c1cc(-n2nc3ccccc3n2)c(O)c(C(C)(C)C)c1
NC(c(cccc1)c1)C,0,CC(N)c1ccccc1
O=C(OC)C1=CC(S(=O)(O[Na])=O)=CC(C(OC)=O)=C1,0,COC(=O)c1cc(C(=O)OC)cc(S(=O)(=O)[O][Na])c1
BrCCCCCCCCCCBr,0,BrCCCCCCCCCCBr
CC(C)(C)C1=CC(CC)=CC(C(C)(C)C)=C1O,0,CCc1cc(C(C)(C)C)c(O)c(C(C)(C)C)c1
NCCNCC1=CC=CC=C1,0,NCCNCc1ccccc1
BrC1=C(OCCO)C(Br)=CC(C(C)(C)C2=CC(Br)=C(OCCO)C(Br)=C2)=C1,0,CC(C)(c1cc(Br)c(OCCO)c(Br)c1)c1cc(Br)c(OCCO)c(Br)c1
Oc(c(ccc1)C(c(cccc2)c2)C)c1,0,CC(c1ccccc1)c1ccccc1O
CC(C)(C)CC(C)(CC(CC(C)(C)C)C)C,0,CC(CC(C)(C)C)CC(C)(C)CC(C)(C)C
O=C(C1(C(C)=O)[Na])OC(C)=CC1=O,1,CC(=O)[C]1([Na])C(=O)C=C(C)OC1=O
NC1=NN=NN1,0,Nc1nnn[nH]1
C(#N)C(N=NC(C(#N))(CC(C)C)C)(CC(C)C)C,0,CC(C)CC(C)(C#N)N=NC(C)(C#N)CC(C)C
CC(OC)CCOC(C)=O,1,COC(C)CCOC(C)=O
O(CCCCCCCCCCCC)CCCCCCCCCCCC,1,CCCCCCCCCCCCOCCCCCCCCCCCC
CC(C)(C)NCCO,0,CC(C)(C)NCCO
O=C(O[Sn](CCCC)(CCCC)CCCC)C1=C(C(O[Sn](CCCC)(CCCC)CCCC)=O)C=CC=C1,0,CCC[CH2][Sn]([CH2]CCC)([CH2]CCC)[O]C(=O)c1ccccc1C(=O)[O][Sn]([CH2]CCC)([CH2]CCC)[CH2]CCC
OC1=C(C=CC=C1C2CCCCC2)C3CCCCC3,0,Oc1c(C2CCCCC2)cccc1C1CCCCC1
C1C=CCCC=CCCC=CC1,0,C1=CCCC=CCCC=CCC1
CC(O)COCCCC,1,CCCCOCC(C)O
OC1=C(C2=C(C=C13)C=CC=C2)N=NC4=C(C=C(C=C4)C)S(=O)(O[Ca]OC3=O)=O,0,Cc1ccc2c(c1)S(=O)(=O)[O][Ca][O]C(=O)c1cc3ccccc3c(c1O)N=N2
ClC1=CC(Cl)=C(NN)C(Cl)=C1,0,NNc1c(Cl)cc(Cl)cc1Cl
COCCCN,0,COCCCN
O=C(OC(=O)C1C(C=CC2)C)C12,0,CC1C=CCC2C(=O)OC(=O)C12
O=CC=C(CCC=C(C)C)C,1,CC(C)=CCCC(C)=CC=O
CC1(OO)C2C(C)(C)C(C2)CC1,0,CC1(OO)CCC2CC1C2(C)C
CC1=C(NC(C(N=NC2=C(Cl)C=C(C3=CC(Cl)=C(N=NC(C(NC4=CC=CC=C4C)=O)C(C)=O)C=C3)C=C2)C(C)=O)=O)C=CC=C1,0,CC(=O)C(N=Nc1ccc(-c2ccc(N=NC(C(C)=O)C(=O)Nc3ccccc3C)c(Cl)c2)cc1Cl)C(=O)Nc1ccccc1C
CCC(C)c1cccc(C(C)CC)c1O,0,CCC(C)c1cccc(C(C)CC)c1O
ClC1=CC(C2=CC=C(C(Cl)=C2)N=NC(C(C)=O)C(NC3=CC(OC)=C(C=C3OC)Cl)=O)=CC=C1N=NC(C(C)=O)C(NC4=C(C=C(C(OC)=C4)Cl)OC)=O,0,COc1cc(NC(=O)C(N=Nc2ccc(-c3ccc(N=NC(C(C)=O)C(=O)Nc4cc(OC)c(Cl)cc4OC)c(Cl)c3)cc2Cl)C(C)=O)c(OC)cc1Cl
CCCCO[Ti](OCCCC)(OCCCC)OCCCC,1,CCCC[O][Ti]([O]CCCC)([O]CCCC)[O]CCCC
C(C(CC1C2)C2)(C1(C)C)=C,0,C=C1C2CCC(C2)C1(C)C
O=C(C1=CC=C(N(CC)CC)C=C1O)C2=C(C(O)=O)C=CC=C2,0,CCN(CC)c1ccc(C(=O)c2ccccc2C(=O)O)c(O)c1
O=C(N)NC(NC(N)=O)C(C)C,1,CC(C)C(NC(N)=O)NC(N)=O
CC(C1=CC=CC=C1)C2=C(C)C=CC(C)=C2,0,Cc1ccc(C)c(C(C)c2ccccc2)c1
C(C(CCC(C1)C)C1)(=C)C,1,C=C(C)C1CCC(C)CC1
CNCCCN,1,CNCCCN
CCCCCCSCCCCCC,0,CCCCCCSCCCCCC
C=C(C1=CC=CC=C1)CC(C)(C2=CC=CC=C2)C,0,C=C(CC(C)(C)c1ccccc1)c1ccccc1
NC1=C(OC)C=CC(NC(C)=O)=C1,0,COc1ccc(NC(C)=O)cc1N
O=S(C1=CC=C(C)C=C1)(OC2=CC=C(N=NC3=C(C)C=C(C4=CC=C(N=NC5=C(O)C=CC6=CC(S(=O)(O[Na])=O)=CC(S(=O)(O[Na])=O)=C56)C(C)=C4)C=C3)C=C2)=O,0,Cc1ccc(S(=O)(=O)Oc2ccc(N=Nc3ccc(-c4ccc(N=Nc5c(O)ccc6cc(S(=O)(=O)[O][Na])cc(S(=O)(=O)[O][Na])c56)c(C)c4)cc3C)cc2)cc1
ClC1=C(C=C(C(N)=C1)S(=O)(O[Na])=O)C,0,Cc1cc(S(=O)(=O)[O][Na])c(N)cc1Cl
O=C(CCC1=CC(C(C)(C)C)=C(O)C(C(C)(C)C)=C1)OCC(COC(CCC2=CC(C(C)(C)C)=C(O)C(C(C)(C)C)=C2)=O)(COC(CCC3=CC(C(C)(C)C)=C(O)C(C(C)(C)C)=C3)=O)COC(CCC4=CC(C(C)(C)C)=C(O)C(C(C)(C)C)=C4)=O,0,CC(C)(C)c1cc(CCC(=O)OCC(COC(=O)CCc2cc(C(C)(C)C)c(O)c(C(C)(C)C)c2)(COC(=O)CCc2cc(C(C)(C)C)c(O)c(C(C)(C)C)c2)COC(=O)CCc2cc(C(C)(C)C)c(O)c(C(C)(C)C)c2)cc(C(C)(C)C)c1O
CC(C#N)(C)NNC(C)(C#N)C,0,CC(C)(C#N)NNC(C)(C)C#N
C(CCCCCCCCCCCCCCCCCCCCCCCCCCCCCCCCCCCCCCCCCC)C,1,CCCCCCCCCCCCCCCCCCCCCCCCCCCCCCCCCCCCCCCCCCCC
Nc1cc(C)c(Cl)cc1,0,Cc1cc(N)ccc1Cl
O=C(OCC(COC(C(CCCC)CC)=O)OC(C(CCCC)CC)=O)C(CCCC)CC,1,CCCCC(CC)C(=O)OCC(COC(=O)C(CC)CCCC)OC(=O)C(CC)CCCC
O=C(NC1=CC=C(C=C1)CC2=CC=C(C=C2)NC(N3CC3)=O)N4CC4,0,O=C(Nc1ccc(Cc2ccc(NC(=O)N3CC3)cc2)cc1)N1CC1
c(cccc1C=C)(c1)CC,0,C=Cc1cccc(CC)c1
O=C(N(CCO)CCO)CCCCCCCCCCCCC,1,CCCCCCCCCCCCCC(=O)N(CCO)CCO
O=C(N(CCO)CCO)CCCCCCCCCCCCCCC,1,CCCCCCCCCCCCCCCC(=O)N(CCO)CCO
CC(C)(C)OCCO,0,CC(C)(C)OCCO
OC(CCCCCC)CCCCCCCCCCC(O[Li])=O,1,[Li][O]C(=O)CCCCCCCCCCC(O)CCCCCC
SCC(OCC(CCCC)CC)=O,0,CCCCC(CC)COC(=O)CS
C(=CCC(C(=C)C)C1)(C1)C,1,C=C(C)C1CC=C(C)CC1
N(CN(CN1CC)CC)(C1)CC,1,CCN1CN(CC)CN(CC)C1
C1COCCN1CC(C)C,0,CC(C)CN1CCOCC1
C12=NC=CC=C1C=CC=C2O[Cu]OC3=CC=CC4=CC=CN=C34,1,c1cnc2c([O][Cu][O]c3cccc4cccnc34)cccc2c1
CC(C)=CC1C(C1C(OCC2=COC(CC3=CC=CC=C3)=C2)=O)(C)C,0,CC(C)=CC1C(C(=O)OCc2coc(Cc3ccccc3)c2)C1(C)C
CCCCCCCCCCSSCCCCCCCCCC,0,CCCCCCCCCCSSCCCCCCCCCC
OC(C1=CC=C(NC)C=C1)=O,0,CNc1ccc(C(=O)O)cc1
COC(NC1=NC2=C(N1)C=CC=C2)=O,0,COC(=O)Nc1nc2ccccc2[nH]1
S=C1S[Mn]SC(NCCN1)=S,0,S=C1NCCNC(=S)[S][Mn][S]1
ClC1=CC(Cl)=CC=C1C(Cl)(Cl)Cl,0,Clc1ccc(C(Cl)(Cl)Cl)c(Cl)c1
CC(C)C12C=CC(C)(CC2)C(C(N3CC(CCCC)CC)=O)C1C3=O,0,CCCCC(CC)CN1C(=O)C2C(C1=O)C1(C(C)C)C=CC2(C)CC1
N(CCCC)CC,1,CCCCNCC
ClC1(C2(Cl)Cl)C(CCC3C(C4(Cl)Cl)(Cl)C(Cl)=C(Cl)C4(Cl)C3CC5)C5C2(Cl)C(Cl)=C1Cl,0,ClC1=C(Cl)C2(Cl)C3CCC4C(CCC3C1(Cl)C2(Cl)Cl)C1(Cl)C(Cl)=C(Cl)C4(Cl)C1(Cl)Cl
CC(CC(OC(C)CC)=O)=O,1,CCC(C)OC(=O)CC(C)=O
ClCC(CCl)OP(OC(CCl)CCl)(OC(CCl)CCl)=O,0,O=P(OC(CCl)CCl)(OC(CCl)CCl)OC(CCl)CCl
O=C1C2=C(C=CC(CCCCC)=C2)C(C3=C1C=CC=C3)=O,0,CCCCCc1ccc2c(c1)C(=O)c1ccccc1C2=O
CCC(C)N,1,CCC(C)N
O=C1C2=C(C=CC=C2)C(C3=C1C(NC(C)C)=CC=C3NC(C)C)=O,0,CC(C)Nc1ccc(NC(C)C)c2c1C(=O)c1ccccc1C2=O
S=C(S[Zn]SC(N(Cc1ccccc1)Cc2ccccc2)=S)N(Cc3ccccc3)Cc4ccccc4,0,S=C([S][Zn][S]C(=S)N(Cc1ccccc1)Cc1ccccc1)N(Cc1ccccc1)Cc1ccccc1
S=P(OCC)(OCC)ON=C(C#N)C1=CC=CC=C1,0,CCOP(=S)(OCC)ON=C(C#N)c1ccccc1
ClC(Cl)C(Cl)C(Cl)Cl,0,ClC(Cl)C(Cl)C(Cl)Cl
c1(NC(C)CCCCCC)ccc(Nc2ccccc2)cc1,0,CCCCCCC(C)Nc1ccc(Nc2ccccc2)cc1
OC(C(CCC1C)C(C)C)C1,0,CC1CCC(C(C)C)C(O)C1
O=C(C=C)OCC(CC)(COC(C=C)=O)COC(C=C)=O,0,C=CC(=O)OCC(CC)(COC(=O)C=C)COC(=O)C=C
Clc1cnc(Cl)c(Cl)c1,0,Clc1cnc(Cl)c(Cl)c1
[Sn](OC(=O)C=1)(OC(=O)C1)(CCCCCCCC)CCCCCCCC,0,CCCCCCC[CH2][Sn]1([CH2]CCCCCCC)[O]C(=O)C=CC(=O)[O]1
CC=C1CC2C=CC1C2,0,CC=C1CC2C=CC1C2
O=C(N1)C(C(C)C)NC1=O,0,CC(C)C1NC(=O)NC1=O
NC1=C(C=C(C=C1)N(=O)=O)C#N,0,N#Cc1cc([N+](=O)[O-])ccc1N
CC(C)(C1=CC(C(CC)C)=CC(C(C)(C)C)=C1O)C,0,CCC(C)c1cc(C(C)(C)C)c(O)c(C(C)(C)C)c1
OC(C(C(C(CO)O)O)O)C(NCCCCCCCCCCCCCCCCCC)=O,0,CCCCCCCCCCCCCCCCCCNC(=O)C(O)C(O)C(O)C(O)CO
O=N(=O)c(c(cc(c1)Cl)Cl)c1Cl,0,O=[N+]([O-])c1c(Cl)cc(Cl)cc1Cl
CCCCCCCCCCCCCCCCCCC1CO1,1,CCCCCCCCCCCCCCCCCCC1CO1
O=C(c(c(c(O)cc1)C(=O)c2c(O)ccc3N(=O)(=O))c1Nc(cccc4)c4)c23,0,O=C1c2c(O)ccc(Nc3ccccc3)c2C(=O)c2c([N+](=O)[O-])ccc(O)c21
O=C(NC)CC(=O)C,1,CNC(=O)CC(C)=O
N#CSCSC(S1)=NC2=C1C=CC=C2,0,N#CSCSc1nc2ccccc2s1
CC(C)(C1=CC(Br)=C(OCC(Br)CBr)C(Br)=C1)C2=CC(Br)=C(OCC(Br)CBr)C(Br)=C2,0,CC(C)(c1cc(Br)c(OCC(Br)CBr)c(Br)c1)c1cc(Br)c(OCC(Br)CBr)c(Br)c1
CCC(CO)(CO)COCC(CO)(CO)CC,0,CCC(CO)(CO)COCC(CC)(CO)CO
ClC1=CC(S(=O)(O)=O)=C(OC2=C(NC(NC3=CC=C(Cl)C(Cl)=C3)=O)C=C(Cl)C=C2)C=C1,0,O=C(Nc1ccc(Cl)c(Cl)c1)Nc1cc(Cl)ccc1Oc1ccc(Cl)cc1S(=O)(=O)O
Oc1ccc(cc1)CCCCCCCCC,0,CCCCCCCCCc1ccc(O)cc1
c(ccc1C(C)C)cc1C(C)C,0,CC(C)c1ccccc1C(C)C
O=C(CCC)OCC(CCCC)CC,1,CCCCC(CC)COC(=O)CCC
ClC(SN1C)=CC1=O,0,Cn1sc(Cl)cc1=O
CC12C(CC=C3C2CCC(C(C)C)=C3)C(C)(C(O[Sn](CCCC)(CCCC)CCCC)=O)CCC1,0,CCC[CH2][Sn]([CH2]CCC)([CH2]CCC)[O]C(=O)C1(C)CCCC2(C)C3CCC(C(C)C)=CC3=CCC12
O=S1(C2=C(C(OCC=C)=N1)C=CC=C2)=O,0,C=CCOC1=NS(=O)(=O)c2ccccc21
O=C(N(CC1=CC(C(C)(C)C)=C(O)C(C(C)(C)C)=C1)C(N2CC3=CC(C(C)(C)C)=C(O)C(C(C)(C)C)=C3)=O)N(CC4=CC(C(C)(C)C)=C(O)C(C(C)(C)C)=C4)C2=O,0,CC(C)(C)c1cc(Cn2c(=O)n(Cc3cc(C(C)(C)C)c(O)c(C(C)(C)C)c3)c(=O)n(Cc3cc(C(C)(C)C)c(O)c(C(C)(C)C)c3)c2=O)cc(C(C)(C)C)c1O
O=C(C1=CC=CC=C1C(OCCCCCCC(C)C)=O)OCCCCCCC(C)C,1,CC(C)CCCCCCOC(=O)c1ccccc1C(=O)OCCCCCCC(C)C
CCCCCCCCCCCCCCCCCCC#N,1,CCCCCCCCCCCCCCCCCCC#N
C1(N(CC2OC2)CC3OC3)=CC=C(CC4=CC=C(N(CC5OC5)CC6OC6)C=C4)C=C1,0,c1cc(N(CC2CO2)CC2CO2)ccc1Cc1ccc(N(CC2CO2)CC2CO2)cc1
CCCCCCCCCCCCSCCC(OCC(COC(CCSCCCCCCCCCCCC)=O)(COC(CCSCCCCCCCCCCCC)=O)COC(CCSCCCCCCCCCCCC)=O)=O,0,CCCCCCCCCCCCSCCC(=O)OCC(COC(=O)CCSCCCCCCCCCCCC)(COC(=O)CCSCCCCCCCCCCCC)COC(=O)CCSCCCCCCCCCCCC
ClC1=CC=C(OCOCC#CI)C=C1,0,Clc1ccc(OCOCC#CI)cc1
CCCCCCCCO[C@H]1[C@@H]([C@H]([C@@H](C(O1)CO)O)O)O,1,CCCCCCCCO[C@@H]1OC(CO)[C@@H](O)[C@H](O)[C@H]1O
OC1=CC=C(C(O)=C1O)C(C2=CC=C(C=C2)O)=O,0,O=C(c1ccc(O)cc1)c1ccc(O)c(O)c1O
[Sn](CCCC)(CCCC)(CCCC)OC(=O)C(Br)C(Br)C(O[Sn](CCCC)(CCCC)CCCC)=O,0,CCC[CH2][Sn]([CH2]CCC)([CH2]CCC)[O]C(=O)C(Br)C(Br)C(=O)[O][Sn]([CH2]CCC)([CH2]CCC)[CH2]CCC
O=CC1CC=C(CCCC(C)(C)O)CC1,1,CC(C)(O)CCCC1=CCC(C=O)CC1
CC1(C)C2C3(C(C)CC2)CC(C(C)=O)=C(C)C1C3,0,CC(=O)C1=C(C)C2CC3(C1)C(C)CCC3C2(C)C
ClCCOC(C1=CC=CC=C1)C2=CC=CC=C2,0,ClCCOC(c1ccccc1)c1ccccc1
N(CCCN(CCCN(C)C)CCCN(C)C)(C)C,0,CN(C)CCCN(CCCN(C)C)CCCN(C)C
CCCCCCCCCCCCCCCCO,1,CCCCCCCCCCCCCCCCO
CC(C)CC1=CC=C(C(O[Zn]OC(C2=CC=C(CC(C)C)C=C2)=O)=O)C=C1,0,CC(C)Cc1ccc(C(=O)[O][Zn][O]C(=O)c2ccc(CC(C)C)cc2)cc1
CC1=C(N(CC2OC2)CC3CO3)C=CC=C1,0,Cc1ccccc1N(CC1CO1)CC1CO1
O=C(N1CCOC(C=C)=O)N(CCOC(C=C)=O)C(N(CCOC(C=C)=O)C1=O)=O,0,C=CC(=O)OCCn1c(=O)n(CCOC(=O)C=C)c(=O)n(CCOC(=O)C=C)c1=O
N#CCCN(CCOC(C1=CC=CC=C1)=O)C2=CC=C(N=NC3=CC=C(N(=O)=O)C=C3)C=C2,0,N#CCCN(CCOC(=O)c1ccccc1)c1ccc(N=Nc2ccc([N+](=O)[O-])cc2)cc1
CCCCCCC1=CC=C(C2=CC=C(C#N)C=C2)C=C1,0,CCCCCCc1ccc(-c2ccc(C#N)cc2)cc1
O=S(C1=CC(NC2=NC(OC3=CC=CC=C3)=NC(NC4=CC(S(=O)(O[Na])=O)=CC=C4S(=O)(O[Na])=O)=N2)=CC=C1C=CC5=C(C=C(C=C5)NC6=NC(OC7=CC=CC=C7)=NC(NC8=C(C=CC(S(=O)(O[Na])=O)=C8)S(=O)(O[Na])=O)=N6)S(=O)(O[Na])=O)(O[Na])=O,0,O=S(=O)([O][Na])c1ccc(S(=O)(=O)[O][Na])c(Nc2nc(Nc3ccc(C=Cc4ccc(Nc5nc(Nc6cc(S(=O)(=O)[O][Na])ccc6S(=O)(=O)[O][Na])nc(Oc6ccccc6)n5)cc4S(=O)(=O)[O][Na])c(S(=O)(=O)[O][Na])c3)nc(Oc3ccccc3)n2)c1
O=C(OC(=O)C1)C1CCCCCCCCCCCCCCCCCC,0,CCCCCCCCCCCCCCCCCCC1CC(=O)OC1=O
OC1=C(C=C(C=C1N=NC2=CC=CC=C2N(=O)=O)C(C)(C)C)C(C)(C)C,0,CC(C)(C)c1cc(N=Nc2ccccc2[N+](=O)[O-])c(O)c(C(C)(C)C)c1
CC(C)(C)C(CC(OC)=O)=O,0,COC(=O)CC(=O)C(C)(C)C
O=C1OC2(C3=CC=CC=C13)C4=CC(NC5=CC=CC=C5)=C(C)C=C4OC6=C2C=CC(N(C)C7CCCCC7)=C6,0,Cc1cc2c(cc1Nc1ccccc1)C1(OC(=O)c3ccccc31)c1ccc(N(C)C3CCCCC3)cc1O2
O=C1C2=C(C(O)=CC(OC3=CC=C(Br)C=C3)=C2N)C(C4=C1C=CC=C4)=O,0,Nc1c(Oc2ccc(Br)cc2)cc(O)c2c1C(=O)c1ccccc1C2=O
CCCCCCCCCCCCCOP(OC1=CC=CC=C1)OC2=CC=CC=C2,0,CCCCCCCCCCCCCOP(Oc1ccccc1)Oc1ccccc1
ClC1=C(C=CC(N(=O)=O)=C1)N=NC2=CC=C(C=C2NC(CC)=O)N(CCOC(C)=O)CCOC(C)=O,0,CCC(=O)Nc1cc(N(CCOC(C)=O)CCOC(C)=O)ccc1N=Nc1ccc([N+](=O)[O-])cc1Cl
CC(CC)C1=CC=C(OCC2CO2)C=C1,0,CCC(C)c1ccc(OCC2CO2)cc1
CC1=C(OCC2CO2)C(C)=CC(C3=CC(C)=C(OCC4CO4)C(C)=C3)=C1,0,Cc1cc(-c2cc(C)c(OCC3CO3)c(C)c2)cc(C)c1OCC1CO1
CC(OCCC(OC)(C)C)=O,1,COC(C)(C)CCOC(C)=O
O=C(C(CC)(C1=O)C2=CC=CC=C2)NC(N1)=O,0,CCC1(c2ccccc2)C(=O)NC(=O)NC1=O
ClC(Cl)(Cl)C(C1=CC=C(Cl)C=C1)C2=CC=C(Cl)C=C2,0,Clc1ccc(C(c2ccc(Cl)cc2)C(Cl)(Cl)Cl)cc1
ClC1=C(Cl)C=CC(Cl)=C1C(O)=O,0,O=C(O)c1c(Cl)ccc(Cl)c1Cl
O=C(O)C1=C(OC(C)=O)C=CC=C1,1,CC(=O)Oc1ccccc1C(=O)O
ClC1=CC(Cl)=CC=C1C(O)=O,0,O=C(O)c1ccc(Cl)cc1Cl
S=C(NC(CCC)=C1)NC1=O,0,CCCc1cc(=O)[nH]c(=S)[nH]1
BrC(N(=O)=O)(CO)CO,0,O=[N+]([O-])C(Br)(CO)CO
O=C(C(C1=CC=CC=C1)(C2=CC=CC=C2)N3)NC3=O,0,O=C1NC(=O)C(c2ccccc2)(c2ccccc2)N1
OCC(O)C,1,CC(O)CO
CC1=CC(O)=CC=C1Cl,0,Cc1cc(O)ccc1Cl
NC(C=C1)=CC=C1N=NC2=CC=CC=C2,0,Nc1ccc(N=Nc2ccccc2)cc1
SCCO,0,OCCS
O(CC)CC ,0,CCOCC
CC(N)=O,1,CC(N)=O
COP(OC)(SCC(NC)=O)=S,0,CNC(=O)CSP(=S)(OC)OC
NC1=CC=C(S(=O)(N)=O)C=C1,0,Nc1ccc(S(N)(=O)=O)cc1
NCCC1=CC=CC=C1,1,NCCc1ccccc1
ClC(Cl)Cl,0,ClC(Cl)Cl
ClC(Cl)(Cl)C(Cl)(Cl)Cl,0,ClC(Cl)(Cl)C(Cl)(Cl)Cl
OCCCC ,1,CCCCO
CCCCCO,1,CCCCCO
O[C@@H]1[C@@H]([C@H]([C@@H](C(O1)CO)O)O)NC(C)=O,1,CC(=O)N[C@@H]1[C@@H](O)[C@H](O)C(CO)O[C@@H]1O
CCl,0,CCl
CCBr,0,CCBr
BrCCl,0,ClCBr
NC=O,1,NC=O
C=C(Cl)Cl,0,C=C(Cl)Cl
ClC(F)F,0,FC(F)Cl
CC1OC1,1,CC1CO1
CC(OO)(C)C,0,CC(C)(C)OO
O=N(C(Cl)(Cl)Cl)=O,0,O=[N+]([O-])C(Cl)(Cl)Cl
C12C=CC(C2)C3C1CC=C3,0,C1=CC2C3C=CC(C3)C2C1
O=C(OCCCC)CC(C(OCCCC)=O)(CC(OCCCC)=O)OC(C)=O,1,CCCCOC(=O)CC(CC(=O)OCCCC)(OC(C)=O)C(=O)OCCCC
CCC(CO)(CO)CO,0,CCC(CO)(CO)CO
CCCCOCCOP(OCCOCCCC)(OCCOCCCC)=O,0,CCCCOCCOP(=O)(OCCOCCCC)OCCOCCCC
CC1(C)CC(C=C(C)C1)=O,0,CC1=CC(=O)CC(C)(C)C1
CC(C#N)(N=NC(C#N)(C)C)C,0,CC(C)(C#N)N=NC(C)(C)C#N
CC(C)=CCCC(O)(C=C)C,1,C=CC(C)(O)CCC=C(C)C
NCC(C)C,1,CC(C)CN
C=CC(O)=O,1,C=CC(=O)O
ClCC(O)=O,1,O=C(O)CCl
ClC(Cl)C(O)=O,1,O=C(O)C(Cl)Cl
CC1(C)C(C2CCC1C2)=C,0,C=C1C2CCC(C2)C1(C)C
CC(C)(OO)C1=CC=CC=C1,0,CC(C)(OO)c1ccccc1
NC(C=C1)=CC(S(O)(=O)=O)=C1C=CC2=C(S(O)(=O)=O)C=C(N)C=C2,0,Nc1ccc(C=Cc2ccc(N)cc2S(=O)(=O)O)c(S(=O)(=O)O)c1
CC(C1=C(N(=O)=O)C(C)=C(N(=O)=O)C(C)=C1N(=O)=O)(C)C,0,Cc1c([N+](=O)[O-])c(C)c([N+](=O)[O-])c(C(C)(C)C)c1[N+](=O)[O-]
NC1=CC=C2C=CC=CC2=C1S(=O)(O)=O,0,Nc1ccc2ccccc2c1S(=O)(=O)O
O=C1C2=C(C3=CC=CC4=CC=CC1=C34)C=CC=C2,0,O=C1c2ccccc2-c2cccc3cccc1c23
ClC1=CC=CC2=C1C(C3=C(C2=O)C=CC=C3)=O,0,O=C1c2ccccc2C(=O)c2c(Cl)cccc21
O=C(C1=NC2=CC(C)=C(C=C2N(C1=N3)C[C@H]([C@H]([C@@H](O)CO)O)O)C)NC3=O,0,Cc1cc2nc3c(=O)[nH]c(=O)nc-3n(C[C@@H](O)[C@@H](O)[C@@H](O)CO)c2cc1C
O=C1C2=CC=CC=C2C(C3=C1C=CC=C3)=O,1,O=C1c2ccccc2C(=O)c2ccccc21
O=C(OCC)C1=CC=CC=C1C(OCC)=O,1,CCOC(=O)c1ccccc1C(=O)OCC
O=C(C(C=CC=C1)=C1C(OCC(C)C)=O)OCC(C)C,1,CC(C)COC(=O)c1ccccc1C(=O)OCC(C)C
C1(C=CC=C2)=C2C(C=CC=C3)=C3C=C1,1,c1ccc2c(c1)ccc1ccccc12
O=C(N1)C2C(C1=O)CC=CC2,0,O=C1NC(=O)C2CC=CCC12
O=N(=O)c(c(OC)c(N)cc1)c1 ,0,COc1c(N)cccc1[N+](=O)[O-]
O=C(C1=C(C=CC=C1)C(OCC2=CC=CC=C2)=O)OCCCC,1,CCCCOC(=O)c1ccccc1C(=O)OCc1ccccc1
C1(CC2=C3C=CC=C2)=C3C=CC=C1,0,c1ccc2c(c1)Cc1ccccc1-2
OC1=C2C=CC(N)=CC2=CC(S(=O)(O)=O)=C1,0,Nc1ccc2c(O)cc(S(=O)(=O)O)cc2c1
NC1=CC=CC(C)=C1C,0,Cc1cccc(N)c1C
c(c(c(cc1)Cl)Cl)(c1)Cl ,0,Clc1cccc(Cl)c1Cl
NC(C(C)=CC=C1)=C1C,0,Cc1cccc(C)c1N
c(c(c(c(c1Br)Br)Br)Br)(c1Br)Br ,0,Brc1c(Br)c(Br)c(Br)c(Br)c1Br
OC1=C(Cl)C(Cl)=C(Cl)C(Cl)=C1Cl,0,Oc1c(Cl)c(Cl)c(Cl)c(Cl)c1Cl
OC1=CC=CC=C1C(C)(C)C,0,CC(C)(C)c1ccccc1O
CC1=CC=C(C(S(=O)(O)=O)=C1)N,0,Cc1ccc(N)c(S(=O)(=O)O)c1
OC1=CC=CC=C1N(=O)=O,0,O=[N+]([O-])c1ccccc1O
CCC(C1=CC(N(=O)=O)=CC(N(=O)=O)=C1O)C,0,CCC(C)c1cc([N+](=O)[O-])cc([N+](=O)[O-])c1O
OC1=C(C=C(C=C1N(=O)=O)N(=O)=O)N(=O)=O,0,O=[N+]([O-])c1cc([N+](=O)[O-])c(O)c([N+](=O)[O-])c1
Oc1ccccc1C(C)CC,0,CCC(C)c1ccccc1O
OC1=CC(S(=O)(O)=O)=CC2=CC=C(N)C=C12,0,Nc1ccc2cc(S(=O)(=O)O)cc(O)c2c1
O=C(c(ccc(N(C)C)c1)c1)c(ccc(N(C)C)c2)c2 ,0,CN(C)c1ccc(C(=O)c2ccc(N(C)C)cc2)cc1
N#CC1=C(C#N)C=CC=C1,0,N#Cc1ccccc1C#N
C(C(CCC1)CCC2)(C1)C2 ,0,C1CCC2CCCCC2C1
O=C(C=C1)OC2=C1C=CC=C2,1,O=c1ccc2ccccc2o1
CCN(CC)C1=CC=CC=C1,0,CCN(CC)c1ccccc1
NC1=NC(N)=NC(C2=CC=CC=C2)=N1,0,Nc1nc(N)nc(-c2ccccc2)n1
c1(c2ccccc2)ccccc1,1,c1ccc(-c2ccccc2)cc1
OC1=C(C(NC2=CC=CC=C2)=O)C=C3C=CC=CC3=C1,0,O=C(Nc1ccccc1)c1cc2ccccc2cc1O
BrC1=CC=C(C2=CC=C(Br)C=C2)C=C1,0,Brc1ccc(-c2ccc(Br)cc2)cc1
O=C(c(cccc1)c1)CC(=O)C ,1,CC(=O)CC(=O)c1ccccc1
O=C(OCCOCCOCCOC(C(CCCC)CC)=O)C(CCCC)CC,1,CCCCC(CC)C(=O)OCCOCCOCCOC(=O)C(CC)CCCC
O=C(O)COC(C=CC(Cl)=C1)=C1C,0,Cc1cc(Cl)ccc1OCC(=O)O
CCC(C(OCCOCCOCCOC(C(CC)CC)=O)=O)CC,1,CCC(CC)C(=O)OCCOCCOCCOC(=O)C(CC)CC
C12=CC=CC=C1NN=N2,0,c1ccc2[nH]nnc2c1
CC1=CC=CC=C1Cl,0,Cc1ccccc1Cl
NC1=CC=CC=C1Cl,0,Nc1ccccc1Cl
NC(C=CC=C1)=C1N,0,Nc1ccccc1N
Oc(c(N)ccc1)c1 ,0,Nc1ccccc1O
NC1=CC=C(Cl)C(Cl)=C1,0,Nc1ccc(Cl)c(Cl)c1
NC1=CC(C)=CC=C1C,0,Cc1ccc(C)c(N)c1
NC1=CC(Cl)=CC=C1Cl,0,Nc1cc(Cl)ccc1Cl
OCC(O)CCl ,1,OCC(O)CCl
CCC(C)=NO,0,CCC(C)=NO
CNC(NC)=O,0,CNC(=O)NC
O=C(C=C)OC,1,C=CC(=O)OC
ClCC(OC)=O,1,COC(=O)CCl
OC1=C(C(C)(C)C)C=C(SC2=CC(C(C)(C)C)=C(O)C=C2C)C(C)=C1,0,Cc1cc(O)c(C(C)(C)C)cc1Sc1cc(C(C)(C)C)c(O)cc1C
CC1=CC(C)=CC=C1NC(CC(C)=O)=O,0,CC(=O)CC(=O)Nc1ccc(C)cc1C
NC1=CC=C(C=C1OC)N(=O)=O,0,COc1cc([N+](=O)[O-])ccc1N
C=C(C(O)=O)CC(O)=O,1,C=C(CC(=O)O)C(=O)O
FC(F)(F)C1=CC=CC=C1,0,FC(F)(F)c1ccccc1
O=S(C1=CC=CC=C1)(O)=O,1,O=S(=O)(O)c1ccccc1
C=C(Br)C1=CC=CC=C1,0,C=C(Br)c1ccccc1
CC(C)C1=CC=CC=C1,1,CC(C)c1ccccc1
CC(C1=CC=CC=C1)=O,1,CC(=O)c1ccccc1
CC1=CC(C(O)=O)=CC=C1,1,Cc1cccc(C(=O)O)c1
O=N(C1=CC=C(C(Cl)=C1)Cl)=O,0,O=[N+]([O-])c1ccc(Cl)c(Cl)c1
O=C(O)C1=CC(N(C)C)=CC=C1,0,CN(C)c1cccc(C(=O)O)c1
N(=O)(=O)c(cccc1N(=O)(=O))c1 ,0,O=[N+]([O-])c1cccc([N+](=O)[O-])c1
CC1CCC(C(C)C)CC1,1,CC1CCC(C(C)C)CC1
OC(C1=CC=C(C)C=C1)=O,1,Cc1ccc(C(=O)O)cc1
O=N(C1=CC=C(C=C1)C)=O,0,Cc1ccc([N+](=O)[O-])cc1
NC1=CC=C(C=C1)N(=O)=O,0,Nc1ccc([N+](=O)[O-])cc1
O=C(O)c(ccc(OC)c1)c1 ,1,COc1ccc(C(=O)O)cc1
OC(C1=CC=C(C(O)=O)N=C1)=O,0,O=C(O)c1ccc(C(=O)O)nc1
OCCN(CC)CC,0,CCN(CC)CCO
ClCC1=CC=CC=C1,1,ClCc1ccccc1
NCC1=CC=CC=C1,1,NCc1ccccc1
CNC1=CC=CC=C1,0,CNc1ccccc1
C=CC1=CC=CC=N1,0,C=Cc1ccccn1
N12CN(CN(C2)C3)CN3C1,1,C1N2CN3CN1CN(C2)C3
ClC1=CC(CC2=CC(Cl)=C(N)C=C2)=CC=C1N,0,Nc1ccc(Cc2ccc(N)c(Cl)c2)cc1Cl
O=NN1CN(C2)CN(N=O)CN2C1,1,O=NN1CN2CN(C1)CN(N=O)C2
OC1=CC=C(CC2=CC=CC=C2)C=C1,0,Oc1ccc(Cc2ccccc2)cc1
NC1=CC=C(C=C1)NC2=CC=CC=C2,0,Nc1ccc(Nc2ccccc2)cc1
CN(C)C1=CC=C(C=C1)CC2=CC=C(N(C)C)C=C2,0,CN(C)c1ccc(Cc2ccc(N(C)C)cc2)cc1
O(c(ccc(Nc(ccc(OC)c1)c1)c2)c2)C ,0,COc1ccc(Nc2ccc(OC)cc2)cc1
CC(C)NC1=CC=C(C=C1)NC2=CC=CC=C2,0,CC(C)Nc1ccc(Nc2ccccc2)cc1
NC1=CC=C(CC2=CC=C(N)C=C2)C=C1,0,Nc1ccc(Cc2ccc(N)cc2)cc1
C1(CC2=CC=CC=C2)=CC=CC=C1,0,c1ccc(Cc2ccccc2)cc1
C1(OC2=CC=CC=C2)=CC=CC=C1,0,c1ccc(Oc2ccccc2)cc1
N=C(NC1=CC=CC=C1)NC2=CC=CC=C2,0,N=C(Nc1ccccc1)Nc1ccccc1
O=C(OCC(CC)CCCC)CCCCC(OCC(CC)CCCC)=O,1,CCCCC(CC)COC(=O)CCCCC(=O)OCC(CC)CCCC
CCC(COC=C)CCCC,0,C=COCC(CC)CCCC
C1(COCC2=CC=CC=C2)=CC=CC=C1,0,c1ccc(COCc2ccccc2)cc1
OCC=CC1=CC=CC=C1,1,OCC=Cc1ccccc1
ClCC1=CC=C(C=C1)Cl,0,ClCc1ccc(Cl)cc1
CC(CC(OC)=O)=O,1,COC(=O)CC(C)=O
CN(CCO)CCO,0,CN(CCO)CCO
O=C1NCCCCC1,1,O=C1CCCCCN1
O=C(CCCCC(OCCCC)=O)OCCCC,1,CCCCOC(=O)CCCCC(=O)OCCCC
BrC1=CC=C(Br)C=C1,0,Brc1ccc(Br)cc1
CC1=CC=C(Cl)C=C1,0,Cc1ccc(Cl)cc1
NC1=CC=C(C=C1)N,0,Nc1ccc(N)cc1
CC(C(OCC1CO1)=O)=C,1,C=C(C)C(=O)OCC1CO1
C=CCCl,1,C=CCCl
NCC=C,0,C=CCN
C=CC#N,1,C=CC#N
OCCO,1,OCCO
O=CC=O,1,O=CC=O
OC(CC(O)C)(C)C,1,CC(O)CC(C)(C)O
O=C(CC(OC)(C)C)C,0,COC(C)(C)CC(C)=O
O=C(O)CCN,1,NCCC(=O)O
CN(C)CCN,0,CN(C)CCN
CC(C)CC(C)=O,1,CC(=O)CC(C)C
O=C1OC(C)CO1,1,CC1COC(=O)O1
NC1=CC=CC(Cl)=C1,0,Nc1cccc(Cl)c1
OC1=CC=CC(O)=C1,1,Oc1cccc(O)c1
c(cccc1C=C)(c1)C=C ,0,C=Cc1cccc(C=C)c1
NC1=CC(C)=CC(C)=C1,0,Cc1cc(C)cc(N)c1
O=C(NC(N1)=O)NC1=O,0,O=c1[nH]c(=O)[nH]c(=O)[nH]1
CC1=CC=CC=C1,1,Cc1ccccc1
NC1CCCCC1,1,NC1CCCCC1
O=C1CCCCC1,1,O=C1CCCCC1
BrCCCBr,0,BrCCCBr
CCCCBr,1,CCCCBr
ClCCCBr,0,ClCCCBr
CCCCN,1,CCCCN
CCCCCC,1,CCCCCC
ClCCCCCl,0,ClCCCCCl
NCCCCC,1,CCCCCN
OCCCCO,1,OCCCCO
OCC=CCO,0,OCC=CCO
CCOCCO,1,CCOCCO
C1CCC=CC1,0,C1=CCCCC1
N1CCNCC1,0,C1CNCCN1
N1=CC=CC=C1,1,c1ccncc1
C1CNCCC1,1,C1CCNCC1
O1CCNCC1,0,C1COCCN1
O=C(O)CCSCCC(O)=O,1,O=C(O)CCSCCC(=O)O
ClCCOCCCl,0,ClCCOCCCl
N#CCCCCC#N,1,N#CCCCCC#N
C1CC=CCCC=C1,0,C1=CCCC=CCC1
CCCCCCCCC,1,CCCCCCCCC
CCCCCCCCCl,1,CCCCCCCCCl
N#CCCNCCC#N,0,N#CCCNCCC#N
COCCOCCOC,0,COCCOCCOC
OCCOCCOCCO,1,OCCOCCOCCO
OCCOCCOCCCC,1,CCCCOCCOCCO
OCCCCCCCCCCC ,1,CCCCCCCCCCCO
OCCOCCOCCOCC,1,CCOCCOCCOCCO
CCCCCCCCCCCCCl,1,CCCCCCCCCCCCCl
BrCCCCCCCCCCCCCCCC,1,CCCCCCCCCCCCCCCCBr
CCCCCCCCC=CCCCCCCCCCCCC(N)=O,1,CCCCCCCCC=CCCCCCCCCCCCC(N)=O
O=C(O)CCCCCCCCCCCCCCCCCCCCC,0,CCCCCCCCCCCCCCCCCCCCCC(=O)O
OCCCCCCCCCCCCCCCCCC ,1,CCCCCCCCCCCCCCCCCCO
OCC(CO)(CO)CO,0,OCC(CO)(CO)CO
OCC(CC)(CCCC)CO,0,CCCCC(CC)(CO)CO
O=P(OC1=CC=CC=C1)(OC2=CC=CC=C2)OC3=CC=CC=C3,1,O=P(Oc1ccccc1)(Oc1ccccc1)Oc1ccccc1
ClCCOP(OCCCl)(OCCCl)=O,0,O=P(OCCCl)(OCCCl)OCCCl
O=C(C)CO ,1,CC(=O)CO
O=C1C2=C(C(O)=CC(Br)=C2N)C(C3=CC=CC=C31)=O,0,Nc1c(Br)cc(O)c2c1C(=O)c1ccccc1C2=O
NC1=C(S(=O)(O)=O)C2=C(C(S(=O)(O)=O)=CC=C2)C=C1,0,Nc1ccc2c(S(=O)(=O)O)cccc2c1S(=O)(=O)O
O=C1C(Cl)=C(Cl)C(C2=C1C=CC=C2)=O,0,O=C1C(Cl)=C(Cl)C(=O)c2ccccc21
O=C(OCCCCCCCC)C1=CC=CC=C1C(OCCCCCCCC)=O,1,CCCCCCCCOC(=O)c1ccccc1C(=O)OCCCCCCCC
CCNC1=C2C=CC=CC2=CC=C1,0,CCNc1cccc2ccccc12
CC(C)(C)C1=C(O)C(C(C)(C)C)=CC(CC2=CC(C(C)(C)C)=C(O)C(C(C)(C)C)=C2)=C1,0,CC(C)(C)c1cc(Cc2cc(C(C)(C)C)c(O)c(C(C)(C)C)c2)cc(C(C)(C)C)c1O
O=C(O)C1=C(Cl)C=CC=C1,0,O=C(O)c1ccccc1Cl
O=C(OCCCCCCCCCCCCC)C1=C(C(OCCCCCCCCCCCCC)=O)C=CC=C1,0,CCCCCCCCCCCCCOC(=O)c1ccccc1C(=O)OCCCCCCCCCCCCC
OC1=C(C(C)(C)C)C=C(C)C=C1CC2=C(O)C(C(C)(C)C)=CC(C)=C2,0,Cc1cc(Cc2cc(C)cc(C(C)(C)C)c2O)c(O)c(C(C)(C)C)c1
OC(C(C1=CC=CC=C1)=O)C2=CC=CC=C2,1,O=C(c1ccccc1)C(O)c1ccccc1
O=C(C1=CC=CC=C1)C2=CC=CC=C2,0,O=C(c1ccccc1)c1ccccc1
O=CC1=CC=C(N(CC)CC)C=C1,0,CCN(CC)c1ccc(C=O)cc1
O=C(c(cccc1)c1)CC(=O)c(cccc2)c2 ,1,O=C(CC(=O)c1ccccc1)c1ccccc1
O=C1NCCN1,0,O=C1NCCN1
C(C)(C)(c1c(O)ccc(C(C)(C)CC)c1)CC,0,CCC(C)(C)c1ccc(O)c(C(C)(C)CC)c1
CN(C)C1=CC=CC=C1,0,CN(C)c1ccccc1
O=N(=O)c(cccc1Cl)c1 ,0,O=[N+]([O-])c1cccc(Cl)c1
CC1=CC=C(C(C)=O)C=C1,1,CC(=O)c1ccc(C)cc1
CC(C)C1=CC=C(C=O)C=C1,1,CC(C)c1ccc(C=O)cc1
O=CC(CCCCC)=CC1=CC=CC=C1,1,CCCCCC(C=O)=Cc1ccccc1
C1(OCC2OC2)=CC=CC=C1,0,c1ccc(OCC2CO2)cc1
OC1=CC=C(C=O)C=C1,1,O=Cc1ccc(O)cc1
O=CC1=CC=C(OC)C=C1,1,COc1ccc(C=O)cc1
CCCCCCCCCCCCOC(CCSCCC(OCCCCCCCCCCCC)=O)=O,1,CCCCCCCCCCCCOC(=O)CCSCCC(=O)OCCCCCCCCCCCC
C=CC(CCC=C(C)C)=C,1,C=CC(=C)CCC=C(C)C
CCC=O,1,CCC=O
CC(O)(C)CC(C)=O,1,CC(=O)CC(C)(C)O
C1COCCO1,0,C1COCCO1
CC(O)CCCCCC,1,CCCCCCC(C)O
C(=C)CCCCCCC ,0,C=CCCCCCCC
C(CCCCCCCC)C ,1,CCCCCCCCCC
OCC(C)(CO)C,0,CC(C)(CO)CO
OCC(CO)(CO)COCC(CO)(CO)CO,0,OCC(CO)(CO)COCC(CO)(CO)CO
BrCC(COP(OCC(Br)CBr)(OCC(Br)CBr)=O)Br,0,O=P(OCC(Br)CBr)(OCC(Br)CBr)OCC(Br)CBr
CCCCOP(OCCCC)(OCCCC)=O,0,CCCCOP(=O)(OCCCC)OCCCC
ClC(Cl)=C(Cl)Cl,0,ClC(Cl)=C(Cl)Cl
CN(C(C)=O)C,1,CC(=O)N(C)C
CC(C)(C)C1=CC(C)=CC(C(C)(C)C)=C1O,0,Cc1cc(C(C)(C)C)c(O)c(C(C)(C)C)c1
C(C)(C)(C)c1c(O)c(C(C)(C)C)ccc1,0,CC(C)(C)c1cccc(C(C)(C)C)c1O
O=C1C2=C(O)C=CC=C2C(C3=C1C=CC=C3)=O,0,O=C1c2ccccc2C(=O)c2c(O)cccc21
O=C1C2=C(C=CC(Cl)=C2)C(C3=C1C=CC=C3)=O,0,O=C1c2ccccc2C(=O)c2cc(Cl)ccc21
COC(C1=C(C(OC)=O)C=CC=C1)=O,1,COC(=O)c1ccccc1C(=O)OC
C=CCOC(C1=C(C=CC=C1)C(OCC=C)=O)=O,1,C=CCOC(=O)c1ccccc1C(=O)OCC=C
OC(C(O)=O)C(O)C(O)=O,1,
NC1=CC=CC2=C1C=CC=C2,0,Nc1cccc2ccccc12
ClC1=CC=C(C(C2=CC=CC=C2)Cl)C=C1,0,Clc1ccc(C(Cl)c2ccccc2)cc1
CCc1ccccc1CC ,0,CCc1ccccc1CC
CCCCCCCCCCCC(N(C)CC(O[Na])=O)=O,1,CCCCCCCCCCCC(=O)N(C)CC(=O)[O][Na]
OC(CN(CC(O)=O)CC(O)=O)=O,0,O=C(O)CN(CC(=O)O)CC(=O)O
NCCN1CCNCC1,0,NCCN1CCNCC1
ClC1=CC=C(CC#N)C=C1,0,N#CCc1ccc(Cl)cc1
O=C(OCCOCCOCCCC)CCCCC(OCCOCCOCCCC)=O,1,CCCCOCCOCCOC(=O)CCCCC(=O)OCCOCCOCCCC
O=C(OCC(CCCC)CC)C=CC(=O)OCC(CCCC)CC ,1,CCCCC(CC)COC(=O)C=CC(=O)OCC(CC)CCCC
C=CCOC(OCCOCCOC(OCC=C)=O)=O,1,C=CCOC(=O)OCCOCCOC(=O)OCC=C
C(=CCC1)C1 ,1,C1=CCCC1
CCCCCCC,1,CCCCCCC
OCS(=O)([Na])=O,1,O=[S](=O)([Na])CO
OC1=CC(C(O)=O)=CC(O)=C1O,1,O=C(O)c1cc(O)c(O)c(O)c1
O(c(cccc1O)c1)C ,1,COc1cccc(O)c1
O=Nc(ccc(Nc(cccc1)c1)c2)c2 ,0,O=Nc1ccc(Nc2ccccc2)cc1
C1(C=CC=C2C=C3)=C2C3=CC=C1,0,C1=Cc2cccc3cccc1c23
OCC(C(C(C(C(O[Ca]OC(C(C(C(C(CO)O)O)O)O)=O)=O)O)O)O)O,1,O=C([O][Ca][O]C(=O)C(O)C(O)C(O)C(O)CO)C(O)C(O)C(O)C(O)CO
O=C(C(CC)CCCC)O[Pb]OC(C(CCCC)CC)=O,1,CCCCC(CC)C(=O)[O][Pb][O]C(=O)C(CC)CCCC
C(C(C(C(C1Cl)Cl)Cl)Cl)(C1Cl)Cl ,0,ClC1C(Cl)C(Cl)C(Cl)C(Cl)C1Cl
O=C(NC1=CC(Cl)=C(Cl)C=C1)N(C)C,0,CN(C)C(=O)Nc1ccc(Cl)c(Cl)c1
CCCCCCCCCC(=O)O ,1,CCCCCCCCCC(=O)O
FC(F)(F)C(F)(C(F)(C(F)(C(F)(C(F)(C(F)(C(O)=O)F)F)F)F)F)F,0,O=C(O)C(F)(F)C(F)(F)C(F)(F)C(F)(F)C(F)(F)C(F)(F)C(F)(F)F
FC1=CC=CC=C1F,0,Fc1ccccc1F
NCCCCCCCCN ,1,NCCCCCCCCN
FC(F)(C1=CC(C(F)(F)F)=CC=C1)F,0,FC(F)(F)c1cccc(C(F)(F)F)c1
O=C(CN1)NC1=O,1,O=C1CNC(=O)N1
NC1=CN=CC=C1,0,Nc1cccnc1
O=C(O)C1=C(C2=CC=CC=C2C(O)=O)C=CC=C1,1,O=C(O)c1ccccc1-c1ccccc1C(=O)O
O=C(O)CCCCCCCCCCCCCCC(=O)O ,1,O=C(O)CCCCCCCCCCCCCCC(=O)O
CCCCCCCCCCCCCCCCCCCCCCCCCCO,1,CCCCCCCCCCCCCCCCCCCCCCCCCCO
O=C1OC(C(C=CC(N(CC)CC)=C2)=C2O3)(C4=C1C=CC=C4)C5=C3C=C(N(CC)CC)C=C5,0,CCN(CC)c1ccc2c(c1)Oc1cc(N(CC)CC)ccc1C21OC(=O)c2ccccc21
OC(C1=CC=C(Cl)C=C1)(C(OCC)=O)C2=CC=C(Cl)C=C2,0,CCOC(=O)C(O)(c1ccc(Cl)cc1)c1ccc(Cl)cc1
O=P(OC)(OC)OC,0,COP(=O)(OC)OC
CC(C(C=CC=C1)=C1C)C,0,Cc1ccccc1C(C)C
O=N(=O)c1ccccc1N(=O)=O ,0,O=[N+]([O-])c1ccccc1[N+](=O)[O-]
O=C1OC(C2=C1C=CC(C(O)=O)=C2)=O,1,O=C(O)c1ccc2c(c1)C(=O)OC2=O
OC(COC(N)=O)COC1=C(OC)C=CC=C1,0,COc1ccccc1OCC(O)COC(N)=O
CC1=CC(N(=O)=O)=CC(N(=O)=O)=C1O,0,Cc1cc([N+](=O)[O-])cc([N+](=O)[O-])c1O
CC(C)C1=CC(C)=CC=C1,0,Cc1cccc(C(C)C)c1
N(=C=NC(CCCC1)C1)C(CCCC2)C2,0,C(=NC1CCCCC1)=NC1CCCCC1
C(#N)S[Na],0,N#C[S][Na]
ClC(OCC)=O,1,CCOC(=O)Cl
ClC1=CC(Cl)=CC=C1,0,Clc1cccc(Cl)c1
C(CCCCCCCCCCCCCCCCCCCCCCCCCCCCCC)C ,1,CCCCCCCCCCCCCCCCCCCCCCCCCCCCCCCC
CC(C)O[Ti](OC(C)C)(OC(C)C)OC(C)C,1,CC(C)[O][Ti]([O]C(C)C)([O]C(C)C)[O]C(C)C
OC(C1=CC=CC=C1N(=O)=O)=O,1,O=C(O)c1ccccc1[N+](=O)[O-]
O=C(OC(=O)c1ccc(C(=O)O)c2)c12 ,1,O=C(O)c1ccc2c(c1)C(=O)OC2=O
NC1=CC=C(Cl)C=C1Cl,0,Nc1ccc(Cl)cc1Cl
OC1=CC=CC(N(=O)=O)=C1,1,O=[N+]([O-])c1cccc(O)c1
O=N(NC(N)=N)=O,0,N=C(N)N[N+](=O)[O-]
O=P(OC1=CC(C)=CC=C1)(OC2=CC(C)=CC=C2)OC3=CC(C)=CC=C3,0,Cc1cccc(OP(=O)(Oc2cccc(C)c2)Oc2cccc(C)c2)c1
CC(CCl)=C,1,C=C(C)CCl
CC(C(C)C)=O,1,CC(=O)C(C)C
OC1=CC=CC(Cl)=C1Cl,0,Oc1cccc(Cl)c1Cl
c(c(ccc1)C(C)C)(c1)C(C)C ,0,CC(C)c1ccccc1C(C)C
CN(C(C)=O)C1=CC=CC=C1,0,CC(=O)N(C)c1ccccc1
SC1=NC2=C(N1)C=CC=C2,0,Sc1nc2ccccc2[nH]1
OC1=CC(Cl)=CC=C1Cl,0,Oc1cc(Cl)ccc1Cl
CC(NCC1=CC=CC=C1)=O,1,CC(=O)NCc1ccccc1
O=CC1=CC(OC)=CC=C1,1,COc1cccc(C=O)c1
CC(CC(OCCCC)=O)=O,1,CCCCOC(=O)CC(C)=O
C1([Sn](C2=CC=CC=C2)(C3=CC=CC=C3)C4=CC=CC=C4)=CC=CC=C1,0,c1cc[c]([Sn]([c]2ccccc2)([c]2ccccc2)[c]2ccccc2)cc1
CC(C)(C1=CC=C(O)C=C1)C2=CC=CC=C2,0,CC(C)(c1ccccc1)c1ccc(O)cc1
O=C(C1=CC=CC(N(=O)=O)=C1C(O)=O)O,0,O=C(O)c1cccc([N+](=O)[O-])c1C(=O)O
O=N(C1=CC=CC2=C(C=CC=C21)N(=O)=O)=O,0,O=[N+]([O-])c1cccc2c([N+](=O)[O-])cccc12
ClC1=CC(Cl)=CC(N(=O)=O)=C1O,0,O=[N+]([O-])c1cc(Cl)cc(Cl)c1O
OC1=CC=CC=C1NC(C)=O,1,CC(=O)Nc1ccccc1O
CC1=CC(O)=C(Cl)C=C1,0,Cc1ccc(Cl)c(O)c1
NC(c(cccc1)c1)C ,0,CC(N)c1ccccc1
OC1=CC(CC)=CC=C1,1,CCc1cccc(O)c1
O=Cc(ccc(c1)C=O)c1 ,1,O=Cc1ccc(C=O)cc1
O=C(OC)C=CC(=O)OC ,1,COC(=O)C=CC(=O)OC
O=C(NCC)C ,1,CCNC(C)=O
CC(O)CC(C)O ,1,CC(O)CC(C)O
O=C(CCCCC(OCC)=O)O,1,CCOC(=O)CCCCC(=O)O
C(CCCCCCCCCCC)C ,1,CCCCCCCCCCCCC
C(CCCCCCCCCCCC)C ,1,CCCCCCCCCCCCCC
C(CCCCCCCCCCCCCCC)C ,1,CCCCCCCCCCCCCCCCC
C(CCCCCCCCCCCCCCCCC)C ,1,CCCCCCCCCCCCCCCCCCC
C(CCCCCCCCCCCCCCCCCCCCCCCC)C ,1,CCCCCCCCCCCCCCCCCCCCCCCCCC
CCCCCCCCCCCCCCCCCCCCCCCCCCCCC,1,CCCCCCCCCCCCCCCCCCCCCCCCCCCCC
C(CCCCCCCCCCCCCCCCCCCCC)C ,1,CCCCCCCCCCCCCCCCCCCCCCC
Cl[Sn](C1=CC=CC=C1)(C2=CC=CC=C2)C3=CC=CC=C3,0,[Cl][Sn]([c]1ccccc1)([c]1ccccc1)[c]1ccccc1
C(CCCCCCCCCCCCCCCCCCCCCC)C ,1,CCCCCCCCCCCCCCCCCCCCCCCC
O=P(N(C)C)(N(C)C)N(C)C,0,CN(C)P(=O)(N(C)C)N(C)C
CCCCCCCCCCCCCCCCCCOC(CCSCCC(OCCCCCCCCCCCCCCCCCC)=O)=O,1,CCCCCCCCCCCCCCCCCCOC(=O)CCSCCC(=O)OCCCCCCCCCCCCCCCCCC
O=C(O)CCCCCCCCCCCN ,1,NCCCCCCCCCCCC(=O)O
CC1=NC=CN1,0,Cc1ncc[nH]1
CC1=CC=CC(NC)=C1,0,CNc1cccc(C)c1
O=C1N(SC(F)(Cl)Cl)C(C2=C1C=CC=C2)=O,0,O=C1c2ccccc2C(=O)N1SC(F)(Cl)Cl
OC1=CC=C(C#N)C=C1,1,N#Cc1ccc(O)cc1
O=[Sn](CCCC)CCCC,0,CCC[CH2][Sn](=[O])[CH2]CCC
C=CC(OCCO)=O,1,C=CC(=O)OCCO
O=C1N(CCO)C(N(CCO)C(N1CCO)=O)=O,0,O=c1n(CCO)c(=O)n(CCO)c(=O)n1CCO
OC1=CC=C(C2(C3=CC=C(O)C=C3)CCCCC2)C=C1,0,Oc1ccc(C2(c3ccc(O)cc3)CCCCC2)cc1
ClC1=C(C=CC=C1)C#N,0,N#Cc1ccccc1Cl
Oc1c(C(C)(C)CC(C)(C)C)cc(O)c(C(C)(C)CC(C)(C)C)c1,0,CC(C)(C)CC(C)(C)c1cc(O)c(C(C)(C)CC(C)(C)C)cc1O
CCCCCC(CCCCC)=O,1,CCCCCC(=O)CCCCC
O=C1CCCCCCCCCCCN1,0,O=C1CCCCCCCCCCCN1
c(ccc(c1)C=C)(c1)Cl ,0,C=Cc1ccc(Cl)cc1
CSC(C=C1)=CC=C1O,0,CSc1ccc(O)cc1
O=S(N(C1=CC=CC=C1)SC(Cl)(F)Cl)(N(C)C)=O,0,CN(C)S(=O)(=O)N(SC(F)(Cl)Cl)c1ccccc1
ClP(CC1=CC=CC=C1)(C2=CC=CC=C2)(C3=CC=CC=C3)C4=CC=CC=C4,0,ClP(Cc1ccccc1)(c1ccccc1)(c1ccccc1)c1ccccc1
COC(CCCC(OC)=O)=O,1,COC(=O)CCCC(=O)OC
CCCCCCCCNCCCCCCCC,1,CCCCCCCCNCCCCCCCC
OC(C1=CC=C2C=C(C(O)=O)C=CC2=C1)=O,0,O=C(O)c1ccc2cc(C(=O)O)ccc2c1
CC(C1=CC=C(C=C1)OC#N)(C2=CC=C(C=C2)OC#N)C,0,CC(C)(c1ccc(OC#N)cc1)c1ccc(OC#N)cc1
O=C1CCCCC1C2=CCCCC2,0,O=C1CCCCC1C1=CCCCC1
CC1=CC(Cl)=CC=C1O,0,Cc1cc(Cl)ccc1O
C=CC1=CC=C(C=C1)CCl,0,C=Cc1ccc(CCl)cc1
COC(C)(C)C,0,COC(C)(C)C
CCC1CCCCC1,0,CCC1CCCCC1
ClC1=CC=C(C(C)=C)C=C1,0,C=C(C)c1ccc(Cl)cc1
CC(C)=NNC(N)=S,0,CC(C)=NNC(N)=S
S=C(N(C)C)S[Sn](C1=CC=CC=C1)(C2=CC=CC=C2)C3=CC=CC=C3,0,CN(C)C(=S)[S][Sn]([c]1ccccc1)([c]1ccccc1)[c]1ccccc1
OC1=CC=C(C(C)(C)CC(C)(C)C)C=C1,0,CC(C)(C)CC(C)(C)c1ccc(O)cc1
O=C(C1=C(O)C=C(OCCCCCCCC)C=C1)C2=CC=CC=C2,0,CCCCCCCCOc1ccc(C(=O)c2ccccc2)c(O)c1
OC1=C(C(C)(C)C)C=C(C)C=C1C,0,Cc1cc(C)c(O)c(C(C)(C)C)c1
CCNC1=NC(NC(C)C)=NC(Cl)=N1,0,CCNc1nc(Cl)nc(NC(C)C)n1
NC1=C2C(O)=C(C(S(O[Na])(=O)=O)=CC2=CC(S(O[Na])(=O)=O)=C1N=NC3=CC=C(C=C3)C4=CC=C(C=C4)N=NC5=C(N)C=C(N)C=C5)N=NC6=CC=CC=C6,0,Nc1ccc(N=Nc2ccc(-c3ccc(N=Nc4c(S(=O)(=O)[O][Na])cc5cc(S(=O)(=O)[O][Na])c(N=Nc6ccccc6)c(O)c5c4N)cc3)cc2)c(N)c1
Oc(ccc(c1)C(c(cccc2)c2)C)c1 ,0,CC(c1ccccc1)c1ccc(O)cc1
OC1=C(Cl)C=C(Cl)C2=C1C=CC=C2,0,Oc1c(Cl)cc(Cl)c2ccccc12
N(CCCCC)CCCCC ,1,CCCCCNCCCCC
O=C(OCCCCCCCCCCCCCCCCCC)CCC1=CC(C(C)(C)C)=C(O)C(C(C)(C)C)=C1,0,CCCCCCCCCCCCCCCCCCOC(=O)CCc1cc(C(C)(C)C)c(O)c(C(C)(C)C)c1
S=P(OCC)(C1=CC=CC=C1)OC2=CC=C(C=C2)N(=O)=O,0,CCOP(=S)(Oc1ccc([N+](=O)[O-])cc1)c1ccccc1
OC(C(CCC1C)C(C)C)C1 ,0,CC1CCC(C(C)C)C(O)C1
CCCCCCCCC#N,1,CCCCCCCCC#N
OC1=C(C(C)(C)C)C=C(C)C=C1,0,Cc1ccc(O)c(C(C)(C)C)c1
CC1=CC=C(C)C(C)=C1O,0,Cc1ccc(C)c(O)c1C
CCCCOCC1CO1,1,CCCCOCC1CO1
c1(Br)c(O)c(Br)cc(C)c1,0,Cc1cc(Br)c(O)c(Br)c1
OC(C=CC(C)=C1)=C1N2N=C(C=CC=C3)C3=N2,0,Cc1ccc(O)c(-n2nc3ccccc3n2)c1
O(CCCCCCCCCC)CCCCCCCCCC ,1,CCCCCCCCCCOCCCCCCCCCC
O=C(OCCCCCCCC)C=C ,1,C=CC(=O)OCCCCCCCC
O=C1NSC2=CC=CC=C21,0,O=c1[nH]sc2ccccc12
C=CC(N(C)C)=O,0,C=CC(=O)N(C)C
FC(F)(F)C(F)(C(F)(C(F)(C(F)(C(F)(C(F)(C(F)(S(=O)(O[K])=O)F)F)F)F)F)F)F,0,O=S(=O)([O][K])C(F)(F)C(F)(F)C(F)(F)C(F)(F)C(F)(F)C(F)(F)C(F)(F)C(F)(F)F
NC1=CC(C(O)=O)=CC=C1Cl,0,Nc1cc(C(=O)O)ccc1Cl
O=C(OC)CCS ,1,COC(=O)CCS
C12CC=CCC1CC=C2,0,C1=CCC2CC=CC2C1
CCCCCCCCCCCCCCCCCCCCCC(N)=O,0,CCCCCCCCCCCCCCCCCCCCCC(N)=O
CCCC[Sn](CCCC)(OC(CCCCCCCCCCC)=O)CCCC,0,CCCCCCCCCCCC(=O)[O][Sn]([CH2]CCC)([CH2]CCC)[CH2]CCC
OC1=CC(C)=C(C=C1)SC,0,CSc1ccc(O)cc1C
O=C(NC1=CC(C)=C(C=C1)N=NC2=CC3=C(C(S(=O)(O[Na])=O)=C2)C=CC=C3S(=O)(O[Na])=O)NC4=CC(C)=C(N=NC5=CC6=C(C=CC=C6S(=O)(O[Na])=O)C(S(=O)(O[Na])=O)=C5)C=C4,0,Cc1cc(NC(=O)Nc2ccc(N=Nc3cc(S(=O)(=O)[O][Na])c4cccc(S(=O)(=O)[O][Na])c4c3)c(C)c2)ccc1N=Nc1cc(S(=O)(=O)[O][Na])c2cccc(S(=O)(=O)[O][Na])c2c1
BrCC(CBr)(CBr)CBr,0,BrCC(CBr)(CBr)CBr
CCCCCCCC[Sn](CCCCCCCC)(CCCCCCCC)CCCCCCCC,0,CCCCCCC[CH2][Sn]([CH2]CCCCCCC)([CH2]CCCCCCC)[CH2]CCCCCCC
ClC1=C(OC(CCCCCCCCCCC)=O)C(Cl)=C(Cl)C(Cl)=C1Cl,0,CCCCCCCCCCCC(=O)Oc1c(Cl)c(Cl)c(Cl)c(Cl)c1Cl
COP1(OCC2=CC=CC=C2O1)=S,0,COP1(=S)OCc2ccccc2O1
OC1=C(C=C(C)C=C1C(C)(C)C)N2N=C3C=CC(Cl)=CC3=N2,0,Cc1cc(-n2nc3ccc(Cl)cc3n2)c(O)c(C(C)(C)C)c1
C(CCCCCCCCCCCCCCCCCCCCCCCCCCCCCCCCCCCCCC)C ,1,CCCCCCCCCCCCCCCCCCCCCCCCCCCCCCCCCCCCCCCC
OC1=CC=C(C(C)=C)C=C1,0,C=C(C)c1ccc(O)cc1
CNCC(O[Na])=O,1,CNCC(=O)[O][Na]
ClC1=C(C=C(C(OC)=C1)NC(CC(C)=O)=O)OC,0,COc1cc(NC(=O)CC(C)=O)c(OC)cc1Cl
CC(CCO)CCO,1,CC(CCO)CCO
OCCN1CN(CCO)CN(CCO)C1,1,OCCN1CN(CCO)CN(CCO)C1
C1(SC(SN(C2CCCCC2)C3CCCCC3)=N4)=C4C=CC=C1,0,c1ccc2sc(SN(C3CCCCC3)C3CCCCC3)nc2c1
O=N(C1=C(C=CC(S(=O)(NC2=CC=CC=C2)=O)=C1)NC3=CC=CC=C3)=O,0,O=[N+]([O-])c1cc(S(=O)(=O)Nc2ccccc2)ccc1Nc1ccccc1
Oc1cc(Cl)ccc1C ,0,Cc1ccc(Cl)cc1O
O=N(C1=CC(O)=C(C=C1)C)=O,0,Cc1ccc([N+](=O)[O-])cc1O
CC(C)(C)CC(C)CC=O,0,CC(CC=O)CC(C)(C)C
CCC(C=C1)=CC=C1C2=CC=CC=C2,0,CCc1ccc(-c2ccccc2)cc1
CC1CCCCC1OC(C)=O,1,CC(=O)OC1CCCCC1C
CCCCCCCCCCCCCCCS(=O)(O[Na])=O,1,CCCCCCCCCCCCCCCS(=O)(=O)[O][Na]
NC1=C(S(=O)(O[Na])=O)C=C(Br)C2=C1C(C3=CC=CC=C3C2=O)=O,0,Nc1c(S(=O)(=O)[O][Na])cc(Br)c2c1C(=O)c1ccccc1C2=O
C12=NCCCN1CCCCC2,0,C1CCC2=NCCCN2CC1
CC1CC(OOC(C)(C)C)(OOC(C)(C)C)CC(C)(C)C1,0,CC1CC(C)(C)CC(OOC(C)(C)C)(OOC(C)(C)C)C1
CC1C(N)CCC(CC2CC(C)C(N)CC2)C1,0,CC1CC(CC2CCC(N)C(C)C2)CCC1N
C(CCCCCCCCCCCCCCCCCCCCCCCCCCCCCCCCCCC)C ,1,CCCCCCCCCCCCCCCCCCCCCCCCCCCCCCCCCCCCC
C(CCCCCCCCCCCCCCCCCCCCCCCCCCCCCCCCCCCC)C ,1,CCCCCCCCCCCCCCCCCCCCCCCCCCCCCCCCCCCCCC
CCCCC(CC)C(OCC(COC(C(CC)CCCC)=O)(COC(C(CC)CCCC)=O)COC(C(CC)CCCC)=O)=O,0,CCCCC(CC)C(=O)OCC(COC(=O)C(CC)CCCC)(COC(=O)C(CC)CCCC)COC(=O)C(CC)CCCC
O=C(CC(=O)CC)CC ,1,CCC(=O)CC(=O)CC
OCCC(O)(CCO)C ,0,CC(O)(CCO)CCO
CC(C)(C1=CC=C(NC2=CC=C(C(C)(C3=CC=CC=C3)C)C=C2)C=C1)C4=CC=CC=C4,0,CC(C)(c1ccccc1)c1ccc(Nc2ccc(C(C)(C)c3ccccc3)cc2)cc1
OC(C(CCC(=C1)C)C1)(C)C ,1,CC1=CCC(C(C)(C)O)CC1
S=C1S[Zn]SC(NCCN1)=S,0,S=C1NCCNC(=S)[S][Zn][S]1
ClCC(Cl)(CCl)Cl,0,ClCC(Cl)(Cl)CCl
CC1=C(CC2=CC=CC=C2)C=C(C)C=C1,0,Cc1ccc(C)c(Cc2ccccc2)c1
BrC1=C(Br)C(Br)=C(Br)C(Br)=C1C2=C(Br)C(Br)=C(Br)C(Br)=C2Br,0,Brc1c(Br)c(Br)c(-c2c(Br)c(Br)c(Br)c(Br)c2Br)c(Br)c1Br
ClCC(C)OP(OC(C)CCl)(OC(C)CCl)=O,0,CC(CCl)OP(=O)(OC(C)CCl)OC(C)CCl
O=C1C=CC(N1C(C=C2)=CC=C2CC(C=C3)=CC=C3N4C(C=CC4=O)=O)=O,0,O=C1C=CC(=O)N1c1ccc(Cc2ccc(N3C(=O)C=CC3=O)cc2)cc1
S=C(N(CCCC)CCCC)S[Ni]SC(N(CCCC)CCCC)=S,0,CCCCN(CCCC)C(=S)[S][Ni][S]C(=S)N(CCCC)CCCC
C(C)CCCCCCCCCCCCCCCCCCCCCCCCCCCCCCCC ,1,CCCCCCCCCCCCCCCCCCCCCCCCCCCCCCCCCC
CCCCC(CC)CP(OCC(CC)CCCC)(O)=O,0,CCCCC(CC)COP(=O)(O)CC(CC)CCCC
CC1=CC=CC=C1S(=O)(O[Na])=O,0,Cc1ccccc1S(=O)(=O)[O][Na]
C1(COP(OCC2=CC=CC=C2)OCC3=CC=CC=C3)=CC=CC=C1,1,c1ccc(COP(OCc2ccccc2)OCc2ccccc2)cc1
CC1=CC(S(=O)(O[Sr]OC2=O)=O)=C(N=NC3=C4C=CC=CC4=CC2=C3O)C=C1Cl,0,Cc1cc2c(cc1Cl)N=Nc1c(O)c(cc3ccccc13)C(=O)[O][Sr][O]S2(=O)=O
SC1=NC(N)=NN1,0,Nc1n[nH]c(S)n1
O=C(OC)C(Cl)C ,1,COC(=O)C(C)Cl
O=C(OCCCCCCCCCCCCCCCCCCCCCC)CCCCCCCCCCCCCCCCCCCCC,1,CCCCCCCCCCCCCCCCCCCCCCOC(=O)CCCCCCCCCCCCCCCCCCCCC
OC1=C(C(O)=O)C=C(C(C)(C)C)C=C1C(C)(C)C,0,CC(C)(C)c1cc(C(=O)O)c(O)c(C(C)(C)C)c1
O=C1c2c(Cl)c(Cl)c(Cl)c(Cl)c2C3=Nc4cccc5c4c(N13)ccc5,0,O=C1c2c(Cl)c(Cl)c(Cl)c(Cl)c2C2=Nc3cccc4cccc(c34)N12
NCCCC1OCC2(COC(CCCN)OC2)CO1,0,NCCCC1OCC2(CO1)COC(CCCN)OC2
OC1=CC=C(O)C=C1S(=O)(O[K])=O,1,O=S(=O)([O][K])c1cc(O)ccc1O
CC=CC=CC(O[K])=O,1,CC=CC=CC(=O)[O][K]
O=C1C(CCCCC)C(CC(OC)=O)CC1,1,CCCCCC1C(=O)CCC1CC(=O)OC
CC1=CC(OP(OC2=C(C)C(C)=CC=C2)(OC3=C(C)C=C(C)C=C3)=O)=CC(C)=C1,0,Cc1cc(C)cc(OP(=O)(Oc2ccc(C)cc2C)Oc2cccc(C)c2C)c1
O=C(OCC)C1=CC=C(NC(CCl)=O)C=C1,1,CCOC(=O)c1ccc(NC(=O)CCl)cc1
CC(OCCN(C1=CC=C(N=NC2=NC3=C(C=C(C=C3)Cl)S2)C(NC(C4=CC=CC=C4)=O)=C1)CCOC(C)=O)=O,0,CC(=O)OCCN(CCOC(C)=O)c1ccc(N=Nc2nc3ccc(Cl)cc3s2)c(NC(=O)c2ccccc2)c1
O=C(c1c(C(OCCCCCCCC(C)C)=O)cccc1)OCCCCCCCC(C)C,0,CC(C)CCCCCCCOC(=O)c1ccccc1C(=O)OCCCCCCCC(C)C
O=C(OCCN(c(ccc(N=Nc(c(cc(N(=O)(=O))c1)Cl)c1)c2NC(=O)CC)c2)CCOC(=O)C)C ,0,CCC(=O)Nc1cc(N(CCOC(C)=O)CCOC(C)=O)ccc1N=Nc1ccc([N+](=O)[O-])cc1Cl
C=C(C)C(OCCCCCCCCCCCCCCCCCC)=O,1,C=C(C)C(=O)OCCCCCCCCCCCCCCCCCC
O=CC1=C(S(=O)(O[Na])=O)C=C(S(=O)(O[Na])=O)C=C1,0,O=Cc1ccc(S(=O)(=O)[O][Na])cc1S(=O)(=O)[O][Na]
OCNCCO,1,OCCNCO
O=C1CCCCCCCCCCC=CCCC1,1,O=C1CCCC=CCCCCCCCCCC1
c1c(C)cccc1NC(=O)OC ,1,COC(=O)Nc1cccc(C)c1
O=Cc(cc(Oc(cccc1)c1)cc2)c2 ,0,O=Cc1cccc(Oc2ccccc2)c1
O=C(OCC)C(C(C(OCC)=O)=O)[Na],1,CCOC(=O)C(=O)[CH]([Na])C(=O)OCC
O=C(NC1=CC=CC(N(CCO)CCO)=C1)C2=CC=CC=C2,0,O=C(Nc1cccc(N(CCO)CCO)c1)c1ccccc1
Nc(c(cc(c1)C)C)c1Cl ,0,Cc1cc(C)c(N)c(Cl)c1
CN(C)C(S[Zn]SC(NCCNC(S[Zn]SC(N(C)C)=S)=S)=S)=S,0,CN(C)C(=S)[S][Zn][S]C(=S)NCCNC(=S)[S][Zn][S]C(=S)N(C)C
O=C(O)CCCCCCCCCCCCCCCCCCCCC=C,1,C=CCCCCCCCCCCCCCCCCCCCCC(=O)O
O=N(C1=CC(Cl)=C(N=NC2=CC=C(N(CCC#N)CCC#N)C=C2)C(Cl)=C1)=O,0,N#CCCN(CCC#N)c1ccc(N=Nc2c(Cl)cc([N+](=O)[O-])cc2Cl)cc1
NC1=C(S(=O)(O)=O)C=C(C2=CC(Cl)=C(N)C(S(=O)(O)=O)=C2)C=C1Cl,0,Nc1c(Cl)cc(-c2cc(Cl)c(N)c(S(=O)(=O)O)c2)cc1S(=O)(=O)O