,SMILES,LogHalfLife,Estimate,Tr_1_Tst_0
0,c1c2ccccc2c2ccc3cccc4ccc1c2c34,2.3502,2.6249,1
1,c1c2c3ccccc3ccc2cc2c3ccccc3ccc21,2.6232,2.7088,1
2,c1c2c3ccccc3ccc2cc2ccccc21,2.4564,2.5363,1
3,c1ccccc1,0.7782,0.6577,0
4,CCC(C)(C)C,1.2788,0.8432,1
5,C1Cc2cccc3cccc1c23,1.5911,1.2736,1
6,c1cc2ccccc2c2ccccc21,1.6232,1.1752,1
7,C1c2ccccc2-c2ccccc21,1.6435,1.18,0
8,Cc1cccc2ccccc21,0.96215,0.9489,1
9,c1cccc2ccccc21,0.4771,0.7451,1
10,Cc1cc2ccccc2cc1,1.1461,0.9489,1
11,c1ccccc1-c1ccccc1,1.4914,1.4914,0
12,C1C=Cc2ccccc21,0.4771,0.3117,1
13,s(c(c(c1)ccc2)c2)c1,1.3979,1.2692,1
14,Cc1ccccc1C,0.7782,0.6475,1
15,Cc1cc(C)c(C)cc1,0.6021,0.6425,0
16,Cc1cc(C)c(C)cc1C,0.8451,0.6374,1
17,CC1CCCC1,0.6021,0.7752,1
18,CC(C)c1ccccc1,1.1761,1.027,1
19,CCc1ccccc1,0.9031,0.6963,0
20,CCCc1ccccc1,0.6021,0.7627,1
21,Cc1ccc(C)cc1,0.9542,0.6475,1
22,CC(C)CC(C)C,1.6812,0.7506,1
23,Cc1cc(C)ccc1,1.0,0.6475,0
24,Cc1cc(C)cc(C)c1,0.4771,0.6425,1
25,CC1CCCCC1,0.6021,0.8639,1
26,Cc1ccccc1,0.301,0.6526,1
27,CCCCC,0.699,0.6056,0
28,CCCCCC,0.9542,0.6721,1
29,C1CCCCC1,1.699,1.7434,1
30,CC(C)CCCC(C)CCCC(C)CCCCC(C)CCCC(C)CCCC(C)C,1.6232,2.523,1
31,CCCCCCCC,0.9542,0.8049,0
32,CCCCCCCCC,0.9542,0.8713,1
33,CCCCCCCCCCCC,1.0,1.0705,1
34,CCCCCCCCCCCCCCCCCCCC,1.3979,1.6017,1
35,C1CCCc2ccccc21,0.9031,0.1656,0
36,c1c2ccccc2cc2ccccc21,2.0899,2.0899,1
37,CCCCCCCCCC,0.9542,0.9377,1
38,c1cc2cccc3ccc4cccc1c4c32,2.3747,2.4524,1
39,c1cccc2[s]c3ccccc3c21,1.5563,1.4418,0
40,CCc1cc(CC)ccc1,0.8451,0.7348,1
41,CCCCCCC,0.8451,0.7385,1
42,c1c2ccccc2c2ccc3c4c2c1ccc4cc1ccccc13,2.4713,2.7975,1
43,c1cc2ccc3ccc4ccc5ccc6ccc1c1c6c5c4c3c21,2.8651,2.8022,0
44,c1cc2ccc3cccc4c3c2c2c3c4cccc3ccc21,2.7497,2.7136,1
45,c1cc2cccc3c2c2c(cccc21)c1ccccc31,2.5623,2.6249,1
46,c1c2c3c4c5c1cccc5ccc4ccc3-c1ccccc1-2,2.5185,2.5431,1
47,c1ccc2c3c(cccc31)c1cccc3cccc2c31,2.9533,2.6249,0
48,c1cc2cccc3c2c2c4c-3cccc4ccc21,2.5441,2.3706,1
49,c1cc2c(c3ccccc31)-c1cccc3cccc-2c31,2.4771,2.4544,1
50,c1c2c3c(cccc3-c3ccccc3-2)c2ccccc21,2.4502,2.4544,1
51,c1ccc2c3c(cccc31)-c1ccccc1-2,2.1673,2.2819,0
52,c1c2-c3cccc4cccc(c43)-c2cc2ccccc21,2.5453,2.4544,1
53,c1ccc2C=Cc3cccc1c32,1.5798,1.4871,1
54,c1cccc2c1c1ccccc1c1ccccc12,2.5775,2.5363,1
55,c1cc2c3ccccc3ccc2c2ccccc21,2.5775,2.5363,0
56,C1c2c3ccccc3ccc2-c2ccccc21,2.1492,2.5411,1
57,C1C2CC3CC1CC(C2)C3,3.0,1.7129,1
58,C1CCCC1,1.699,1.6546,1
59,CC(C)C(C)(C)C,0.7782,0.9709,0
60,Cc1ccc(C)c(C)c1C,0.6021,0.6374,1
61,C1CCc2ccccc21,0.7782,0.4635,1
62,Cc1c(C)cccc1C,0.6021,0.6425,1
63,Cc1cc(C)c(C)c(C)c1,0.4771,0.6374,0
64,c(cccc1)(c1)CC(C)C,1.0,0.8904,1
65,CC(C)CC(C)(C)C,1.6021,1.0373,1
66,CCCCCCCCCCCCCCCC,1.2304,1.3361,1
67,CCCCCCCCCCCCCCCCCCCCCCCCCCCCCCCC,2.4533,2.4657,0
68,CCC(C)(C)C(C)C,1.7243,1.0373,1
69,CC(C)(CC)CC,0.9542,0.9096,1
70,CCC(C)(C)CCC,0.699,0.976,1
71,CC(C)(C)C(C)CC,0.8451,1.0373,0
72,C(C(CC)C)(C)C,0.8451,0.7506,1
73,CC(C(C)C)C(C)C,1.1761,0.8783,1
74,Cc1ccc(C)c2ccccc12,1.1761,1.1526,1
75,Cc1cc2ccccc2cc1C,1.1761,1.1526,0
76,C(C(CC)C)(CC)C,0.4771,0.817,1
77,CC1CCCCC1C,1.2553,0.7055,1
78,CC(C)C(C)CCC,1.415,0.817,0
79,CCC(C)CCC,0.9542,0.6893,1
80,CC(C)CC(C)CC,0.8451,0.817,1
81,CC(CCC)CCC,0.6021,0.7557,1
82,C(CCCC)(CC)C,0.4771,0.7557,0
83,CCCC(C)(C)C,0.8451,0.9096,1
84,CCCCC(C)(C)C,0.6021,0.976,1
85,CCCCC(C)C,0.4771,0.6893,1
86,CC(C)CCC(C)C,1.3979,0.817,0
87,CCCCCC(C)C,0.4771,0.7557,1
88,CCCCCCCCCCCCCCCCCC,1.3222,1.4689,1
89,CCCCCCCCCCCCCCCCCCCCCCCCCCC,2.1492,1.956,1
90,CC(C)C(CC)CC,0.7782,0.817,0
91,Cc1ccccc1CC,0.6021,0.6912,1
92,CCC(CC)CC,0.6021,0.6893,1
93,CCCC(CC)CC,0.6021,0.7557,1
94,Cc1cccc(CC)c1,0.4771,0.6912,0
95,Cc1ccc(CC)cc1,0.6021,0.6912,1
96,CCCCCCCCCCCCC,1.0792,1.1369,1
97,CCCCCCCCCCCCCC,1.3617,1.2033,1
98,CCCCCCCCCCCCCCC,1.415,1.2697,0
99,CCCCCCCCCCCCCCCCC,1.301,1.4025,1
100,CCCCCCCCCCCCCCCCCCC,1.2553,1.5353,1
101,CCCCCCCCCCCCCCCCCCCCC,1.3979,1.6681,1
102,CCCCCCCCCCCCCCCCCCCCCC,2.0969,1.624,0
103,CCCCCCCCCCCCCCCCCCCCCCCCC,2.0828,1.8232,1
104,CCCCCCCCCCCCCCCCCCCCCCCCCC,2.0,1.8896,1
105,CCCCCCCCCCCCCCCCCCCCCCCCCCCC,2.0969,2.0224,1
106,CCCCCCCCCCCCCCCCCCCCCCCCCCCCC,2.0,2.0888,0
107,CCCCCCCCCCCCCCCCCCCCCCCCCCCCCCC,2.4409,2.3993,1
108,CCCCCCCCCCCCCCCCCCCCCCCCCCCCCCCCC,2.5599,2.5321,1
109,CCCCCCCCCCCCCCCCCCCCCCC,2.1614,1.6904,1
110,CCCCCCCCCCCCCCCCCCCCCCCCCCCCCC,2.243,2.1552,0
111,Cc1ccc(cc1)-c1ccccc1,1.5798,1.4863,1
112,CCCCCCCCCCCCCCCCCCCCCCCC,2.0569,1.7568,1
113,CC1=CCc2ccccc21,0.4771,0.2215,1
114,Cc1c2ccccc2cc2ccccc21,2.415,2.2937,0
115,Cc1cccc2CCCc21,0.301,0.4584,1
116,Cc1cccc2c3ccccc3ccc21,1.3617,1.379,1
117,Cc1cc2CCCc2cc1,0.301,0.4584,1
118,CCc1ccc(C)cc1C,0.6021,0.6861,0
119,c(c(c(cc1)C)C)(c1)CC,0.7782,0.6861,1
120,CCc1cc(C)cc(C)c1,0.301,0.6861,1
121,CCc1cc(C)c(C)cc1,0.699,0.6861,1
122,CC(C)C(C)CC(C)C,0.9031,0.9447,0
123,CCCCCC(C)(C)C,0.7782,1.0424,1
124,Cc1ccccc1CCC,0.4771,0.7576,1
125,CCCCCCCCCCC,0.8451,1.0041,1
126,CC1(C)CCCC1,1.2788,1.3256,0
127,CCC1CCCC1,1.1761,0.8416,1
128,CCC1CCCCC1,0.301,0.9303,1
129,CCc1cc(C)ccc1C,0.4771,0.6861,1
130,C(CCCC(CCCC(CCCC(C)C)C)C)(C)C,1.6232,1.67,0
131,CC1Cc2ccccc2C=1,0.4771,0.994,1
132,CCCC(C)CC(C)C,0.7782,0.8834,1
133,CCC(C)CCC(C)C,0.7782,0.8834,1
134,CCC(C)CCCCC,0.699,0.8221,0
135,CCCC(C)CCCC,0.699,0.8221,1
136,C15CC(C(CC2CC34)C4C1)C(C3C5)C2,3.301,2.9349,1
137,CCC1C3=C(C=CC=C3)C2=C1C=CC=C2,1.4624,1.5772,1
138,Cc1ccc2ccc3cccc4ccc1c2c34,1.9638,2.0365,0
139,C(CC1C)CC1C,0.6021,0.6167,1
140,C1(C)CC(C)CC1,0.6021,0.6167,1
141,Cc1cc2ccc3ccccc3c2cc1,1.3617,1.379,1
142,C(C(C(C1C2)CC3)C3)(C1)C2,3.0,1.7129,0
143,CC(C)CCCCCC,0.699,0.8221,1
144,CC(C)CCC(C)(C)C,1.2553,1.1037,1
145,CCCCCCCCCCCCCCCCCCCCCCCCCCCCCCCCCC,2.5832,2.5985,1
146,CCCC(C)CCC(C)C,0.301,0.9498,0
147,C=CCCCCCCCCCCC=C,1.1139,1.1139,1
148,Cc1c(ccc2c1cccc2)C,1.1761,1.1526,0
149,Cc1cc2c(c3c1cccc3C)cccc2C,1.9191,1.7865,1
