,SMILES,HL,LogHL
0,C=O,3.37e-07,-6.472370099
1,CC(O)C(O)=O,8.13e-08,-7.089909454
2,ClC1=CC=C(C=C1)C(C1=CC=C(Cl)C=C1)C(Cl)(Cl)Cl,8.32e-06,-5.079876674
3,OC(=O)C1=C(Cl)C(Cl)=CC=C1Cl,2.12e-08,-7.673664139
4,C1=CC2=CC3=CC=C4C=CC=C5C=CC(=C2C=C1)C3=C45,4.57e-07,-6.3400838
5,COC(=O)[C@@H]1[C@H]2CC[C@@H](C[C@@H]1OC(=O)C1=CC=CC=C1)N2C,4.24e-11,-10.37263414
6,OC1=C(C=C(Cl)C=C1)C(=O)NC1=CC=C(C=C1Cl)[N+]([O-])=O,4e-12,-11.39794001
7,CC(=O)OC1=C(C=CC=C1)C(O)=O,1.3e-09,-8.886056648
8,OC1=C(C=C(C=C1)[N+]([O-])=O)[N+]([O-])=O,8.6e-08,-7.065501549
9,CN(CCCl)CCCl,2.91e-06,-5.536107011
10,CCOC(N)=O,6.43e-08,-7.191789027
11,OCC(Br)(CO)[N+]([O-])=O,1.33e-11,-10.87614836
12,COP(=O)(OC)C(O)C(Cl)(Cl)Cl,1.7e-11,-10.76955108
13,ClC(Cl)C(C1=CC=C(Cl)C=C1)C1=C(Cl)C=CC=C1,8.17e-06,-5.087777943
14,C1=CC2=CC=C3C=C4C(C=CC5=CC=CC=C45)=CC3=C2C=C1,1.41e-07,-6.850780887
15,CCN(CC)N=O,3.63e-06,-5.440093375
16,NC(=O)C1=CC=CC=C1,2.45e-10,-9.610833916
17,COP(=S)(OC)OC1=CC(C)=C(SC)C=C1,1.46e-06,-5.835647144
18,[O-][N+](=O)OCC(CO[N+]([O-])=O)O[N+]([O-])=O,8.66e-08,-7.062482108
19,CC(C)OP(F)(=O)OC(C)C,9.11e-06,-5.040481623
20,ClC(Cl)(Cl)Cl,0.0276,-1.559090918
21,CCOP(=S)(OCC)OC1=CC=C(C=C1)[N+]([O-])=O,2.98e-07,-6.525783736
22,CC1=C2CCC3=C4C=CC5=CC=CC=C5C4=CC(C=C1)=C23,5.24e-06,-5.280668713
23,C1=CC2=C(C=C1)C=C1C(C=CC3=C1C=CC=C3)=C2,1.2e-05,-4.920818754
24,CCOP(=S)(OCC)OC1=CC2=C(C=C1)C(C)=C(Cl)C(=O)O2,3.09e-08,-7.510041521
25,OCC(O)CO,1.73e-08,-7.761953897
26,C=CCN=C=S,0.000241,-3.617982957
27,CCCCCCCCCCCCCCCC(O)=O,2e-05,-4.698970004
28,CCCCCCCCCCCCCCCCCC(O)=O,4.76e-07,-6.322393047
29,NC(N)=O,1.74e-12,-11.75945075
30,CC(O)CO,1.29e-08,-7.88941029
31,CC1=C2C=CC=CC2=C(C)C2=C3C=CC=CC3=CC=C12,3.76e-06,-5.424812155
32,OC1=C(Cl)C(Cl)=C(Cl)C=C1Cl,8.84e-06,-5.053547735
33,CC1=C(Cl)C=CC(O)=C1,2.45e-06,-5.610833916
34,OCC(S)CS,9.39e-09,-8.027334408
35,O=NN1CCOCC1,2.45e-08,-7.610833916
36,OC(=O)CN(CCN(CC(O)=O)CC(O)=O)CC(O)=O,5.77e-16,-15.23882419
37,OCCC1=CC=CC=C1,2.56e-07,-6.591760035
38,OCCS,1.8e-07,-6.744727495
39,CCOCC,0.00123,-2.910094889
40,CNC(=O)CSP(=S)(OC)OC,2.43e-10,-9.614393726
41,NC1=NNC=N1,2.21e-13,-12.65560773
42,CCOC1=CC=C(NC(C)=O)C=C1,2.13e-10,-9.671620397
43,CCOS(C)(=O)=O,2.59e-07,-6.586700236
44,NC1=CC=CC=C1,2.02e-06,-5.694648631
45,NC(N)=S,1.98e-09,-8.70333481
46,COP(=O)(OC)OC=C(Cl)Cl,5.74e-07,-6.241088108
47,CN(C)N=O,1.82e-06,-5.739928612
48,CNC(=O)OC1=C2C=CC=CC2=CC=C1,3.27e-09,-8.485452247
49,CCO,5e-06,-5.301029996
50,OC=O,1.67e-07,-6.777283529
51,CC(O)=O,1e-07,-7.0
52,CCOS(=O)(=O)OCC,6.14e-06,-5.211831629
53,OC(=O)C1=CC=CC=C1,3.81e-08,-7.419075024
54,O=C1NC=CC(=O)N1,1.91e-09,-8.718966633
55,CCCCCC=O,0.000213,-3.671620397
56,CO,4.55e-06,-5.341988603
57,CC(C)O,8.1e-06,-5.091514981
58,CC(C)=O,3.5e-05,-4.455931956
59,ClC(Cl)Cl,0.00367,-2.435333936
60,CS(C)=O,1.51e-09,-8.821023053
61,ClC(Cl)(Cl)C(Cl)(Cl)Cl,0.00389,-2.410050399
62,CN(C)C=O,7.39e-08,-7.131355562
63,OC(=O)C1=C(O)C=CC=C1,7.34e-09,-8.13430394
64,CCCO,7.41e-06,-5.130181792
65,CCCCO,8.81e-06,-5.055024092
66,CCCCCO,1.3e-05,-4.886056648
67,C1=CC=CC=C1,0.00555,-2.255707017
68,CC(Cl)(Cl)Cl,0.0172,-1.764471553
69,COC1=CC=C(C=C1)C(C1=CC=C(OC)C=C1)C(Cl)(Cl)Cl,2.03e-07,-6.692503962
70,ClC(Cl)C(C1=CC=C(Cl)C=C1)C1=CC=C(Cl)C=C1,6.6e-06,-5.180456064
71,ClC(Cl)=C(C1=CC=C(Cl)C=C1)C1=CC=C(Cl)C=C1,4.16e-05,-4.380906669
72,NC1=NC=NC2=C1N=CN2,7.7e-15,-14.11350927
73,C,0.6576,-0.182038195
74,CBr,0.00734,-2.13430394
75,CC,0.4995,-0.301464507
76,C=C,0.228,-0.642065153
77,C#C,0.0217,-1.663540266
78,CCl,0.00882,-2.054531415
79,CI,0.00526,-2.279014256
80,CN,1.11e-05,-4.954677021
81,C#N,0.000133,-3.876148359
82,CS,0.003124,-2.505288975
83,BrCBr,0.000822,-3.085128182
84,CCBr,0.0074,-2.13076828
85,ClCBr,0.001458,-2.836242476
86,CCC,0.7067,-0.150764909
87,CC#C,0.01101,-1.958212681
88,CCCl,0.0111,-1.954677021
89,ClC=C,0.0278,-1.555955204
90,CCI,0.00698,-2.156144577
91,CCN,1.23e-05,-4.910094889
92,CC#N,3.45e-05,-4.462180905
93,CC=O,6.67e-05,-4.175874166
94,CCS,0.00453,-2.343901798
95,ClCCl,0.00325,-2.488116639
96,ICI,0.000323,-3.490797478
97,NC=O,1.39e-09,-8.8569852
98,S=C=S,0.0144,-1.841637508
99,CSC,0.00161,-2.793174124
100,C1CC1,0.79,-0.102372909
101,C1CO1,0.000148,-3.829738285
102,BrC(Br)Br,0.000535,-3.271646218
103,CC(C)Br,0.011,-1.958607315
104,ClC(Cl)Br,0.00212,-2.673664139
105,CC(C)C,1.189,0.075181855
106,CC(C)Cl,0.0175,-1.756961951
107,CC(C)I,0.006886,-2.162032982
108,CC(C)N,4.51e-05,-4.345823458
109,CC(Cl)Cl,0.00562,-2.250263684
110,ClC(Cl)=C,0.0261,-1.583359493
111,CC(F)F,0.0203,-1.692503962
112,FC(F)=C,0.379,-0.42136079
113,FC(Cl)Cl,0.0108,-1.966576245
114,ClC(Cl)=O,0.0167,-1.777283529
115,FC(F)Cl,0.0406,-1.391473966
116,FC(F)F,0.0952,-1.021363052
117,CN(C)C,0.000104,-3.982966661
118,C[N+]([O-])=O,2.86e-05,-4.543633967
119,CC1CN1,1e-05,-5.0
120,CC1CO1,6.96e-05,-4.15739076
121,FC(F)(F)Br,0.499,-0.301899454
122,CC(C)(C)N,3.58e-05,-4.446116973
123,CC(C)(C)O,9.05e-06,-5.043351421
124,CC(F)(F)Cl,0.0588,-1.230622674
125,FC(Cl)(Cl)Cl,0.097,-1.013228266
126,FC(F)(Cl)Cl,0.343,-0.46470588
127,FC(F)(F)Cl,1.38,0.139879086
128,FC(F)(F)F,5.15,0.711807229
129,C[Si](C)(C)C,4.253,0.628695383
130,CCC(C)(C)C,1.52,0.181843588
131,CC(C)(C)CO,5.3e-05,-4.27572413
132,CCC(C)(C)O,1.38e-05,-4.860120914
133,ClC(Cl)(Cl)C=O,2.91e-09,-8.536107011
134,OCC(F)(F)F,1.73e-05,-4.761953897
135,OC(=O)C(Br)(Br)Br,3.34e-09,-8.476253533
136,CC(=O)C(C)(C)C,0.000218,-3.661543506
137,CC(C)(C)C(O)=O,2.78e-06,-5.555955204
138,CC(Cl)(Cl)C(O)=O,5.66e-08,-7.247183569
139,ClC(Cl)C(Cl)(Cl)Cl,0.00194,-2.71219827
140,ClC(=O)C(Cl)(Cl)Cl,0.000507,-3.294992041
141,OC(=O)C(Cl)(Cl)Cl,1.35e-08,-7.869666232
142,OC(=O)C(F)(F)Cl,4.1e-08,-7.387216143
143,OC(=O)C(F)(F)F,1.11e-07,-6.954677021
144,[O-][N+](=O)C(Cl)(Cl)Cl,0.00205,-2.688246139
145,FC(F)(Cl)C(Cl)(Cl)Cl,0.161,-0.793174124
146,FC(Cl)(Cl)C(F)(Cl)Cl,0.113,-0.946921557
147,FC(F)(Cl)C(F)(Cl)Cl,0.526,-0.279014256
148,FC(F)(Cl)C(F)(F)Cl,2.8,0.447158031
149,FC(F)(F)C(F)(F)Cl,5.58,0.746634199
150,FC(F)(F)C(F)(F)F,20.3,1.307496038
151,FC(F)(F)C(F)(F)C(F)(F)F,32.99,1.518382316
152,CC1(C)C2CCC1(C)C(=O)C2,8.1e-05,-4.091514981
153,OCC(F)(F)C(F)F,6.29e-06,-5.201349355
154,COC(F)(F)C(Cl)Cl,0.0037,-2.431798276
155,ClC1C=CC2C1C1(Cl)C(Cl)=C(Cl)C2(Cl)C1(Cl)Cl,0.000294,-3.53165267
156,ClC1=C(Cl)C(Cl)(Cl)C(Cl)=C1Cl,0.027,-1.568636236
157,CCC(C)(O)CC,1.76e-05,-4.754487332
158,CCC(C)(O)C#C,6.85e-06,-5.164309429
159,COS(=O)(=O)OC,4e-06,-5.397940009
160,CCOP(=O)(C#N)N(C)C,1.52e-07,-6.818156412
161,OC(=O)CC(O)(CC(O)=O)C(O)=O,4.33e-14,-13.3635121
162,CCOC(=O)CC(O)(CC(=O)OCC)C(=O)OCC,3.84e-09,-8.415668776
163,CCC(C)(CC)OC(N)=O,3.34e-05,-4.476253533
164,CCOP(=O)(OCC)OCC,3.6e-08,-7.443697499
165,CCCCC(CC)COP(=O)(OCC(CC)CCCC)OCC(CC)CCCC,7.86e-08,-7.104577454
166,CCCCSP(=O)(SCCCC)SCCCC,2.94e-07,-6.53165267
167,COP(=S)(OC)SCC1=NC(N)=NC(N)=N1,1.59e-09,-8.798602876
168,CC1=CC(=O)CC(C)(C)C1,6.64e-06,-5.177831921
169,CC(C)(N=NC(C)(C)C#N)C#N,4.14e-06,-5.382999659
170,CC(C)=CCCC(C)(O)C=C,2.15e-05,-4.66756154
171,CC(Br)CBr,0.001456,-2.836838625
172,CCC(C)C,1.4,0.146128036
173,CC(=C)C=C,0.0767,-1.115204636
174,CC(C)CN,1.36e-05,-4.866461092
175,CC(C)CO,9.78e-06,-5.009661145
176,CC(C)C=O,0.00018,-3.744727495
177,CC(=C)C=O,0.000232,-3.634512015
178,CCC(C)Cl,0.0241,-1.617982957
179,CC(Cl)CCl,0.00282,-2.549750892
180,ClCC(Cl)=C,0.004157,-2.381219975
181,CCC(C)O,9.06e-06,-5.042871802
182,CCC(C)=O,5.69e-05,-4.244887734
183,CC(=O)C=C,4.65e-05,-4.332547047
184,CC(=O)CCl,1.65e-05,-4.782516056
185,CC(=O)C=O,2.7e-07,-6.568636236
186,CCC(Cl)Cl,0.00376,-2.424812155
187,ClCC(Cl)Cl,0.000824,-3.084072788
188,ClC=C(Cl)Cl,0.00985,-2.00656377
189,NC(=O)C=C,1.7e-09,-8.769551079
190,OC(=O)CBr,6.52e-09,-8.185752404
191,CCC(O)=O,4.45e-07,-6.351639989
192,OC(=O)C=C,3.7e-07,-6.431798276
193,OC(=O)CCl,9.26e-09,-8.033389013
194,CNC(C)=O,4.23e-08,-7.373659633
195,COC(C)=O,0.000115,-3.93930216
196,CC(=O)OO,2.14e-06,-5.669586227
197,CC[N+]([O-])=O,4.76e-05,-4.322393047
198,BrC(Br)C(Br)Br,1.34e-05,-4.872895202
199,CC(C)C(C)C,1.18,0.071882007
200,CC(C)C(O)=O,8.85e-07,-6.053056729
201,ClC(Cl)C(Cl)Cl,0.000367,-3.435333936
202,CC(=C)C(O)=O,3.88e-07,-6.411168274
203,OC(=O)C(Cl)Cl,8.38e-09,-8.076755981
204,CC(C)[N+]([O-])=O,0.000119,-3.924453039
205,CC(C)(OO)C1=CC=CC=C1,4.71e-08,-7.326979093
206,CC1=CCC2CC1C2(C)C,0.134,-0.872895202
207,COC(=O)C(C)=C,0.000319,-3.496209317
208,OC1=CC=C(O)C2=C1C(=O)C1=C(C=CC=C1)C2=O,7.99e-08,-7.097453221
209,CC(=O)CC(C1=CC=CC=C1)C1=C(O)C2=CC=CC=C2OC1=O,2.77e-09,-8.557520231
210,NC1=C2C(=O)C3=C(C=CC=C3)C(=O)C2=CC=C1,4.9e-09,-8.30980392
211,O=C(C(C1=CC=CC=C1)C1=CC=CC=C1)C1C(=O)C2=C(C=CC=C2)C1=O,1.54e-10,-9.812479279
212,[O-][N+](=O)C1=C(Cl)C(Cl)=C(Cl)C(Cl)=C1Cl,4.42e-05,-4.354577731
213,C1CC2=C3C1=CC=CC3=CC=C2,0.000184,-3.735182177
214,C1=CC=C(C=C1)C1=CC=CC=C1C1=CC=CC=C1,6.11e-05,-4.21395879
215,O=C(OC1CCCCC1)C1=C(C=CC=C1)C(=O)OC1CCCCC1,1e-07,-7.0
216,O=C1C2=C(C=CC=C2)C(=O)C2=C1C=CC=C2,2.35e-08,-7.628932138
217,CCOC(=O)C1=CC=CC=C1C(=O)OCC,6.1e-07,-6.214670165
218,CCCCOC(=O)C1=CC=CC=C1C(=O)OCCCC,1.81e-06,-5.742321425
219,CCCCCCOC(=O)C1=C(C=CC=C1)C(=O)OCCCCCC,2.57e-05,-4.590066877
220,C1=CC2=C(C=C1)C1=C(C=CC=C1)C=C2,4.23e-05,-4.373659633
221,C1=CC=C2C(C=CC3=C2C=CC=N3)=C1,1.74e-07,-6.759450752
222,O=C1OC(=O)C2=C1C=CC=C2,1.63e-08,-7.787812396
223,CCCCOC(=O)C1=C(C=CC=C1)C(=O)OCC1=CC=CC=C1,1.26e-06,-5.899629455
224,COP(=S)(OC)SCN1N=NC2=C(C=CC=C2)C1=O,2.39e-08,-7.621602099
225,[O-][N+](=O)C1=C2C=CC=CC2=CC=C1,1.76e-06,-5.754487332
226,C1C2=C(C=CC=C2)C2=C1C=CC=C2,9.62e-05,-4.016824928
227,N1C2=CC=CC=C2C2=C1C=CC=C2,1.16e-07,-6.935542011
228,ClC1=CC=CC(Cl)=C1Cl,0.00125,-2.903089987
229,CC1=CC=CC(C)=C1N,2.52e-06,-5.598599459
230,OC1=C(Cl)C=CC=C1Cl,2.67e-06,-5.573488739
231,ClC(Cl)=C(Cl)C(Cl)=C(Cl)Cl,0.0103,-1.987162775
232,CC1=C(C)C(C)=C(C)C(C)=C1C,0.000781,-3.107348966
233,OC1=C(Cl)C(Cl)=C(Cl)C(Cl)=C1Cl,2.45e-08,-7.610833916
234,OC1=C(Cl)C=C(Cl)C=C1Cl,2.6e-06,-5.585026652
235,CCC(CC)C(O)=O,1.6e-06,-5.795880017
236,CC(C)(C)C1=C(O)C=CC=C1,2.54e-05,-4.595166283
237,CC1=CC=CC=C1[N+]([O-])=O,1.25e-05,-4.903089987
238,[O-][N+](=O)C1=C(Cl)C=CC=C1,9.3e-06,-5.031517051
239,NC1=CC=CC=C1[N+]([O-])=O,5.9e-08,-7.229147988
240,OC1=C(C=CC=C1)[N+]([O-])=O,1.28e-05,-4.89279003
241,CCC(C)C1=CC(=CC(=C1O)[N+]([O-])=O)[N+]([O-])=O,4.56e-07,-6.341035157
242,OC1=C(C=C(C=C1[N+]([O-])=O)[N+]([O-])=O)[N+]([O-])=O,1.7e-11,-10.76955108
243,OC(=O)C1=CC=CC=C1C(O)=O,2e-11,-10.69897
244,[O-][N+](=O)C1=C(Cl)C=CC(Cl)=C1,1.2e-05,-4.920818754
245,OC1=C(C=C(Cl)C=C1)[N+]([O-])=O,1.26e-05,-4.899629455
246,CC(C)C1=CC=C(C)C=C1O,4.83e-07,-6.316052869
247,CCC1=C(O)C=CC=C1,4.61e-06,-5.336299075
248,OC1=CC=CC=C1C=O,5.61e-06,-5.251037139
249,COC1=CC=CC=C1N,9.26e-07,-6.033389013
250,COC1=C(O)C=CC=C1,1.2e-06,-5.920818754
251,BrC1=C2C=CC=CC2=CC=C1,0.000284,-3.54668166
252,CC1=C2C=CC=CC2=CC=C1,0.000514,-3.289036881
253,ClC1=C2C=CC=CC2=CC=C1,0.000355,-3.449771647
254,OC1=CC=CC2=CC=CC=C12,6e-08,-7.22184875
255,OC1=C(C=CC=C1)C1=CC=CC=C1,6.4e-07,-6.193820026
256,OC(C1=CC=CC=C1)C1=CC=CC=C1,1.32e-08,-7.879426069
257,COC1=CC=CC(OC)=C1O,2.31e-07,-6.63638802
258,C1CCC2CCCCC2C1,0.47,-0.327902142
259,C1=CC2=CC=CC=C2C=C1,0.00044,-3.356547324
260,C1=CC2=C(C=C1)N=CC=C2,1.67e-06,-5.777283529
261,COC1=C(C=CC=C1)[N+]([O-])=O,4.29e-07,-6.367542708
262,CC1=CC2=CC=CC=C2C=C1,0.000518,-3.28567024
263,ClC1=CC=C2C=CC=CC2=C1,0.00032,-3.494850022
264,NC1=CC2=C(C=CC=C2)C=C1,8.1e-08,-7.091514981
265,O=C1OC2=C(C=CC=C2)C=C1,9.92e-08,-7.003488328
266,CCN(CC)C1=CC=CC=C1,0.000192,-3.716698771
267,C1=CC=C(C=C1)C1=CC(=CC=C1)C1=CC=CC=C1,3.51e-06,-5.454692884
268,C1=CC2=CC3=CC4=CC=CC=C4C=C3C=C2C=C1,4.95e-07,-6.305394801
269,C1=CC=C(C=C1)C1=CC=CC=C1,0.000308,-3.511449283
270,C1=CC=C(C=C1)C1=CC=C(C=C1)C1=CC=CC=C1,1.64e-06,-5.785156152
271,COC1=CC=C(CC=C)C=C1OC,5.6e-06,-5.251811973
272,COC1=CC(C)=CC=C1O,1.33e-06,-5.876148359
273,CCC(=O)C1=CC=CC=C1,1.5e-05,-4.823908741
274,COC(=O)C1=CC=CC=C1,3.24e-05,-4.48945499
275,ClCC(=O)N(CC=C)CC=C,1.07e-07,-6.970616222
276,CCOC(=O)C1=CC=CC=C1,7.33e-05,-4.134896025
277,CC(C)OC(=O)COC1=C(Cl)C=C(Cl)C=C1,2.15e-06,-5.66756154
278,CC1=C(OCC(O)=O)C=CC(Cl)=C1,1.33e-09,-8.876148359
279,OC(=O)COC1=C(Cl)C=C(Cl)C=C1,3.54e-08,-7.450996738
280,CCCCOC(=O)COC1=C(Cl)C=C(Cl)C=C1,4.88e-07,-6.311580178
281,CC1=C(OCCCC(O)=O)C=CC(Cl)=C1,2.71e-09,-8.567030709
282,CCCC(O)C(CC)CO,1.37e-08,-7.863279433
283,CCN(CC)C(=S)SCC(Cl)=C,6.48e-06,-5.188424994
284,CC1=C(C)C=CC=C1,0.00518,-2.28567024
285,CC1=C(O)C=CC=C1,1.2e-06,-5.920818754
286,CC1=C(Cl)C=CC=C1,0.00357,-2.447331784
287,ClC1=C(Cl)C=CC=C1,0.00192,-2.716698771
288,NC1=C(Cl)C=CC=C1,5.39e-06,-5.268411235
289,CC1=C(N)C=CC=C1,1.98e-06,-5.70333481
290,NC1=C(N)C=CC=C1,7.2e-09,-8.142667504
291,OC1=CC=CC=C1Cl,1.12e-05,-4.950781977
292,CC1=CC(C)=C(C)C=C1,0.00616,-2.210419288
293,CC1=CC=C(N)C=C1C,1.86e-06,-5.730487056
294,CC1=C(C)C=C(O)C=C1,4.15e-07,-6.381951903
295,CC1=CC(Cl)=C(Cl)C=C1,0.002567,-2.590574131
296,NC1=CC(Cl)=C(Cl)C=C1,1.46e-05,-4.835647144
297,CC1=CC(N)=C(C)C=C1,4.27e-06,-5.369572125
298,CC1=CC(O)=C(C)C=C1,1.12e-06,-5.950781977
299,CCOC(=O)C(=O)OCC,2.21e-06,-5.655607726
300,ClC1=CC(Cl)=C(Cl)C=C1Cl,0.001,-3.0
301,OC1=C(Cl)C=C(Cl)C(Cl)=C1,1.62e-06,-5.790484985
302,C1OC1C1=CC=CC=C1,1.58e-05,-4.801342913
303,ClCC(Br)CBr,0.000147,-3.832682665
304,CCC(C)CC,1.683,0.226084116
305,ClCC(Cl)CCl,0.000343,-3.46470588
306,CCC(=O)CC,5e-05,-4.301029996
307,OC(CCl)CCl,1.29e-06,-5.88941029
308,OCC(O)CCl,2.91e-08,-7.536107011
309,COC(=O)C=C,0.000199,-3.701146924
310,COC(=O)CCl,2.37e-05,-4.625251654
311,CC1CCCC1,0.363,-0.440093375
312,CC1CCCO1,9.3e-05,-4.031517051
313,O=C1CCCO1,5.27e-08,-7.278189385
314,CC(OP(C)(F)=O)C(C)(C)C,4.57e-06,-5.3400838
315,CC(C)N(CCO)C(C)C,1.27e-06,-5.896196279
316,[O-][N+](=O)C1=CC(=C(Cl)C=C1)[N+]([O-])=O,2.82e-06,-5.549750892
317,OC1=CC=C(Cl)C=C1CC1=CC(Cl)=CC=C1O,1.15e-12,-11.93930216
318,COC1=C(O)C=CC(CC=C)=C1,1.99e-06,-5.701146924
319,CCOC(=O)C(C)=C,0.000573,-3.241845378
320,CCOC(=O)C(C)O,5.83e-07,-6.234331445
321,CC(C)COC(=O)C(C)C,0.000822,-3.085128182
322,CC(C)COC(=O)C(C)=C,0.000523,-3.281498311
323,CCCCOC(=O)C(C)=C,0.000496,-3.304518324
324,CCC(CC)CO,5.14e-05,-4.289036881
325,OCC1=CC=CO1,7.86e-08,-7.104577454
326,O=CC1=CC=CO1,3.77e-06,-5.42365865
327,CC(C)(C)C1=CC=CC=C1,0.01317,-1.880414225
328,FC(F)(F)C1=CC=CC=C1,0.0165,-1.782516056
329,CC(C)(C)C1=CC=C(O)C=C1,1.19e-06,-5.924453039
330,CC1=CCC(CC1)C(C)(C)O,2.23e-06,-5.651695137
331,CC(C)C1=CC=CC=C1,0.0115,-1.93930216
332,CC(=C)C1=CC=CC=C1,0.00255,-2.59345982
333,CC(=O)C1=CC=CC=C1,1.04e-05,-4.982966661
334,ClC(Cl)C1=CC=CC=C1,0.000398,-3.400116928
335,CN(C)C1CCCCC1,2.35e-05,-4.628932138
336,[O-][N+](=O)C1=CC=CC=C1,2.4e-05,-4.619788758
337,CC1=CC(=CC=C1)[N+]([O-])=O,9.3e-06,-5.031517051
338,NC1=CC(=CC=C1)[N+]([O-])=O,7.91e-09,-8.101823517
339,NC1=C(Cl)C=C(C=C1Cl)[N+]([O-])=O,4.67e-08,-7.330683119
340,[O-][N+](=O)C1=CC(=CC(=C1)[N+]([O-])=O)[N+]([O-])=O,6.5e-09,-8.187086643
341,[O-][N+](=O)C1=CC=C(Cl)C(Cl)=C1,8.07e-06,-5.093126465
342,[O-][N+](=O)C1=CC(=CC=C1)[N+]([O-])=O,4.9e-08,-7.30980392
343,CC(C)C1CCC(C)CC1,1.76,0.245512668
344,CC(C)C1=CCC(C)=CC1,0.0258,-1.588380294
345,OC(=O)C1=CC=C(O)C=C1,6.98e-12,-11.15614458
346,CN(C)C1=CC=C(C)C=C1,4.87e-05,-4.312471039
347,CC1=CC=C(C=C1)[N+]([O-])=O,5.63e-06,-5.249491605
348,[O-][N+](=O)C1=CC=C(Cl)C=C1,4.89e-06,-5.310691141
349,NC1=CC=C(C=C1)[N+]([O-])=O,1.26e-09,-8.899629455
350,OC1=CC=C(C=C1)[N+]([O-])=O,4.15e-10,-9.381951903
351,C=CC1CCC=CC1,0.04481,-1.348625056
352,CCC1=CC=CC=C1,0.00788,-2.103473783
353,C=CC1=CC=CC=C1,0.00275,-2.560667306
354,C=CC1=CC=NC=C1,8.08e-06,-5.092588639
355,ClCC1=CC=CC=C1,0.000412,-3.385102784
356,N#CC1=CC=CC=C1,5.21e-05,-4.283162277
357,N#CC1=CC=NC=C1,9.29e-07,-6.031984286
358,OCC1=CC=CC=C1,3.37e-07,-6.472370099
359,O=CC1=CC=CC=C1,2.67e-05,-4.573488739
360,N#CC1=CN=CC=C1,2.74e-07,-6.562249437
361,CNC1=CC=CC=C1,8.88e-06,-5.051587034
362,NNC1=CC=CC=C1,4.42e-09,-8.354577731
363,ON=C1CCCCC1,2.32e-07,-6.634512015
364,COC1=CC=CC=C1,0.000484,-3.315154638
365,C=CC1=NC=CC=C1,1.4e-05,-4.853871964
366,CCC1=NC=CC=C1,1.65e-05,-4.782516056
367,O=NN1CCCCC1,8.44e-07,-6.073657553
368,OC1=CC=CC(C=O)=C1,2.5e-09,-8.602059991
369,C1N2CN3CN1CN(C2)C3,1.64e-09,-8.785156152
370,ClC1=CC=CC=C1NC1=NC(Cl)=NC(Cl)=N1,2.81e-10,-9.55129368
371,CC(C)OC(=O)NC1=CC=CC(Cl)=C1,5.69e-07,-6.244887734
372,ClCC#CCOC(=O)NC1=CC=CC(Cl)=C1,1.17e-08,-7.931814138
373,CN(C)C(=O)NC1=CC=CC=C1,2.01e-09,-8.696803943
374,C(C1=CC=CC=C1)C1=CC=CC=C1,0.000129,-3.88941029
375,O(C1=CC=CC=C1)C1=CC=CC=C1,0.000279,-3.554395797
376,CCCN(CCC)CCC,0.000381,-3.419075024
377,C=CCN(CC=C)CC=C,0.000263,-3.580044252
378,OCCN(CCO)CCO,7.05e-13,-12.15181088
379,CC(=O)OCC(COC(C)=O)OC(C)=O,1.23e-08,-7.910094889
380,CCCCN(CCCC)CCCC,0.00016,-3.795880017
381,CCCCC(CC)COC(=O)C=C,0.000432,-3.364516253
382,CCCCC(CC)COC(=O)CCCCC(=O)OCC(CC)CCCC,4.34e-07,-6.36251027
383,C(=C/C1=CC=CC=C1)\C1=CC=CC=C1,0.000721,-3.142064735
384,C1=CC=C(C=C1)N=NC1=CC=CC=C1,1.35e-05,-4.869666232
385,CCOC(=O)C=CC1=CC=CC=C1,4.26e-06,-5.370590401
386,C(OCC1=CC=CC=C1)C1=CC=CC=C1,6.72e-06,-5.172630727
387,BrCCC1=CC=CC=C1,0.00152,-2.818156412
388,CCCC1=CC=CC=C1,0.0105,-1.978810701
389,CCNC1=CC=CC=C1,9.78e-06,-5.009661145
390,CCOC1=CC=CC=C1,0.000441,-3.355561411
391,OC(=O)CC1=CC=CC=C1,4.1e-08,-7.387216143
392,CCCCCCCCCC1=CC=C(O)C=C1,3.4e-05,-4.468521083
393,CCCCC1=CC=CC=C1,0.01586,-1.799696817
394,CCCCCCCCCCC1=CC=CC=C1,0.153,-0.815308569
395,CCCCC(CC)CN,9.52e-05,-4.021363052
396,CCCCC(CC)CO,2.65e-05,-4.576754126
397,CC1=CC=C(C=O)C=C1,1.74e-05,-4.759450752
398,CCC1=CN=C(C)C=C1,1.9e-05,-4.721246399
399,COC1=CC=C(N)C=C1,6.6e-08,-7.180456064
400,CCC1=CC=C(CC)C=C1,0.007548,-2.122168109
401,CCCC(C)CO,4.3e-05,-4.366531544
402,CCOC(=O)CC,0.000251,-3.600326279
403,CCOC(=O)CCl,4.06e-05,-4.391473966
404,COC(=O)CC(C)=O,2.73e-07,-6.563837353
405,CCC(C)OC(C)=O,0.000419,-3.377785977
406,CCOC(=O)CC(=O)OCC,2.1e-06,-5.677780705
407,CCCC(=O)OCC,0.000399,-3.399027104
408,CCOC(=O)CC#N,2.89e-07,-6.539102157
409,CCOC(C)OCC,9.75e-05,-4.010995384
410,CCOC(=O)OCC,8.93e-05,-4.049148541
411,CN(CCO)CCO,3.14e-11,-10.50307035
412,CCCOC(=O)CCC,0.000636,-3.196542884
413,CC1=CC(C)=C(O)C=C1,9.51e-07,-6.021819483
414,CCCCOC(=O)\C=C/C(=O)OCCCC,3.74e-07,-6.427128398
415,CC(C)=CCC\C(C)=C/CO,1.15e-05,-4.93930216
416,CCCCCCC(=O)OCC,0.000499,-3.301899454
417,CCCCC(=O)CC,9.08e-05,-4.041914151
418,CCCOC(=O)CC,0.000401,-3.396855627
419,BrC1=CC=C(Br)C=C1,0.000893,-3.049148541
420,CC1=CC=C(Br)C=C1,0.00233,-2.632644079
421,ClC1=CC=C(Br)C=C1,0.001448,-2.839231438
422,OC1=CC=C(Br)C=C1,1.51e-07,-6.821023053
423,CC1=CC=C(C)C=C1,0.0069,-2.161150909
424,CC1=CC=C(Cl)C=C1,0.00438,-2.358525889
425,CC1=CC=C(O)C=C1,1e-06,-6.0
426,ClC1=CC=C(Cl)C=C1,0.00241,-2.617982957
427,NC1=CC=C(Cl)C=C1,1.16e-06,-5.935542011
428,OC1=CC=C(Cl)C=C1,6.27e-07,-6.202732459
429,CC1=CC=C(N)C=C1,2.02e-06,-5.694648631
430,O=C1C=CC(=O)C=C1,0.000479,-3.319664487
431,CC(C)COC(=O)C=C,0.000596,-3.22475374
432,CCCCCC(=O)CC,0.00013,-3.886056648
433,CCCCCC(=O)OC,0.000367,-3.435333936
434,CCC1CO1,0.00018,-3.744727495
435,ClCC1CO1,3.04e-05,-4.517126416
436,BrCCBr,0.00065,-3.187086643
437,CCCBr,0.00732,-2.135488919
438,BrCC#C,0.00113,-2.946921557
439,CCCC,0.9497,-0.022413562
440,CCC=C,0.233,-0.632644079
441,C=CC=C,0.0736,-1.133122186
442,C=CC=O,0.000122,-3.913640169
443,CCCS,0.00408,-2.389339837
444,ClCCBr,0.000909,-3.041436117
445,ClCC=C,0.011,-1.958607315
446,ClCCCl,0.00118,-2.928117993
447,OCCCl,7.61e-07,-6.118615343
448,CCCI,0.00901,-2.045275209
449,CCCN,1.48e-05,-4.829738285
450,NCC=C,1.82e-05,-4.739928612
451,CCC#N,3.7e-05,-4.431798276
452,C=CC#N,0.000138,-3.860120914
453,NCCN,1.73e-09,-8.761953897
454,OCC=C,4.99e-06,-5.301899454
455,OCC#C,1.15e-06,-5.93930216
456,OCCO,6e-08,-7.22184875
457,O=CC=O,3.33e-09,-8.477555766
458,COC=C,0.00671,-2.17327748
459,COC=O,0.000223,-3.651695137
460,CC(C)OP(C)(F)=O,5.72e-07,-6.242603971
461,C[Si](C)(C)O[Si](C)(C)C,9.67,0.985426474
462,CCOP(=O)(OCC)OP(=O)(OCC)OCC,1e-10,-10.0
463,C[Si](C)(C)O[Si](C)(C)O[Si](C)(C)C,30.6,1.485721426
464,C[Si](C)(C)O[Si](C)(C)O[Si](C)(C)O[Si](C)(C)O[Si](C)(C)O[Si](C)(C)C,1360.0,3.133538908
465,COC(C)(C)CC(C)=O,1.93e-06,-5.714442691
466,CC(C)CCBr,0.0346,-1.460923901
467,CCCC(C)C,1.71,0.23299611
468,CCCC(C)=O,8.36e-05,-4.077793723
469,CC(O)CCO,2.38e-09,-8.623423043
470,CCCC(O)=O,5.35e-07,-6.271646218
471,COCC(C)O,9.2e-07,-6.036212173
472,CN(C)CCO,3.73e-07,-6.428291168
473,CCC[N+]([O-])=O,8.7e-05,-4.060480747
474,CC(=O)OC=C,0.000511,-3.2915791
475,CC(C)CC(C)C,1.904,0.279666944
476,CC(C)CC(C)N,3.12e-05,-4.505845406
477,CC(C)CC(C)=O,0.000138,-3.860120914
478,CC(C)CC(C)O,4.45e-05,-4.351639989
479,CC(C)NC(C)C,9.6e-05,-4.017728767
480,CC(C)OC(C)C,0.00256,-2.591760035
481,CC(C)OC(C)=O,0.000278,-3.555955204
482,CC(=O)OC(C)=O,5.71e-06,-5.243363892
483,CC1COC(=O)O1,3.45e-08,-7.462180905
484,BrC1=CC(Br)=CC=C1,0.001237,-2.9076303
485,CC1=CC(C)=CC=C1,0.00718,-2.143875556
486,CC1=CC(O)=CC=C1,8.56e-07,-6.067526235
487,CC1=CC(Cl)=CC=C1,0.01613,-1.792365633
488,NC1=CC(Cl)=CC=C1,1e-06,-6.0
489,OC1=CC(Cl)=CC=C1,3.45e-07,-6.462180905
490,CC1=CC(N)=CC=C1,1.66e-06,-5.779891912
491,NC1=CC(N)=CC=C1,1.25e-09,-8.903089987
492,OC1=CC(O)=CC=C1,9.88e-11,-10.00524306
493,CC1=CC=NC(C)=C1,6.74e-06,-5.171340103
494,CC1=CC=CC(C)=N1,1.04e-05,-4.982966661
495,CC(CCl)OC(C)CCl,7.42e-05,-4.129596095
496,CCOC(=O)CC(C)C,0.000711,-3.148130399
497,COCC(C)OC(C)=O,3.44e-06,-5.463441557
498,CC1=CC(C)=CC(C)=C1,0.00877,-2.057000407
499,CC1=CC(O)=CC(C)=C1,6.14e-07,-6.211831629
500,ClC1=CC(Cl)=CC(Cl)=C1,0.00189,-2.723538196
501,CC1=CC(C)=NC(C)=C1,8.81e-06,-5.055024092
502,NC1=NC(N)=NC(N)=N1,1.84e-14,-13.73518218
503,CC(C)CC(O)CC(C)C,0.000129,-3.88941029
504,CC(C)CC(=O)CC(C)C,0.000117,-3.931814138
505,CC(C)CC(C)OC(C)=O,0.000584,-3.233587153
506,BrC1=CC=CC=C1,0.00247,-2.607303047
507,CC1CCCCC1,0.43,-0.366531544
508,CC1=CC=CC=C1,0.00664,-2.177831921
509,CC1=CC=NC=C1,6e-06,-5.22184875
510,ClC1=CC=CC=C1,0.00311,-2.507239611
511,NC1CCCCC1,4.16e-06,-5.380906669
512,OC1CCCCC1,4.4e-06,-5.356547324
513,O=C1CCCCC1,9e-06,-5.045757491
514,OC1=CC=CC=C1,3.33e-07,-6.477555766
515,SC1=CC=CC=C1,0.000335,-3.474955193
516,CC1=CC=CN=C1,7.73e-06,-5.111820506
517,BrC1=CC=CC=N1,7.7e-06,-5.113509275
518,CC1=NC=CC=C1,9.96e-06,-5.001740662
519,CC1=NC=CN=C1,2.2e-06,-5.657577319
520,ClC1=NC=CC=C1,1.63e-05,-4.787812396
521,CCCCOC(=O)CCC,0.000687,-3.163043263
522,CCCCOC(=O)CCCCCCCCC(=O)OCCCC,4.85e-08,-7.314258261
523,CCCCC(O)=O,4.72e-07,-6.326058001
524,CC(C)COC=C,0.002614,-2.582694417
525,CC(C)OCCO,9.2e-07,-6.036212173
526,CCCOC(C)=O,0.000218,-3.661543506
527,BrCCCBr,0.000888,-3.051587034
528,CCCCBr,0.00871,-2.059981845
529,CCCCC,1.25,0.096910013
530,CCCC=C,0.396,-0.402304814
531,CCCCCl,0.0167,-1.777283529
532,CCCCN,1.74e-05,-4.759450752
533,CCCC#N,5.23e-05,-4.281498311
534,N#CCC#N,1.31e-07,-6.882728704
535,OCCC#N,7.5e-09,-8.124938737
536,CCCCS,0.00454,-2.342944147
537,COCCO,3.3e-07,-6.48148606
538,COCOC,0.000173,-3.761953897
539,CCNCC,2.55e-05,-4.59345982
540,CCOC=C,0.005387,-2.268653024
541,C=COC=C,0.008035,-2.095014119
542,CCOC=O,0.000385,-3.41453927
543,N1C=CC=C1,1.8e-05,-4.744727495
544,C1CCOC1,7.05e-05,-4.151810883
545,O1C=CC=C1,0.0054,-2.26760624
546,S1C=CC=C1,0.00227,-2.643974143
547,CC(C)(C)OOC(C)(C)C,0.0483,-1.316052869
548,CC(C)CCC(C)=O,0.00016,-3.795880017
549,OC(=O)CCC(O)=O,3.57e-13,-12.44733178
550,CC(C)COC(C)=O,0.000454,-3.342944147
551,CCCCCCCCCC(=O)OC,0.00206,-2.68613278
552,CCCCCC(C)=O,0.000169,-3.772113295
553,CC(C)CCOC=O,0.000674,-3.171340103
554,COCCOC(C)=O,1.09e-07,-6.962573502
555,CCCCCBr,0.01972,-1.705093089
556,CCCCCC,1.802,0.255754787
557,ClCCCCCl,0.000486,-3.313363731
558,CCCCCN,2.43e-05,-4.614393726
559,N#CCCC#N,6.46e-09,-8.189767482
560,CCCCC=O,0.000147,-3.832682665
561,OCCCCO,1.3e-09,-8.886056648
562,CCCCCS,0.0121,-1.91721463
563,CCCOC=O,0.000435,-3.361510743
564,ClCCOC=C,0.008758,-2.057595059
565,CCOCCO,4.7e-07,-6.327902142
566,CCSSCC,0.00215,-2.66756154
567,C1CCCCC1,0.15,-0.823908741
568,C1CCC=CC1,0.0455,-1.341988603
569,C1=CC=NC=C1,1.1e-05,-4.958607315
570,C1CCNCC1,4.45e-06,-5.351639989
571,C1COCCN1,1.16e-06,-5.935542011
572,CC(C)CNCC(C)C,0.000562,-3.250263684
573,CCCCCCCC(=O)OC,0.000783,-3.106238238
574,CCCCCCC(C)=O,0.000188,-3.725842151
575,CCCCCCC(O)=O,6.5e-07,-6.187086643
576,CCOCCOC(C)=O,3.2e-06,-5.494850022
577,OC(=O)CCCCCC(O)=O,3.79e-13,-12.42136079
578,CCCCCCBr,0.03283,-1.483729117
579,CCCCCCN,2.68e-05,-4.571865206
580,CCCCCCO,1.71e-05,-4.76700389
581,CCCCOC=C,0.002157,-2.666149855
582,OCCNCCO,3.87e-11,-10.41228903
583,CCCOCCC,0.0022,-2.657577319
584,ClCCOCCCl,1.7e-05,-4.769551079
585,CCCSCCC,0.00324,-2.48945499
586,C1CCCNCC1,6.14e-06,-5.211831629
587,CC(=O)OCCOC(C)=O,8.4e-08,-7.075720714
588,CCCCCCCC,3.211,0.506640306
589,CCCCCCC=C,0.6266,-0.203009609
590,N#CCCCCC#N,1.21e-09,-8.91721463
591,CCCCCCCO,1.88e-05,-4.725842151
592,CCCCCCC=O,0.00027,-3.568636236
593,CCCCOCCO,1.6e-06,-5.795880017
594,CCCCCCCCBr,0.05813,-1.235599677
595,CCCCCCCCC,3.4,0.531478917
596,CCCCCCCCCl,0.03801,-1.42010213
597,CCCCCCCCN,0.000824,-3.084072788
598,CCCCCCCCO,2.45e-05,-4.610833916
599,CCOCCOCCO,2.23e-08,-7.651695137
600,ClCCOCOCCCl,3.85e-06,-5.41453927
601,CCCCNCCCC,8.9e-05,-4.050609993
602,COCCOCCOC,5.23e-07,-6.281498311
603,CCCCCCCCC(O)=O,1.62e-06,-5.790484985
604,CCCCOCCOC(C)=O,5.46e-06,-5.262807357
605,CCCCCCCCCC(C)=O,6.36e-05,-4.196542884
606,CCOCCOCCOC(C)=O,2.29e-08,-7.640164518
607,CCCCCCOCCO,3.12e-06,-5.505845406
608,ClCCOCCOCCCl,7.81e-07,-6.107348966
609,CCCCCCCCCCO,3.2e-05,-4.494850022
610,CCCCCCCCCC=O,0.0018,-2.744727495
611,CCCCOCCOCCO,7.2e-09,-8.142667504
612,CCOCCOCCOCC,1.11e-07,-6.954677021
613,CCCCCCCCCCCC,8.18,0.912753304
614,CCCCOCCOCCCC,1.03e-05,-4.987162775
615,CCCCCCCCCCCCO,2.22e-05,-4.653647026
616,CCCCCCOCCOCCO,1.74e-08,-7.759450752
617,CCCCCCCCCCCCCCO,0.00016,-3.795880017
618,CCCCOCCOCCOCCCC,2.5e-06,-5.602059991
619,CCCCCCCCCCCCCCCCCCO,0.000841,-3.075204004
620,CNC(=O)OC1=CC=CC=C1OC(C)C,1.43e-09,-8.844663963
621,CC=C,0.196,-0.707743929
622,COC,0.001,-3.0
623,CC(C)=C,0.218,-0.661543506
624,CC(C)(O)C=C,2.08e-05,-4.681936665
625,CC(C)(O)C#C,3.91e-06,-5.407823243
626,FC1(F)C(F)(F)C(F)(F)C1(F)F,8.476,0.928190948
627,CN(C)P(F)(=O)N(C)C,2.23e-08,-7.651695137
628,OC(C1=CC=C(Cl)C=C1)(C1=CC=C(Cl)C=C1)C(Cl)(Cl)Cl,2.42e-07,-6.616184634
629,[Cl-].CCCC[P+](CCCC)(CCCC)CC1=C(Cl)C=C(Cl)C=C1,3.82e-13,-12.41793664
630,O=P(OC1=CC=CC=C1)(OC1=CC=CC=C1)OC1=CC=CC=C1,3.31e-06,-5.480172006
631,CCOP(=S)(OCC)OC1=CC=C(C=C1)S(C)=O,1.01e-08,-7.995678626
632,ClCCOP(=O)(OCCCl)OCCCl,3.29e-06,-5.482804102
633,CNC(=O)ON=CC(C)(C)SC,1.44e-09,-8.841637508
634,FC(F)=C(F)F,0.629,-0.201349355
635,ClC1=CC=C(C=C1)S(=O)(=O)C1=CC(Cl)=C(Cl)C=C1Cl,1.44e-09,-8.841637508
636,CCC(C)C(O)=O,1.47e-06,-5.832682665
637,NC1=CC=C(O)C2=C1C(=O)C1=CC=CC=C1C2=O,2.63e-11,-10.58004425
638,NC1=CC=C2C(=O)C3=C(C=CC=C3)C(=O)C2=C1,9.19e-11,-10.03668449
639,CCCCC(CC)COC(=O)C1=C(C=CC=C1)C(=O)OCC(CC)CCCC,2.7e-07,-6.568636236
640,CCCCCCCCOC(=O)C1=C(C=CC=C1)C(=O)OCCCCCCCC,2.57e-06,-5.590066877
641,ClC1=C(Cl)C(Cl)=C(Cl)C(Cl)=C1Cl,0.0017,-2.769551079
642,OC(=O)C1=CC=CC=C1Cl,6.5e-08,-7.187086643
643,CC1=C(C=C(C=C1[N+]([O-])=O)[N+]([O-])=O)[N+]([O-])=O,2.08e-08,-7.681936665
644,CCOP(=S)(OCC)OC1=NN(C(=O)C=C1)C1=CC=CC=C1,4.93e-11,-10.30715308
645,OC1=CC=C(NC2=CC=C(C=C2[N+]([O-])=O)[N+]([O-])=O)C=C1,1.46e-12,-11.83564714
646,CC1=CC(=C(O)C=C1)[N+]([O-])=O,1.48e-05,-4.829738285
647,COC(=O)C1=C(O)C=CC=C1,9.81e-05,-4.008330993
648,C1CCC2=C(C1)C=CC=C2,0.00136,-2.866461092
649,C1=CC2=CC3=C(C=CC=C3)C=C2C=C1,5.56e-05,-4.254925208
650,OC1=C(CC2=CC=CC=C2)C=C(Cl)C=C1,2.7e-09,-8.568636236
651,O=CC1=CC=C2OCOC2=C1,5.6e-07,-6.251811973
652,COC(=O)C1=CC=C(C=C1)C(=O)OC,0.000134,-3.872895202
653,N1C=CC2=C1C=CC=C2,5.28e-07,-6.277366077
654,OC1=C(O)C=CC=C1,1.2e-09,-8.920818754
655,ClC1=CC(Cl)=C(Cl)C=C1,0.00142,-2.847711656
656,OC1=C(Cl)C=C(Cl)C=C1,3.48e-06,-5.458420756
657,O=C1CCCC1,1e-05,-5.0
658,CN1CCCC1,3.01e-05,-4.521433504
659,CC1=C(C=C(C=C1)[N+]([O-])=O)[N+]([O-])=O,5.4e-08,-7.26760624
660,CC(C)=C[C@@H]1[C@@H](C(=O)O[C@H]2CC(=O)C(C\C=C/C=C)=C2C)C1(C)C,7.73e-07,-6.111820506
661,COC(=O)C(\C)=C\[C@@H]1[C@@H](C(=O)O[C@H]2CC(=O)C(C\C=C/C=C)=C2C)C1(C)C,2.19e-08,-7.659555885
662,COC1=C(O)C=CC(C=O)=C1,2.15e-09,-8.66756154
663,CCN(CC)CC,0.000149,-3.826813732
664,CN(C)C1=CC=CC=C1,5.68e-05,-4.245651664
665,[O-][N+](=O)C1=CC=CC(Cl)=C1,1.35e-05,-4.869666232
666,CCOC(=O)CC(SP(=S)(OC)OC)C(=O)OCC,4.89e-09,-8.310691141
667,[O-][N+](=O)N1CN(CN(C1)[N+]([O-])=O)[N+]([O-])=O,2.01e-11,-10.69680394
668,NC1=C(Cl)C=C(C=C1)[N+]([O-])=O,9.54e-09,-8.020451625
669,COP(=S)(OC)OC1=CC=C(C(C)=C1)[N+]([O-])=O,9.3e-07,-6.031517051
670,CCNC1=NC(NCC)=NC(Cl)=N1,9.42e-10,-9.025949097
671,N(C1=CC=CC=C1)C1=CC=CC=C1,2.69e-06,-5.57024772
672,CC(C)OC(=O)NC1=CC=CC=C1,1.84e-07,-6.735182177
673,C(OC1=CC=CC=C1)C1CO1,8.23e-07,-6.084600165
674,N(NC1=CC=CC=C1)C1=CC=CC=C1,4.78e-07,-6.320572103
675,OCCCC1=CC=CC=C1,2.03e-07,-6.692503962
676,OCCOC1=CC=CC=C1,4.72e-08,-7.326058001
677,CCCCC(CC)CCl,0.002348,-2.629301907
678,CCCCC(CC)C=O,0.000759,-3.119758224
679,CCC1=CC=C(O)C=C1,7.73e-07,-6.111820506
680,OC1=CC=C(C=O)C=C1,5.11e-10,-9.2915791
681,CCCC(=O)CCC,5.49e-05,-4.260427656
682,CCOC(=O)CCC(=O)OCC,5.27e-07,-6.278189385
683,NC1=CC=C(O)C=C1,3.59e-10,-9.444905551
684,OC1=CC=C(O)C=C1,4.73e-11,-10.32513886
685,CC(C)=CCCC(=C)C=C,0.06434,-1.191518943
686,CCC=O,7.34e-05,-4.13430394
687,CC(=O)CC(C)(C)O,2.61e-07,-6.583359493
688,CC(C)CCO,1.41e-05,-4.850780887
689,CC(=O)CC(C)=O,2.35e-06,-5.628932138
690,CC1OC(C)OC(C)O1,1.71e-05,-4.76700389
691,CCCC=O,0.000115,-3.93930216
692,C1CCNC1,2.39e-06,-5.621602099
693,NC(=O)N=NC(N)=O,8.2e-13,-12.08618615
694,CCCCCCCCOC(=O)CCCCC(=O)OCCCCCCCC,4.34e-07,-6.36251027
695,CCCCOC(C)=O,0.000281,-3.55129368
696,C1COCCO1,4.8e-06,-5.318758763
697,CC(C)CCOC(C)=O,0.000587,-3.231361899
698,CCCCCCC(C)O,0.000123,-3.910094889
699,C=CCNCC=C,3e-05,-4.522878745
700,OC(=O)CCCCC(O)=O,4.71e-12,-11.32697909
701,CCCCCCCC(O)=O,8.92e-07,-6.049635146
702,CCCCCCCC=C,0.7994,-0.097235856
703,CCCCCCCC=O,0.000514,-3.289036881
704,CCCCOCCOCCOC(C)=O,3.47e-07,-6.459670525
705,CCCCCCCCCC,5.149,0.711722892
706,CCCCCCCCC=O,0.000734,-3.13430394
707,O=C=O,0.0152,-1.818156412
708,CNC,1.77e-05,-4.752026734
709,ClC(Br)Br,0.000783,-3.106238238
710,FC(Br)C(F)(F)F,0.0573,-1.241845378
711,FC(F)(Br)C(F)(F)Br,37.0,1.568201724
712,BrCC(Br)COP(=O)(OCC(Br)CBr)OCC(Br)CBr,2.18e-05,-4.661543506
713,CCCCOP(=O)(OCCCC)OCCCC,1.41e-06,-5.850780887
714,CC(=C)C#N,0.000247,-3.607303047
715,CC(=O)C(O)=O,3.23e-09,-8.490797478
716,ClC(Cl)=C(Cl)Cl,0.0177,-1.752026734
717,CN(C)C(C)=O,1.31e-08,-7.882728704
718,NC1=CC=C(N)C2=C1C(=O)C1=CC=CC=C1C2=O,4.79e-10,-9.319664487
719,C1=CC2=C3C(C=CC4=CC=CC(C=C2)=C34)=C1,1.19e-05,-4.924453039
720,OC1=C2C(=O)C3=C(C=CC=C3)C(=O)C2=CC=C1,7.25e-09,-8.139661993
721,COC(=O)C1=C(C=CC=C1)C(=O)OC,1.97e-07,-6.705533774
722,CCCOC(=O)C1=C(C=CC=C1)C(=O)OCCC,4.02e-07,-6.395773947
723,O1C2=CC=CC=C2C2=C1C=CC=C2,0.000213,-3.671620397
724,S1C2=C(C=CC=C2)C2=C1C=CC=C2,3.38e-05,-4.4710833
725,[H][C@@]12CC=CC[C@]1([H])C(=O)N(SC(Cl)(Cl)Cl)C2=O,7e-09,-8.15490196
726,ClC(Cl)(Cl)SN1C(=O)C2=C(C=CC=C2)C1=O,7.66e-08,-7.11577123
727,NC1=C(Cl)C(=CC(Cl)=C1)C(O)=O,3.87e-11,-10.41228903
728,COC(=O)C1=C(N)C=CC=C1,1.89e-06,-5.723538196
729,NC1=CC=CC2=C1C=CC=C2,1.11e-07,-6.954677021
730,CCC1=CC=CC=C1CC,0.00261,-2.583359493
731,OC1=CC2=C(C=CC=C2)C=C1,2.74e-08,-7.562249437
732,CCC(C)C1=CC=CC=C1,0.01756,-1.755475488
733,CCCCOC(=O)C1=CC=CC=C1,3.97e-05,-4.401209493
734,CC1=CC(C)=C(N)C=C1C,2.48e-06,-5.605548319
735,CN(C)C(=S)SSC(=S)N(C)C,1.82e-07,-6.739928612
736,CCC(C)CO,1.41e-05,-4.850780887
737,CCCCOC(=O)C(C)O,1.92e-06,-5.716698771
738,CC(C)NC1=NC(NC(C)C)=NC(Cl)=N1,4.6e-09,-8.337242168
739,CC(=O)OCC1=CC=CC=C1,1.13e-05,-4.946921557
740,CCOC(=O)C=C,0.000339,-3.469800302
741,CCOC(=O)CCCCC(=O)OCC,3.63e-06,-5.440093375
742,CCCCOC(=O)C=C,0.00046,-3.337242168
743,OCC=O,2.42e-08,-7.616184634
744,C[Si](C)(C)O[Si](C)(C)O[Si](C)(C)O[Si](C)(C)C,17.0,1.230448921
745,COP(=O)(OC)O\C(C)=C\C(=O)N(C)C,5.03e-11,-10.29843201
746,CCOC(C)=O,0.000134,-3.872895202
747,CC(C)=CC(C)=O,3.67e-05,-4.435333936
748,OC(=O)CC(O)=O,2.69e-10,-9.57024772
749,CCC1=CC(CC)=CC=C1,0.008315,-2.080137746
750,CCOC(=O)CC(C)=O,1.2e-06,-5.920818754
751,ClCCCCl,0.000976,-3.010550182
752,C1CC=CC1,0.0637,-1.195860568
753,CCCCCC(O)=O,7.58e-07,-6.120330794
754,C1CCOCC1,0.000125,-3.903089987
755,CCCCCCC,2.0,0.301029996
756,C\C=C\C=C\C=O,9.78e-06,-5.009661145
757,CCCNCCC,5.1e-05,-4.292429824
758,CCCCCCOC(C)=O,0.00053,-3.27572413
759,CCCCOCCCC,0.006,-2.22184875
760,CCCCCCCCCO,3.08e-05,-4.511449283
761,ClC12C(=O)C3(Cl)C4(Cl)C1(Cl)C1(Cl)C2(Cl)C3(Cl)C4(Cl)C1(Cl)Cl,5.38e-08,-7.269217724
762,CC(C)C(O)C(C)(C)CO,4.56e-08,-7.341035157
763,OC(=O)CF,1.24e-08,-7.906578315
764,OC(=O)C(O)=O,1.43e-10,-9.844663963
765,OC(=O)C1C2CCC(O2)C1C(O)=O,3.85e-16,-15.41453927
766,OC1=CC=CC2=CC=CN=C12,5.7e-07,-6.244125144
767,N1C2=C(C=CC=C2)N=C1C1=CSC=N1,2.12e-11,-10.67366414
768,CCCCC(CC)C(O)=O,2.85e-06,-5.54515514
769,COC1=CC=CC(O)=C1,5.8e-08,-7.236572006
770,CN(C)C(=O)NC1=CC=C(Cl)C=C1,5.72e-10,-9.242603971
771,C1CN1,1.21e-05,-4.91721463
772,FC(F)(F)C(Cl)Br,0.0203,-1.692503962
773,C1=CC2=C3C(=C1)C1=C4C(C=CC5=C4C3=C(C=C2)C=C5)=CC=C1,3.31e-07,-6.480172006
774,C1=CC2=C3C=CC=C4C=CC5=CC=CC(=C2C=C1)C5=C34,3e-07,-6.522878745
775,C1=CC2=C(C=C1)C1=C3C2=CC2=C4C(C=CC(C=C1)=C34)=CC=C2,3.48e-07,-6.458420756
776,C1=CC2=C3C(=C1)C1=CC=CC4=C1C(=CC=C4)C3=CC=C2,3.65e-06,-5.437707136
777,C1=CC=C2C(=C1)C1=CC=CC3=C4C=CC=CC4=CC2=C13,6.57e-07,-6.18243463
778,C1=CC2=C(C=C1)C1=C3C2=CC=CC3=CC=C1,8.86e-06,-5.052566278
779,C1=CC2=CC3=C(C=C2C=C1)C1=C2C3=CC=CC2=CC=C1,5.84e-07,-6.233587153
780,C1=CC2=C3C1=CC=CC3=CC=C2,0.000114,-3.943095149
781,C1=CC=C2C(=C1)C1=CC=CC=C1C1=CC=CC=C21,1.54e-07,-6.812479279
782,C1=CC=C2C(C=CC3=C2C=CC2=CC=CC=C32)=C1,5.23e-06,-5.281498311
783,C1=CC=C2C(=C1)C=NC1=CC=CC=C21,1.64e-08,-7.785156152
784,C1C2=CC=CC=C2C2=CC=C3C=CC=CC3=C12,2.66e-05,-4.575118363
785,C1C2=CC=CC=C2C2=CC3=CC=CC=C3C=C12,3.91e-06,-5.407823243
786,O1C2=CC=CC=C2OC2=C1C=CC=C2,0.000111,-3.954677021
787,C1CCCC1,0.152,-0.818156412
788,O1C=CC=N1,2.48e-05,-4.605548319
789,C1CCCCCC1,0.09302,-1.031423665
790,CCOP(=S)(OCC)OC1=CN=CC=N1,8.6e-07,-6.065501549
791,CCN(CC)C(=O)C(\Cl)=C(\C)OP(=O)(OC)OC,6.51e-12,-11.18641901
792,COP(=S)(OC)OC1=CC=C(C=C1)[N+]([O-])=O,1e-07,-7.0
793,CCOP(=S)(OCC)SCSCC,4.37e-06,-5.359518563
794,CCOP(=S)(OCC)SCCSCC,2.16e-06,-5.665546249
795,COP(=S)(OC)OC1=C(Cl)C=C(Cl)C(Cl)=C1,3.2e-05,-4.494850022
796,COP(=O)(OC)OC(Br)C(Cl)(Cl)Br,6.51e-05,-4.186419011
797,FC(F)(F)C(Cl)Cl,0.0256,-1.591760035
798,[H][C@]12C[C@]([H])(C=C1)[C@]1([H])[C@@]2([H])[C@]2(Cl)C(Cl)=C(Cl)[C@@]1(Cl)C2(Cl)Cl,4.4e-05,-4.356547324
799,CCOP(=O)(OCC)OC1=CC=C(C=C1)[N+]([O-])=O,1.09e-10,-9.962573502
800,CCC(C)N1C(=O)NC(C)=C(Br)C1=O,1.29e-10,-9.88941029
801,FC1=CC(F)=C(F)C=C1F,0.01772,-1.751536282
802,CCOP(=S)(CC)OC1=C(Cl)C=C(Cl)C(Cl)=C1,1.12e-05,-4.950781977
803,OC1=C(C=CC(=C1)[N+]([O-])=O)[N+]([O-])=O,7.68e-08,-7.11463878
804,CP(F)(=O)OC1CCCCC1,2.8e-06,-5.552841969
805,CN(C)C(=O)NC1=CC(Cl)=C(Cl)C=C1,5.04e-10,-9.297569464
806,CON(C)C(=O)NC1=CC=C(Cl)C(Cl)=C1,6.25e-09,-8.204119983
807,CCOP(=S)(OCC)OC1=NC(=NC(C)=C1)C(C)C,1.13e-07,-6.946921557
808,CCCCCCCCCC(O)=O,1.34e-06,-5.872895202
809,CC(=O)C1=CN=CC=C1,2.13e-08,-7.671620397
810,CCSCC,0.00168,-2.774690718
811,CCF,0.0223,-1.651695137
812,FC(F)=O,0.001,-3.0
813,FC(F)(F)C(Cl)=O,0.00045,-3.346787486
814,FC(=O)C(F)(F)F,0.000333,-3.477555766
815,OC1=C(F)C=CC=C1,3.22e-06,-5.492144128
816,OC1=CC=C(F)C=C1,7.05e-07,-6.151810883
817,OCCF,1.8e-06,-5.744727495
818,CC(C)NP(F)(=O)NC(C)C,3e-09,-8.522878745
819,CC(O)C(F)(F)F,2.18e-05,-4.661543506
820,FC(F)(F)C(F)(Cl)Cl,1.25,0.096910013
821,OC(=O)C(F)F,3.3e-08,-7.48148606
822,NC#N,2.66e-08,-7.575118363
823,CC(=O)C(F)(F)F,7.81e-06,-5.107348966
824,OCC(F)(F)C(F)(F)F,2.23e-05,-4.651695137
825,FC(F)(F)C(F)(F)C(Cl)Cl,0.502,-0.299296283
826,CC(=O)C(C)=O,1.33e-05,-4.876148359
827,OC1=C(C=CC(F)=C1)[N+]([O-])=O,1.97e-05,-4.705533774
828,N#CC#N,0.0054,-2.26760624
829,COCC(F)F,0.000759,-3.119758224
830,FC1=CC=CC=C1,0.00625,-2.204119983
831,CCOCOCC,6.68e-05,-4.175223538
832,O=C=S,0.61,-0.214670165
833,CC(C)(C)C,3.69,0.567026366
834,CC12CCC(CC1)C(C)(C)O2,0.00011,-3.958607315
835,CCOP(=O)(OCC)OC(=CCl)C1=C(Cl)C=C(Cl)C=C1,2.89e-08,-7.539102157
836,NC(=O)C(N)=O,1.99e-11,-10.70114692
837,CCC(C)C1=CC(=CC(=C1OC(=O)C=C(C)C)[N+]([O-])=O)[N+]([O-])=O,1.34e-07,-6.872895202
838,C1CC2=CC=CC=C2C1,0.000201,-3.696803943
839,O=CC1=CC=CN=C1,1.5e-07,-6.823908741
840,COP(=S)(OC)OC1=CC=C(C(Cl)=C1)[N+]([O-])=O,3.92e-08,-7.406713933
841,CCCCC(=O)CCCC,0.000285,-3.54515514
842,C1COC1,2.48e-05,-4.605548319
843,CC(C)CC(O)=O,8.33e-07,-6.079354999
844,C1CSCCS1,4.2e-06,-5.37675071
845,OC(=O)CCCCCCC(O)=O,5.55e-12,-11.25570702
846,CCCC=CC=O,4.89e-05,-4.310691141
847,ClCCSCCCl,2.45e-05,-4.610833916
848,CC(C)(C)Br,0.0407,-1.390405591
849,CC(C)(C)Cl,0.01277,-1.893809103
850,CC1(C)[C@@H]2CC[C@@]1(C)[C@@H](O)C2,1.38e-05,-4.860120914
851,[O-][N+](=O)C([N+]([O-])=O)([N+]([O-])=O)[N+]([O-])=O,0.00024,-3.619788758
852,CCOC(=O)C(O)(C1=CC=C(Cl)C=C1)C1=CC=C(Cl)C=C1,7.24e-08,-7.140261434
853,COP(=O)(OC)OC,7.2e-09,-8.142667504
854,CCCOP(=O)(OCCC)OCCC,6.8e-07,-6.167491087
855,CC=C(C)C,0.224,-0.649751982
856,CCC(C)I,0.0197,-1.705533774
857,CCC(C)S,0.00726,-2.139063379
858,CC(=C)C(C)=C,0.0504,-1.297569464
859,CC(O)C(C)O,2.88e-08,-7.540607512
860,CC1=CC=CC(C)=C1C,0.00436,-2.360513511
861,CC1=C(C)C(O)=CC=C1,7.38e-07,-6.131943638
862,CC1=CC(C)=C(O)C(C)=C1,2.6e-06,-5.585026652
863,CC(C)C1=C(C)C=CC=C1,0.01137,-1.944239535
864,[O-][N+](=O)C1=C(C=CC=C1)[N+]([O-])=O,5.33e-08,-7.273272791
865,CN1CSC(=S)N(C)C1,2.66e-10,-9.575118363
866,CC1=C(O)C(=CC(=C1)[N+]([O-])=O)[N+]([O-])=O,1.4e-06,-5.853871964
867,CC(C)C1=CC(C)=CC=C1,0.00715,-2.145693958
868,C#CC1=CC=CC=C1,0.000607,-3.216811309
869,CCC1=CC=NC=C1,8.48e-06,-5.071604148
870,CCC1=CC=CN=C1,1.04e-05,-4.982966661
871,CCN(CCCl)CCCl,0.00035,-3.455931956
872,COCC1=CC=CC=C1,8.9e-05,-4.050609993
873,CCCCC(=O)OCC,0.000372,-3.42945706
874,CCC(=O)OCC(C)C,0.000652,-3.185752404
875,BrC=CBr,0.00085,-3.070581074
876,CCCCl,0.01311,-1.882397308
877,ClC=CCl,0.00408,-2.389339837
878,CCOC,0.0012,-2.920818754
879,CC(C)CC(C)(C)C,3.04,0.482873584
880,CC(=O)OC(C)(C)C,0.000862,-3.064492734
881,C[Si]1(C)O[Si](C)(C)O[Si](C)(C)O[Si](C)(C)O[Si](C)(C)O[Si](C)(C)O1,1.88,0.274157849
882,C[Si]1(C)O[Si](C)(C)O[Si](C)(C)O[Si](C)(C)O[Si](C)(C)O1,33.0,1.51851394
883,CCCC(Cl)Cl,0.00761,-2.118615343
884,ClC1=CC(Cl)=CC=C1,0.00263,-2.580044252
885,CC(C)COC=O,0.000528,-3.277366077
886,CCCCI,0.01666,-1.778325003
887,ClCOCCl,0.00436,-2.360513511
888,C1C=CC=C1,0.021,-1.677780705
889,CC(C)CO[N+]([O-])=O,0.00225,-2.647817482
890,CCCCCC(C)O,5.56e-05,-4.254925208
891,CCCCCCl,0.0238,-1.623423043
892,CC(C)CCOCCC(C)C,0.00146,-2.835647144
893,CCCCCCCl,0.0242,-1.616184634
894,C1C=CC=CC=C1,0.004595,-2.337714484
895,CCCCCCCCCCCCCC(O)=O,4.95e-07,-6.305394801
896,CCCCCCCCCCCCCCCC,0.473,-0.325138859
897,C1=CC(=CC=N1)C1=CC=NC=C1,2.52e-09,-8.598599459
898,COC(=O)C(=O)OC,2.94e-06,-5.53165267
899,CCC(=O)OC,0.000174,-3.759450752
900,CC1=CC=CS1,0.00241,-2.617982957
901,OC1=CC=CC(=C1)[N+]([O-])=O,2e-09,-8.698970004
902,ClCCN(CCCl)CCCl,1.85e-05,-4.732828272
903,CN=C=S,4.48e-05,-4.348721986
904,C[Si]1(C)O[Si](C)(C)O[Si](C)(C)O[Si](C)(C)O1,12.0,1.079181246
905,CCCOC,0.001487,-2.827689031
906,BrC(Br)(Br)Br,0.000491,-3.308918508
907,CS(F)(=O)=O,2.81e-05,-4.55129368
908,[H][C@@]12OC3=C(OC(C)=O)C=CC4=C3[C@@]11CCN(C)[C@]([H])(C4)[C@]1([H])C=C[C@@H]2OC(C)=O,6.15e-13,-12.21112488
909,CCC(C)(C)CC,1.842,0.265289626
910,CC1=CC=CC(OP(=O)(OC2=CC(C)=CC=C2)OC2=CC(C)=CC=C2)=C1,8.3e-05,-4.080921908
911,CCOP(=S)(OCC)SCSP(=S)(OCC)OCC,3.79e-07,-6.42136079
912,CC(C)C=C,0.5395,-0.268008551
913,CCC(C)=C,0.4311,-0.365421977
914,CC(=C)CCl,0.0087,-2.060480747
915,CC(Cl)=CCl,0.00491,-2.308918508
916,CC(C)C(C)=O,9.73e-05,-4.01188716
917,CCC(C)C(C)(C)C,2.01,0.303196057
918,CCC(C)C(C)C,1.73,0.238046103
919,CCC(C)C(C)=O,7.32e-05,-4.135488919
920,CCC(=O)C(C)C,0.000154,-3.812479279
921,CC(C)C(C)C(C)C,1.771,0.248218561
922,CC(C)C(=O)C(C)C,0.000353,-3.452225295
923,CC1=CC=C(C)C2=C1C=CC=C2,0.000386,-3.413412695
924,CC1=CC=CC2=C(C)C=CC=C12,0.00035,-3.455931956
925,CC1=CC(C)=C2C=CC=CC2=C1,0.000596,-3.22475374
926,CC1=CC=CC(C)=C1O,6.65e-06,-5.177178355
927,CCC1=CC=CC(CC)=C1N,1.12e-06,-5.950781977
928,CC1=C(C)C=C2C=CC=CC2=C1,0.00092,-3.036212173
929,CC1=C(C)C=NC=C1,3.7e-06,-5.431798276
930,CC1CCCCC1O,7.58e-06,-5.120330794
931,CC1=C(C)N=CC=C1,7.22e-06,-5.141462802
932,CCC(O)CC,1.98e-05,-4.70333481
933,CCC(O)CO,5.94e-09,-8.226213555
934,CC(C)=CC1C(C(=O)OC2CC(=O)C(CC=C)=C2C)C1(C)C,1.04e-07,-6.982966661
935,CC(C)(C)C1=CC=CC(O)=C1,1.92e-06,-5.716698771
936,[O-][N+](=O)C1=CC(Br)=CC=C1,1.86e-06,-5.730487056
937,CC(C)=C1CCC(C)=CC1,0.0262,-1.581698709
938,CCCC(C)CC,1.64,0.214843848
939,CCCC(=O)CC,0.000125,-3.903089987
940,CCCCC(C)CC,3.72,0.57054294
941,CCCCC(O)CC,2.83e-05,-4.548213564
942,CC1=CC=C(C)N=C1,8.68e-06,-5.061480275
943,CCCCOC(=O)CC,0.000505,-3.296708622
944,CCCC(C)(C)C,3.15,0.498310554
945,CCCC(C)(C)O,3.57e-05,-4.447331784
946,CCCCC(C)(C)C,36.8,1.565847819
947,CC(C)CC=O,0.000405,-3.392544977
948,CC1=CC=CC(Br)=C1,0.00671,-2.17327748
949,CC1=CC(C)=CN=C1,6.89e-06,-5.161780778
950,CC1CCCC(O)C1,3.67e-06,-5.435333936
951,CC1CCCC(=O)C1,0.000148,-3.829738285
952,OC1=CC(Cl)=CC(Cl)=C1,2.44e-07,-6.612610174
953,CC1=CCCCC1,0.07446,-1.128076968
954,IC1=CC=CC=C1,0.000837,-3.077274542
955,CCCCC(C)C,3.426,0.534787359
956,CCCCC(C)=O,9.32e-05,-4.030584088
957,CC(=O)OCC=C,0.000128,-3.89279003
958,C=CCC=C,0.1201,-0.920456993
959,CC=CCCl,0.00822,-2.085128182
960,CCCCC=C,0.412,-0.385102784
961,C=CCCC=C,0.1412,-0.850165303
962,CCCCCC=C,0.421,-0.375717904
963,CCCCC=CC,0.417,-0.379863945
964,CCCCOC=O,0.000514,-3.289036881
965,CF,0.01702,-1.769040444
966,FCCl,0.00659,-2.181114585
967,ClCI,0.000871,-3.059981845
968,CC(C)C(C)(C)O,9.98e-06,-5.000869459
969,CC(Cl)(Cl)[N+]([O-])=O,0.00128,-2.89279003
970,COC(C)C,0.000908,-3.041914151
971,CC(C)C(C)O,1.75e-05,-4.756961951
972,CC(Cl)C(Cl)Cl,0.000317,-3.498940738
973,COC(=O)C(C)(C)C,0.000425,-3.37161107
974,CC(C)N(N=O)C(C)C,7.83e-06,-5.106238238
975,OC1=CC2=C(C=C1)C(=O)C1=CC=CC=C1C2=O,1.84e-11,-10.73518218
976,CC1=C(C=CC=C1[N+]([O-])=O)[N+]([O-])=O,7.47e-07,-6.126679398
977,ClC1=CC(Cl)=C(Cl)C(Cl)=C1Cl,0.000703,-3.153044675
978,CC1=CC(=C(O)C(=C1)[N+]([O-])=O)[N+]([O-])=O,5.3e-08,-7.27572413
979,CCC1=CC=CC=C1C,0.00553,-2.257274869
980,CC1=CC2=CC3=CC=CC=C3C=C2C=C1,0.000634,-3.197910742
981,CCOC(=O)N(C)N=O,5.54e-06,-5.256490235
982,CN1C=CC(=O)NC1=O,4.22e-09,-8.374687549
983,CCC(Cl)CC,0.02624,-1.581036169
984,CC1=CSC=C1,0.00715,-2.145693958
985,O=C1CCCN1,1.06e-09,-8.974694135
986,CCC1=CC=CC(O)=C1,6.28e-07,-6.202040356
987,CCCN(CCC)N=O,5.38e-06,-5.269217724
988,OC(=O)C=CC1=CC=CC=C1,1.71e-08,-7.76700389
989,CCC1=CC=C(C)C=C1,0.00501,-2.300162274
990,CC1=CC=C(C=C)C=C1,0.00316,-2.500312917
991,CCCC(O)CC,4.02e-05,-4.395773947
992,CCCC(=O)OC,0.000205,-3.688246139
993,CCCCC(=O)OC,0.000318,-3.49757288
994,COC(=O)\C=C/C(=O)OC,7.11e-07,-6.148130399
995,CCCCCOC(=O)CC,0.000843,-3.074172425
996,CSSC,0.00121,-2.91721463
997,CCCC(C)Cl,0.01468,-1.833273944
998,COCC(C)C,0.002205,-2.656591406
999,COCC(O)=O,6.42e-09,-8.192464972
1000,CC(C)OC=O,0.000775,-3.110698297
1001,CC(C)SC(C)C,0.0033,-2.48148606
1002,BrC1=CC(Br)=CC(Br)=C1,0.000786,-3.104577454
1003,CN1CCCCC1,3.46e-05,-4.460923901
1004,CCCCC(C)O,2.44e-05,-4.612610174
1005,CCCC[N+]([O-])=O,0.000119,-3.924453039
1006,CCCO[N+]([O-])=O,0.00127,-2.896196279
1007,OCCCBr,1.29e-07,-6.88941029
1008,CCCC#C,0.02489,-1.603975103
1009,COC(=O)CCCCC(=O)OC,2.31e-06,-5.63638802
1010,CCCCCI,0.0194,-1.71219827
1011,CCCCOC,0.001787,-2.747875447
1012,CCCOCC,0.001139,-2.943476276
1013,CCCCCOC(C)=O,0.000388,-3.411168274
1014,CCCCCC#C,0.07069,-1.150642018
1015,ClCCCCCCl,0.000558,-3.253365801
1016,[O-][N+](=O)OCCO[N+]([O-])=O,2.77e-06,-5.557520231
1017,CCCCCCCC(C)O,4.88e-05,-4.311580178
1018,CCCCCCCBr,0.04512,-1.345630909
1019,CCCCCCC#C,0.08218,-1.085233863
1020,CCOCCOCC,6.32e-05,-4.199282922
1021,CCCCCCCCCCCCC,2.88,0.459392488
1022,CCCCCCCCCCCCCC,9.2,0.963787827
1023,CCCCCCCCCCCCCCC,12.61,1.100715087
1024,ClCC(Cl)(Cl)Cl,0.0025,-2.602059991
1025,CC[Si](CC)(CC)CC,2.922,0.465680212
1026,OC(=O)C(Br)Br,4.42e-09,-8.354577731
1027,ClC1=C(Cl)C(Cl)=C(Cl)C=C1,0.00076,-3.119186408
1028,ClC1=CC(Cl)=C(Cl)C(Cl)=C1,0.00158,-2.801342913
1029,CCC(=O)OC(C)C,0.000579,-3.237321436
1030,CCOC(C)(C)C,0.00164,-2.785156152
1031,CCCCCCI,0.0281,-1.55129368
1032,CCSCCSP(=S)(OC)OC,2.76e-08,-7.559090918
1033,CCCC1=CC=C(O)C=C1,1.14e-06,-5.943095149
1034,C1COCO1,2.45e-05,-4.610833916
1035,CCNC1=NC(OC)=NC(NCC)=N1,1.95e-10,-9.709965389
1036,CN(C)P(=O)(N(C)C)N(C)C,2e-08,-7.698970004
1037,C=CC#C,0.02909,-1.536256279
1038,CC(C)CC=C,0.628,-0.202040356
1039,CCCCC#C,0.0399,-1.399027104
1040,[O-][N+](=O)OCCOCCO[N+]([O-])=O,3.9e-07,-6.408935393
1041,CCC1=CC(O)=CC(C)=C1,6.78e-07,-6.168770306
1042,CC1=CC(C)=C(C)C(C)=C1C,0.000438,-3.358525889
1043,CC1=CC(O)=C(C=C1)[N+]([O-])=O,1.28e-05,-4.89279003
1044,CCC(=O)NC1=CC=C(Cl)C(Cl)=C1,1.71e-09,-8.76700389
1045,NC1=CC=C(C=C1)N=NC1=CC=C(C=C1)[N+]([O-])=O,2.81e-10,-9.55129368
1046,CN(C)S(=O)(=O)N(SC(F)(Cl)Cl)C1=CC=C(C)C=C1,7.61e-07,-6.118615343
1047,COP(=S)(OC)SCN1C(=O)C2=C(C=CC=C2)C1=O,8.38e-09,-8.076755981
1048,CC(C)OP(=S)(OC(C)C)SCCNS(=O)(=O)C1=CC=CC=C1,9.15e-09,-8.038578906
1049,CCCN(CCC)C(=O)SCC,1.59e-05,-4.798602876
1050,ClCC(Cl)C=C,0.00858,-2.066512712
1051,CC(C)(C)OC=O,0.00069,-3.161150909
1052,CCCC(C)=C,0.2768,-0.557833914
1053,CC(=O)C1CC1,1.02e-05,-4.991399828
1054,COC1=C(Cl)C=CC=C1,9.11e-05,-4.040481623
1055,C1CC2=CC=CC=C2C2=CC=CC=C12,3.04e-05,-4.517126416
1056,CC1=C2C=CC=CC2=CC2=CC=CC=C12,3.88e-05,-4.411168274
1057,CCOP(=S)(OCC)SCSC1=CC=C(Cl)C=C1,2.15e-07,-6.66756154
1058,ClC1=CC=C(C=C1)C(C1=CC=CC=C1Cl)C(Cl)(Cl)Cl,7.41e-06,-5.130181792
1059,FCC(F)(F)F,0.05,-1.301029996
1060,CCCCCCCC(C)=O,0.000367,-3.435333936
1061,CC(=O)C1CCCCC1,3.38e-05,-4.4710833
1062,CC1=C2C=CC3=CC=CC=C3C2=CC=C1,4.93e-05,-4.307153081
1063,CCNC1=NC(SC)=NC(NC(C)C)=N1,2.43e-09,-8.614393726
1064,COCCCNC1=NC(NC(C)C)=NC(SC)=N1,3.18e-10,-9.49757288
1065,CC(=C)C(=O)OCCO,2.16e-07,-6.665546249
1066,CCCCCCCCC=C,0.541,-0.266802735
1067,CN1CCCC1=O,3.2e-09,-8.494850022
1068,O=CC1=CC=NC=C1,1.77e-07,-6.752026734
1069,CC1=C(Cl)C(Cl)=C(Cl)C(Cl)=C1Cl,0.00077,-3.113509275
1070,CCNC1=NC(SC)=NC(NC(C)(C)C)=N1,2.15e-08,-7.66756154
1071,CCSCCSP(=O)(OC)OC,2.75e-08,-7.560667306
1072,CCOC(C)(C)CC,0.0191,-1.718966633
1073,OC(C(F)(F)F)C(F)(F)F,4.25e-05,-4.37161107
1074,CCCCN(CCCC)N=O,1.32e-05,-4.879426069
1075,CCCCCC(=O)CCCCC,0.000224,-3.649751982
1076,CCCCO[N+]([O-])=O,0.00154,-2.812479279
1077,O=NN1CCCC1,4.89e-08,-7.310691141
1078,CN(CC1=CC=CC=C1)N=O,1.2e-05,-4.920818754
1079,CCC1=CC=C2C=CC=CC2=C1,0.000538,-3.269217724
1080,CCOP(=S)(CC)SC1=CC=CC=C1,6.98e-06,-5.156144577
1081,CCOP(=O)(OCC)N=C1SCCS1,1.2e-10,-9.920818754
1082,COC1=NN(CSP(=S)(OC)OC)C(=O)S1,7.17e-09,-8.144480844
1083,CN(C)C(=O)C(C1=CC=CC=C1)C1=CC=CC=C1,3.63e-11,-10.44009337
1084,[O-][N+](=O)C1=CC(=C(NC2=CC=CC=C2)C=C1)[N+]([O-])=O,7.75e-10,-9.110698297
1085,CCC(C)(C)OC,0.00132,-2.879426069
1086,[Cl-].C[N+](C)(C)CCCl,1.6e-14,-13.79588002
1087,CCCCCO[N+]([O-])=O,0.00166,-2.779891912
1088,CNC1=NC(SC)=NC(NC(C)C)=N1,4.83e-10,-9.316052869
1089,[H][C@]12[C@@H]3O[C@@H]3[C@H](Cl)[C@@]1([H])[C@@]1(Cl)C(Cl)=C(Cl)C2(Cl)C1(Cl)Cl,2.1e-05,-4.677780705
1090,ClC1=C(Cl)C2(Cl)C3COS(=O)(=O)OCC3C1(Cl)C2(Cl)Cl,3.25e-07,-6.488116639
1091,OC(=O)CNCP(O)(O)=O,2.1e-12,-11.67778071
1092,CCCCCCC1=CC=CC=C1,0.02864,-1.543026986
1093,CCCCCCCC1=CC=CC=C1,0.01508,-1.821598658
1094,CN(C)S(=O)(=O)N(SC(F)(Cl)Cl)C1=CC=CC=C1,3.78e-08,-7.4225082
1095,CCCCN(CC)C(=O)SCCC,0.000237,-3.625251654
1096,COC(=O)CCCC(=O)OC,6.43e-07,-6.191789027
1097,CCCCCCCCCCC,1.926,0.284656283
1098,CC(=O)C1=CC=NC=C1,6.28e-08,-7.202040356
1099,CCC1=CC=CC2=C1C=CC=C2,0.000685,-3.164309429
1100,CN=C(O)OC1=CC=CC(C)=C1,9.03e-08,-7.04431225
1101,CCSC(=O)N(CC)C1CCCCC1,5.25e-06,-5.279840697
1102,ClC1=CC=CC(Cl)=C1C#N,1.01e-05,-4.995678626
1103,C(NC1=C2N=CN=C2N=CN1)C1=CC=CC=C1,8.84e-14,-13.05354773
1104,CCCCC(CC)COP(=O)(OC1=CC=CC=C1)OC1=CC=CC=C1,5.42e-05,-4.266000713
1105,OC1=CC=C(C=C1)N=NC1=CC=C(C=C1)[N+]([O-])=O,2.47e-11,-10.60730305
1106,CC(C)OP(C)(=O)OC(C)C,3.6e-05,-4.443697499
1107,CNC(=O)OC1=CC=CC2=C1OC(C)(C)C2,3.09e-09,-8.510041521
1108,COC1=CC(=C(O)C=C1)[N+]([O-])=O,1.88e-06,-5.725842151
1109,CC1=C(O)C=CC(Cl)=C1,1.13e-06,-5.946921557
1110,CCCN(CCC)C1=C(C=C(C=C1[N+]([O-])=O)C(F)(F)F)[N+]([O-])=O,0.000103,-3.987162775
1111,CN(C)NC(=O)CCC(O)=O,4.23e-10,-9.373659633
1112,CCNC1=NC(NC(C)C)=NC(OC)=N1,4.48e-10,-9.348721986
1113,COC1=NC(NC(C)C)=NC(NC(C)C)=N1,9.09e-10,-9.041436117
1114,COC(C)(C)C,0.000587,-3.231361899
1115,CCOC(=O)CC(SP(=O)(OC)OC)C(=O)OCC,5.4e-10,-9.26760624
1116,CCCCCCCS,0.0246,-1.609064893
1117,CNC(=O)ON=CC(C)(C)S(C)=O,9.69e-10,-9.013676223
1118,CNC(=O)ON=CC(C)(C)S(C)(=O)=O,3.37e-09,-8.472370099
1119,FC(F)(Cl)CCl,0.071,-1.148741651
1120,CCC1CCCCC1,0.3,-0.522878745
1121,CC12OC1CC1CC2C1(C)C,0.000422,-3.374687549
1122,OC1=CC=C(C=C1)N=NC1=CC=CC=C1,6.7e-10,-9.173925197
1123,OC1=C(Br)C=C(C=C1Br)C#N,1.32e-10,-9.879426069
1124,CCCCCCCC(=O)OC1=C(Br)C=C(C=C1Br)C#N,3.19e-05,-4.496209317
1125,NC1=C(Cl)C(=O)N(N=C1)C1=CC=CC=C1,3.33e-10,-9.477555766
1126,OC(=O)C1=C(Cl)C=CC(Cl)=N1,3.03e-09,-8.518557371
1127,CC(C)O[N+]([O-])=O,0.00161,-2.793174124
1128,CC(F)(Cl)Cl,0.022,-1.657577319
1129,OC1CCCCCCCCCCC1,2.94e-06,-5.53165267
1130,CC1=CC=CC2=C1CC1=C2C=CC=C1,6.53e-05,-4.185086819
1131,ClC1=C(Cl)C=C2OC3=CC(Cl)=C(Cl)C=C3OC2=C1,5e-05,-4.301029996
1132,CON(C)C(=O)NC1=CC=C(Cl)C=C1,4.6e-08,-7.337242168
1133,ClC1=C2C=CC=CC2=C(Cl)C=C1,0.00042,-3.37675071
1134,COC(=O)C1=C(Cl)C(Cl)=C(C(=O)OC)C(Cl)=C1Cl,2.18e-06,-5.661543506
1135,CCCCN(CC)C1=C(C=C(C=C1[N+]([O-])=O)C(F)(F)F)[N+]([O-])=O,0.000291,-3.536107011
1136,CC(O)COCC1=C(Cl)C(Cl)=CC=C1Cl,4.86e-07,-6.313363731
1137,ClC(Cl)=C(Cl)C(Cl)(Cl)Cl,0.0047,-2.327902142
1138,ClC1=C(Cl)C(C#N)=C(Cl)C(C#N)=C1Cl,2e-06,-5.698970004
1139,CCNC1=NC(NC(C)C)=NC(Cl)=N1,2.36e-09,-8.627087997
1140,COC1=C(Cl)C=CC(Cl)=C1C(O)=O,4.38e-10,-9.358525889
1141,NC(=S)C1=C(Cl)C=CC=C1Cl,2.86e-11,-10.54363397
1142,CC(C)N(C(=O)CCl)C1=CC=CC=C1,3.6e-07,-6.443697499
1143,COC(=O)COC1=C(Cl)C=C(Cl)C=C1,2.76e-06,-5.559090918
1144,CCCCOCCOC(=O)COC1=C(Cl)C=C(Cl)C=C1,1.59e-07,-6.798602876
1145,CCCSC(=O)N(CCC)CCC,3.09e-05,-4.510041521
1146,ClC1=CC=CC(=N1)C(Cl)(Cl)Cl,2.03e-05,-4.692503962
1147,CC(OC(=O)NC1=CC(Cl)=CC=C1)C#C,8.61e-09,-8.064996849
1148,CN(C)C(=O)NC1=CC=C(OC2=CC=C(Cl)C=C2)C=C1,4.03e-10,-9.394694954
1149,CC1CCCCC1NC(=O)NC1=CC=CC=C1,6.79e-11,-10.16813023
1150,CNC.OC(=O)COC1=C(Cl)C=C(Cl)C=C1,4.67e-16,-15.33068312
1151,CCSC(=O)N(CC(C)C)CC(C)C,8.45e-05,-4.073143291
1152,CCCCCCCCCCN,3.76e-05,-4.424812155
1153,CNC(=O)OC1=CC(C)=C(SC)C(C)=C1,1.18e-09,-8.928117993
1154,CCCC1CCCC1,0.8975,-0.046965543
1155,CCOC(=O)CCCCCC(=O)OCC,4.48e-07,-6.348721986
1156,ClC1=CC=CC(=C1)C1=CC(Cl)=CC=C1,0.000233,-3.632644079
1157,ClC1=CC=C(C=C1)C1=CC=C(Cl)C=C1,0.000199,-3.701146924
1158,ClC1=C(Cl)C(Cl)=C(C(Cl)=C1Cl)C1=C(Cl)C(Cl)=C(Cl)C(Cl)=C1Cl,0.0094,-2.026872146
1159,ClC1=C(C=CC=C1)C1=CC=CC=C1,0.000736,-3.133122186
1160,ClC1=CC=CC(=C1)C1=CC=CC=C1,0.000613,-3.212539525
1161,ClC1=CC=C(C=C1)C1=CC=CC=C1,0.000573,-3.241845378
1162,CC1=C(Cl)C=CC(Cl)=C1Cl,0.0015,-2.823908741
1163,CCOP(=S)(OC1=CC=C(C=C1)[N+]([O-])=O)C1=CC=CC=C1,4.44e-07,-6.35261703
1164,COP(=S)(OC)OC1=C(Cl)C=C(Br)C(Cl)=C1,0.000205,-3.688246139
1165,ClC1=CC(Cl)=C(Cl)C(=C1Cl)C1=C(Cl)C(Cl)=CC(Cl)=C1Cl,1.8e-05,-4.744727495
1166,CN(C)C(=O)NC1=CC=CC(=C1)C(F)(F)F,2.61e-09,-8.583359493
1167,CCCCCCCCC1=CC=CC=C1,0.0429,-1.367542708
1168,CCSC(=O)N1CCCCCC1,4.1e-06,-5.387216143
1169,CCCCC(C)CCC,10.03,1.001300933
1170,ClC1=C(Cl)C(Cl)(C(Cl)=C1Cl)C1(Cl)C(Cl)=C(Cl)C(Cl)=C1Cl,5.46e-05,-4.262807357
1171,ClC1=C(Cl)C2=C(Cl)C(Cl)=C(Cl)C(Cl)=C2C(Cl)=C1Cl,0.000731,-3.136082623
1172,COP(=O)(OC)OC(=CCl)C1=C(Cl)C=C(Cl)C=C1,3.27e-08,-7.485452247
1173,CC(=O)OO[N+]([O-])=O,0.000278,-3.555955204
1174,CC(C)N(C(C)C)C(=O)SCC(Cl)=CCl,3.8e-06,-5.420216403
1175,CC(C)N(C(C)C)C(=O)SCC(Cl)=C(Cl)Cl,1.2e-05,-4.920818754
1176,CC(C)(C)C1=CC=C(OC2CCCCC2OS(=O)OCC#C)C=C1,6.4e-07,-6.193820026
1177,CCCCCC=CC=O,7.34e-05,-4.13430394
1178,FC1=CC(F)=C(F)C(F)=C1,0.0195,-1.709965389
1179,ClC12C3(Cl)C4(Cl)C5(Cl)C(Cl)(C1(Cl)C4(Cl)Cl)C2(Cl)C(Cl)(Cl)C35Cl,0.000811,-3.090979146
1180,CC1=CC=C(C)C(O)=C1C,3.94e-06,-5.404503778
1181,ClC1=CC(Cl)=C(C=C1)C1=C(Cl)C=C(Cl)C=C1,0.00019,-3.721246399
1182,COP(=S)(OC)OC1=CC=C(C=C1Cl)[N+]([O-])=O,9.59e-08,-7.018181393
1183,CNC1=CC=C(NC)C2=C1C(=O)C1=CC=CC=C1C2=O,1.89e-10,-9.723538196
1184,NC1=CC=C(N)C2=C1C(=O)C1=C(N)C=CC(N)=C1C2=O,2.12e-07,-6.673664139
1185,CN(C)C1=CC=C(C=C1)N=NC1=CC=C(C=C1)[N+]([O-])=O,6.59e-08,-7.181114585
1186,COC1=C(Cl)C(Cl)=C(Cl)C(Cl)=C1O,6.89e-06,-5.161780778
1187,COP(=S)(OC)SCC(=O)N(C)C=O,1.1e-10,-9.958607315
1188,CC1=C(C=CC(O)=C1)[N+]([O-])=O,1.61e-08,-7.793174124
1189,CCOC1=NC(=NS1)C(Cl)(Cl)Cl,2.78e-07,-6.555955204
1190,CNC(=O)OC1=CC(=CC(C)=C1)C(C)C,8.89e-08,-7.051098239
1191,CNC(=O)OC1=C(C=CC=C1)C(C)C,1.34e-08,-7.872895202
1192,COP(=S)(OC)OC1=CC=C(C=C1)C#N,5.48e-06,-5.261219442
1193,CCOP(=S)(OCC)SCN1N=NC2=CC=CC=C2C1=O,9.95e-08,-7.002176919
1194,CNC(=O)OC1=CC(C)=CC(C)=C1,1.81e-07,-6.742321425
1195,CNC(=O)OC1=CC(=CC(=C1)C(C)(C)C)C(C)(C)C,4.57e-08,-7.3400838
1196,COC1=CC(Cl)=C(OC)C=C1Cl,0.000102,-3.991399828
1197,C1C[N+]2=CC=CC=C2C2=CC=CC=[N+]12,3.5e-11,-10.45593196
1198,CCC(C)C1=C(OC(C)=O)C(=CC(=C1)[N+]([O-])=O)[N+]([O-])=O,1.01e-07,-6.995678626
1199,CC(=O)NC1=CC=C(C=C1)N=NC1=C(O)C=CC(C)=C1,1.5e-11,-10.82390874
1200,FC(Cl)C(F)(F)F,0.091,-1.040958608
1201,CCN(CCO)C1=CC=C(C=C1)N=NC1=CC=C(C=C1)[N+]([O-])=O,8.36e-14,-13.07779372
1202,CCOP(=S)(OCC)OC1=NC(Cl)=C(Cl)C=C1Cl,2.93e-06,-5.53313238
1203,ClC1=C(Cl)C=C(C=C1)C1=CC=CC=C1,0.00014,-3.853871964
1204,OC1=C(C=C(C=O)C=C1)[N+]([O-])=O,1.05e-06,-5.978810701
1205,COO,4.54e-06,-5.342944147
1206,CCOO,2.94e-06,-5.53165267
1207,CON(C)C(=O)NC1=CC=C(Br)C=C1,3.1e-09,-8.508638306
1208,BrC1CCC(Br)C(Br)CCC(Br)C(Br)CCC1Br,4.6e-05,-4.337242168
1209,ClC1=C(Cl)C2=C(OC3=C(Cl)C(Cl)=C(Cl)C(Cl)=C3O2)C(Cl)=C1Cl,6.74e-06,-5.171340103
1210,O=C1C2=C(SC(C#N)=C(S2)C#N)C(=O)C2=C1C=CC=C2,5.65e-11,-10.24795155
1211,ClC(Cl)=C(C1=CC=C(Cl)C=C1)C1=C(Cl)C=CC=C1,1.85e-05,-4.732828272
1212,CC(C)CCC(C)(C)C,2.437,0.386855529
1213,CCC(C)C1=CC(=C(O)C=C1)[N+]([O-])=O,9.57e-05,-4.019088062
1214,[Na+].[O-]S(=O)(=O)C1=CC(Cl)=CC=C1OC1=C(NC(=O)NC2=CC(Cl)=C(Cl)C=C2)C=C(Cl)C=C1,8.26e-15,-14.08301995
1215,CCOP(=S)(OCC)OP(=S)(OCC)OCC,4.45e-06,-5.351639989
1216,ClC1=CC=C(C=C1)C(C(=O)C1C(=O)C2=C(C=CC=C2)C1=O)C1=CC=CC=C1,3.7e-12,-11.43179828
1217,CC=CC(O)=O,4.28e-07,-6.368556231
1218,ClC1=CC(Cl)=NC(=N1)C1=CC=CC=C1,1.07e-05,-4.970616222
1219,CCC(C)C1=CC=CC=C1OC(=O)NC,5.91e-08,-7.228412519
1220,CCSC1=NC(NC(C)C)=NC(NC(C)C)=N1,3.36e-08,-7.473660723
1221,CCCCCCCI,0.0388,-1.411168274
1222,ClC1=CC=C(C=C1)N=NC1=CC=CC=C1,1.33e-06,-5.876148359
1223,CCCN(CCC)C1=C(C=C(C=C1[N+]([O-])=O)S(C)(=O)=O)[N+]([O-])=O,7.04e-09,-8.152427341
1224,CC=CC#N,0.000112,-3.950781977
1225,CC1=C(C(O)=CC=C1)[N+]([O-])=O,3.06e-06,-5.514278574
1226,CCCCC1=C(O)N=C(N=C1C)N(C)C,2.52e-09,-8.598599459
1227,CC1=C(SCCO1)C(=O)NC1=CC=CC=C1,3.2e-10,-9.494850022
1228,CC1=C(C(=O)NC2=CC=CC=C2)S(=O)(=O)CCO1,1.06e-11,-10.97469413
1229,COP(=S)(OC)OC1=NC(Cl)=C(Cl)C=C1Cl,3.75e-06,-5.425968732
1230,CC1=C(Cl)C(=O)N(C(=O)N1)C(C)(C)C,1.2e-10,-9.920818754
1231,CCNC1=NC(NC(C)(C)C)=NC(Cl)=N1,3.72e-08,-7.42945706
1232,CCCC(C)O,1.48e-05,-4.829738285
1233,CN(C)C=NC1=CC=C(Cl)C=C1C,3.45e-07,-6.462180905
1234,OCC1=C(OCC(O)=O)C=CC(Cl)=C1,9.51e-11,-10.02181948
1235,CC1=C(Cl)C=C(Cl)C(Cl)=C1,0.0015,-2.823908741
1236,CCC(C)OC,0.001471,-2.832387327
1237,CNC(=O)\C=C(/C)OP(=O)(OC)OC,6.5e-13,-12.18708664
1238,CNC(=O)OC1=C(C=CC=C1)C1OCCO1,1.47e-11,-10.83268267
1239,ClC1=CC=C(C=C1)C1=C(Cl)C=C(Cl)C=C1,0.0002,-3.698970004
1240,CC1=CC(O)=C(C=C1Cl)[N+]([O-])=O,2.76e-05,-4.559090918
1241,CSC1=NC(NC(C)C)=NC(NC(C)C)=N1,1.19e-08,-7.924453039
1242,CCCOP(=O)(OCCC)OC1=CC=C(SC)C=C1,2.88e-09,-8.540607512
1243,[H][C@@]12[C@@]3([H])C[C@@H](C=O)[C@]4([H])[C@@]3([H])[C@@]3(Cl)[C@]1(Cl)[C@]2(Cl)[C@@]4(Cl)C3(Cl)Cl,4.18e-06,-5.378823718
1244,CC(Cl)C(C)Cl,0.00726,-2.139063379
1245,CC(C)=CC1C(C(=O)OCN2C(=O)C3=C(CCCC3)C2=O)C1(C)C,1.69e-06,-5.772113295
1246,COP(=O)(OC)O\C(C)=C\C(=O)OC(C)C1=CC=CC=C1,5.79e-09,-8.237321436
1247,COC(=O)C=C(C)OP(=O)(OC)OC,6.39e-11,-10.19449914
1248,CCC(Cl)(Cl)Cl,0.00323,-2.490797478
1249,CC1=CC(=O)NO1,2.1e-09,-8.677780705
1250,NC(=O)C(Br)(Br)C#N,1.91e-08,-7.718966633
1251,CCOP(=S)(OCC)SC(CCl)N1C(=O)C2=C(C=CC=C2)C1=O,1.78e-07,-6.749579998
1252,CCOC(=O)CCCOC1=C(C)C=C(Cl)C=C1,4.83e-08,-7.316052869
1253,COC(=O)NC1=NC2=CC=CC=C2N1,2.12e-11,-10.67366414
1254,[H][C@@]12OC=C[C@]1(O)[C@@H]1C[C@H](O2)[C@]2(O[C@@]12C)[C@]1(C)[C@H](O)[C@]2([H])OC[C@@]3([C@@H](C[C@H](OC(=O)C(\C)=C\C)[C@@]4(CO[C@](O)(C(=O)OC)[C@@]14[H])[C@@]23[H])OC(C)=O)C(=O)OC,9.85e-14,-13.00656377
1255,COC1=CC=C(C=C1)C(O)(C1CC1)C1=CN=CN=C1,1.56e-11,-10.8068754
1256,ClC1=C(C=CC=C1)C1=C(Cl)C=CC=C1,0.00023,-3.638272164
1257,CCOP(=S)(OCC)SCSC(C)(C)C,2.4e-05,-4.619788758
1258,CC1=CC=CC(=C1O)[N+]([O-])=O,3.36e-05,-4.473660723
1259,CCCSP(=O)(OCC)SCCC,1.62e-07,-6.790484985
1260,CON(C)C(=O)NC1=CC(Cl)=C(Br)C=C1,4.38e-09,-8.358525889
1261,CCOP(=S)(OCC)OC1=CN=C2C=CC=CC2=N1,4.64e-08,-7.333482019
1262,CCOC(=O)NC1=CC(OC(=O)NC2=CC=CC=C2)=CC=C1,1.69e-10,-9.772113295
1263,COC(=O)NC1=CC(OC(=O)NC2=CC=CC(C)=C2)=CC=C1,8.41e-13,-12.075204
1264,CCC1=CN=CC=N1,2.45e-06,-5.610833916
1265,CCC(C)N,0.000153,-3.815308569
1266,CCOP(=S)(OCC)ON=C(C#N)C1=CC=CC=C1,1.51e-06,-5.821023053
1267,CC(=O)C=CC1=C(C)CCCC1(C)C,8.09e-05,-4.092051478
1268,CCN(CC)C(=O)C(C)OC1=C2C=CC=CC2=CC=C1,8.41e-10,-9.075204004
1269,CN(C)C(=O)NC1=CC(Cl)=C(C)C=C1,1.44e-10,-9.841637508
1270,ClC1=CC(Cl)=C(C=C1Cl)C1=CC=CC=C1,0.0002,-3.698970004
1271,ClC1=CC=CC(Cl)=C1C1=C(Cl)C=CC=C1Cl,0.0002,-3.698970004
1272,CCC1=CC=CC(CC)=C1N(COC)C(=O)CCl,8.32e-09,-8.079876674
1273,OCCO[N+]([O-])=O,2.58e-08,-7.588380294
1274,ClC1=CC=CC(=C1Cl)C1=CC=CC=C1,0.00023,-3.638272164
1275,ClC1=CC=C(C=C1)C1=C(Cl)C=CC(Cl)=C1,0.00019,-3.721246399
1276,CNC(=O)ON=C(C)SC,1.97e-11,-10.70553377
1277,CCOP(=O)(SC1=CC=CC=C1)SC1=CC=CC=C1,7.6e-10,-9.119186408
1278,CN(C)C(CSS(=O)(=O)C1=CC=CC=C1)CSS(=O)(=O)C1=CC=CC=C1,1.2e-06,-5.920818754
1279,CCCCNC(=O)N1C(NC(=O)OC)=NC2=C1C=CC=C2,4.93e-12,-11.30715308
1280,COP(=S)(OC)OC1=CC(Cl)=C(I)C=C1Cl,4.48e-06,-5.348721986
1281,CC(C)OC(=O)C(O)(C1=CC=C(Br)C=C1)C1=CC=C(Br)C=C1,4.62e-07,-6.335358024
1282,CNC(=O)N(C)C1=NC2=C(S1)C=CC=C2,5.58e-10,-9.253365801
1283,CC(C)OC1=CC(N2N=C(OC2=O)C(C)(C)C)=C(Cl)C=C1Cl,7.27e-08,-7.138465589
1284,COC1=C(Cl)C=C(NC(=O)N(C)C)C=C1,1.43e-08,-7.844663963
1285,ClC1=C(Cl)C(Cl)=C2C=CC=CC2=C1Cl,0.000238,-3.623423043
1286,CC(O)CO[N+]([O-])=O,9.17e-08,-7.037630664
1287,CC(CO)O[N+]([O-])=O,2.22e-07,-6.653647026
1288,CN1C(=O)ON(C1=O)C1=CC=C(Cl)C(Cl)=C1,2.29e-07,-6.640164518
1289,CCCCCCO[N+]([O-])=O,0.00149,-2.826813732
1290,CSC1=NN=C(C(=O)N1N)C(C)(C)C,1.17e-10,-9.931814138
1291,CC1CC(C)(C)C2=C(C=C(C)C(=C2)C(C)=O)C1(C)C,0.000139,-3.8569852
1292,CCOP(=O)(OCC)N=C1SCS1,4.11e-11,-10.38615818
1293,COP(=S)(OC1=CC(Cl)=C(Br)C=C1Cl)C1=CC=CC=C1,2.65e-06,-5.576754126
1294,CCNC1=NC(NC(C)(C)C#N)=NC(Cl)=N1,2.57e-12,-11.59006688
1295,CCOP(=O)(NC(C)C)OC1=CC=C(SC)C(C)=C1,1.21e-09,-8.91721463
1296,CNC(=O)OC1=CC=CC2=C1OC(C)(C)O2,3.9e-08,-7.408935393
1297,CCNC1=NC(SC)=NC(NC(C)C(C)C)=N1,9.41e-09,-8.026410377
1298,CC(C)NC1=NC(Cl)=NC(NC2CC2)=N1,1.3e-09,-8.886056648
1299,CN(C)C(=O)OC1=C(C)C(C)=NC(=N1)N(C)C,8.45e-10,-9.073143291
1300,CNC(=O)ON=C(SC)C(=O)N(C)C,2.37e-10,-9.625251654
1301,CCCCOCN(C(=O)CCl)C1=C(CC)C=CC=C1CC,5.1e-08,-7.292429824
1302,CCOP(=S)(OCC)OC1=CC(C)=NC(=N1)N(CC)CC,3.21e-05,-4.493494968
1303,COP(=O)(OC)OC1=C(Cl)C2C=CCC12,1.69e-07,-6.772113295
1304,COC(=O)NC(=S)NC1=C(NC(=S)NC(=O)OC)C=CC=C1,1.21e-09,-8.91721463
1305,CCCCC1=C(O)N=C(NCC)N=C1C,3.67e-09,-8.435333936
1306,CC(C)(NC(=O)C1=CC(Cl)=CC(Cl)=C1)C#C,9.77e-09,-8.010105436
1307,CCOP(=S)(OCC)OC1=NN(C=N1)C1=CC=CC=C1,4.84e-08,-7.315154638
1308,CCCOP(=S)(OCCC)SCC(=O)N1CCCCC1C,4.46e-09,-8.350665141
1309,CCCOC(=O)NCCCN(C)C,1.48e-09,-8.829738285
1310,COC1=NC=CN=C1CC(C)C,4.89e-05,-4.310691141
1311,CC1=C(C=CO1)C(=O)NC1=CC=CC=C1,3.97e-10,-9.401209493
1312,CC(C)N1C(=O)C2=C(NS1(=O)=O)C=CC=C2,2.18e-09,-8.661543506
1313,CCOC(=O)CN1C(=O)SC2=CC=CC(Cl)=C12,2.12e-08,-7.673664139
1314,CCOP(=S)(NC(C)C)OC1=CC=CC=C1C(=O)OC(C)C,6.17e-08,-7.209714836
1315,CCSC(=O)COC1=C(C)C=C(Cl)C=C1,2.21e-05,-4.655607726
1316,ClC1=CC=CC(=C1)C1=C(Cl)C=CC=C1,0.00025,-3.602059991
1317,CCC1=C(OC)N=CC=N1,1.47e-05,-4.832682665
1318,CC(C)=CC1C(C(=O)OCC2=CC=CC(OC3=CC=CC=C3)=C2)C1(C)C,6.8e-06,-5.167491087
1319,CC(C)OP(=O)(OC(C)C)SCC1=CC=CC=C1,3.84e-08,-7.415668776
1320,CCOC1OC2=C(C=C(OS(C)(=O)=O)C=C2)C1(C)C,3.69e-08,-7.432973634
1321,CCNC1=NC(OC)=NC(NC(C)CC)=N1,3.49e-09,-8.457174573
1322,CCCN(CC1CC1)C1=C(C=C(C=C1[N+]([O-])=O)C(F)(F)F)[N+]([O-])=O,0.00029,-3.537602002
1323,CCCCCCCCN1SC=CC1=O,2.07e-08,-7.684029655
1324,ClC(Cl)(Cl)C(NC=O)N1CCN(CC1)C(NC=O)C(Cl)(Cl)Cl,3.82e-09,-8.417936637
1325,FC(F)OC(Cl)C(F)(F)F,0.0287,-1.542118103
1326,"C*.C*.CCCCCCCCCOC(=O)C1=C(C=CC=C1)C(=O)OCCCCCCCCC |c:16,18,t:14,lp:13:2,15:2,23:2,24:2,m:1:5.6.7.8.9.10.11.12,3:25.26.27.28.29.30.31.32|",1.11e-06,-5.954677021
1327,CNC1=C(Cl)C(=O)N(N=C1)C1=CC=CC(=C1)C(F)(F)F,3.43e-10,-9.46470588
1328,ClC1=C(Cl)C(Cl)=C(Cl)C2=C1COC2=O,3.22e-09,-8.492144128
1329,"C*.C*.CCCCCCCOC(=O)C1=CC=CC=C1C(=O)OCCCCCCC |c:14,16,t:12,lp:11:2,13:2,21:2,22:2,m:1:23.24.25.26.27.28,3:10.9.8.7.6.5|",3.14e-05,-4.503070352
1330,CCN(CC)C(=O)SCC1=CC=C(Cl)C=C1,2.67e-07,-6.573488739
1331,CCN(CC)C1=C(C=C(C(N)=C1[N+]([O-])=O)C(F)(F)F)[N+]([O-])=O,1.39e-06,-5.8569852
1332,CCCN(CCC)C1=C(C(N)=C(C=C1[N+]([O-])=O)C(F)(F)F)[N+]([O-])=O,8.79e-07,-6.056011125
1333,CCON=C(OC(=O)C1=CC=CC=C1)C1=C(OC)C=CC(Cl)=C1OC,5.39e-08,-7.268411235
1334,CCN(CC)C1=NC(OP(=S)(OC)OC)=CC(C)=N1,7.01e-07,-6.154281982
1335,ClC1=C(Cl)C=C2OC3=CC=CC=C3OC2=C1,6.55e-05,-4.1837587
1336,CCSCC1=C(OC(=O)NC)C=CC=C1,1.15e-09,-8.93930216
1337,COP(=O)(NC(C)=O)SC,5.01e-13,-12.30016227
1338,ClC1=C(Cl)C2=C(OC3=CC=CC=C3O2)C(Cl)=C1Cl,2e-05,-4.698970004
1339,CCNP(=S)(OC)O\C(C)=C\C(=O)OC(C)C,4.81e-08,-7.317854924
1340,ClC1=CC(Cl)=C(C=C1Cl)C1=CC(Cl)=C(Cl)C=C1,0.000288,-3.540607512
1341,ClC1=CC(Cl)=C(C=C1)C1=CC(Cl)=C(Cl)C=C1,0.00012,-3.920818754
1342,ClC1=CC(=C(Cl)C=C1)C1=CC(Cl)=C(Cl)C=C1,0.0001,-4.0
1343,ClC1=C(Cl)C=C(C=C1)C1=CC(Cl)=C(Cl)C=C1,9.4e-06,-5.026872146
1344,ClC1=C(Cl)C=C(C=C1)C1=C(Cl)C(Cl)=C(Cl)C=C1,0.000825,-3.083546051
1345,ClC1=CC=C(C=C1)C1=C(Cl)C=C(Cl)C(Cl)=C1,0.0001,-4.0
1346,CC12CC1(C)C(=O)N(C2=O)C1=CC(Cl)=CC(Cl)=C1,1.16e-05,-4.935542011
1347,CN(C=NC1=C(C)C=C(C)C=C1)C=NC1=C(C)C=C(C)C=C1,9.87e-06,-5.005682847
1348,ClC1=CC=CC(Cl)=C1C1=CC=CC=C1,0.00023,-3.638272164
1349,CCCN(CCCl)C1=C(C=C(C=C1[N+]([O-])=O)C(F)(F)F)[N+]([O-])=O,1.5e-05,-4.823908741
1350,ClC1=CC(Cl)=C(C=C1)C1=CC=CC=C1,0.00028,-3.552841969
1351,ClC1=CC(=C(Cl)C(Cl)=C1Cl)C1=CC=CC=C1,0.00103,-2.987162775
1352,ClC1=CC(Cl)=C(Cl)C(=C1Cl)C1=CC=CC=C1,0.000225,-3.647817482
1353,CCC(C)NC1=C(C=C(C=C1[N+]([O-])=O)C(C)(C)C)[N+]([O-])=O,4.94e-06,-5.306273051
1354,CCNC1=NC(OC)=NC(NC(C)(C)C)=N1,4.56e-09,-8.341035157
1355,CCCN(CCC)C1=C(C=C(C=C1[N+]([O-])=O)C(C)C)[N+]([O-])=O,0.000111,-3.954677021
1356,ClC1=CC(Cl)=C(C(Cl)=C1)C1=C(Cl)C=C(Cl)C=C1Cl,0.00251,-2.600326279
1357,CNC(=O)N(C)C1=NN=C(S1)C(C)(C)C,1.2e-10,-9.920818754
1358,CC(C)C1=CC=C(NC(=O)N(C)C)C=C1,1.12e-10,-9.950781977
1359,CCN(CC)C(=O)SCC1=CC=CC=C1Cl,1.31e-06,-5.882728704
1360,CNC(=O)ON=C(C)C(C)SC,5.7e-10,-9.244125144
1361,CNC(=O)ON=C(C)C(C)S(C)(=O)=O,2.8e-12,-11.55284197
1362,ClC1=CC(=C(Cl)C=C1)C1=CC=CC=C1,0.00028,-3.552841969
1363,ClC1=CC(=CC(Cl)=C1)C1=CC=CC=C1,0.00022,-3.657577319
1364,ClC1=CC=C(C=C1)C1=C(Cl)C=CC=C1,0.00023,-3.638272164
1365,ClC1=CC(Cl)=C(C=C1Cl)C1=CC(Cl)=C(Cl)C=C1Cl,2.3e-05,-4.638272164
1366,ClC1=CC(Cl)=C(C=C1Cl)C1=C(Cl)C(Cl)=C(Cl)C=C1,2.1e-05,-4.677780705
1367,ClC1=CC(Cl)=C(C=C1Cl)C1=C(Cl)C(Cl)=C(Cl)C(Cl)=C1,1e-05,-5.0
1368,ClC1=CC(=C(Cl)C(Cl)=C1Cl)C1=C(Cl)C(Cl)=C(Cl)C=C1,9e-06,-5.045757491
1369,CC(C)N(CC1=CC=CC=C1)C(=O)C(C)(C)C,2.6e-07,-6.585026652
1370,FC1=CC=CC(F)=C1C(=O)NC(=O)NC1=CC=C(Cl)C=C1,4.6e-09,-8.337242168
1371,CCCSP(=S)(OCC)OC1=CC=C(SC)C=C1,1.64e-06,-5.785156152
1372,ClC1=CC(Cl)=C(C=C1)C(CN1C=CN=C1)OCC=C,2.59e-09,-8.586700236
1373,COP(=O)(OC)SCN1C(=O)OC2=CC(Cl)=CN=C12,1.43e-11,-10.84466396
1374,ClC1=CC(Cl)=C(C(Cl)=C1)C1=CC=CC=C1,0.000963,-3.016373713
1375,ClC1=CC(=C(Cl)C=C1)C1=C(Cl)C=CC(Cl)=C1,0.0002,-3.698970004
1376,ClC1=CC(=C(Cl)C(Cl)=C1Cl)C1=C(Cl)C(Cl)=C(Cl)C(Cl)=C1,1e-05,-5.0
1377,"Cl*.Cl*.Cl*.Cl*.Cl*.O1C2=CC=CC=C2OC2=C1C=CC=C2 |c:8,10,14,17,19,t:6,lp:0:3,2:3,4:3,6:3,8:3,10:2,17:2,m:1:21.20,3:15.14.13.12,5:23.22.21.20.15.14.13.12,7:23.22.21.20.15.14.13.12,9:23.22.21.20.15.14.13.12|",2.2e-06,-5.657577319
1378,CCOP(=S)(NC(C)CC)OC1=C(C=CC(C)=C1)[N+]([O-])=O,4.45e-05,-4.351639989
1379,ClC1=CC(Cl)=C(C=C1)C1=CC=CC(Cl)=C1Cl,0.00014,-3.853871964
1380,CCCCCCCCCCCCCCCCO,4.65e-05,-4.332547047
1381,CC(C)NC(=O)N1CC(=O)N(C1=O)C1=CC(Cl)=CC(Cl)=C1,3.12e-09,-8.505845406
1382,ClC1=CC(=C(Cl)C=C1)C1=C(Cl)C=CC=C1,0.00025,-3.602059991
1383,ClC1=CC(=CC(Cl)=C1)C1=C(Cl)C=CC=C1,0.0002,-3.698970004
1384,ClC1=CC(=C(Cl)C=C1)C1=C(Cl)C=C(Cl)C(Cl)=C1,9e-05,-4.045757491
1385,ClC(Cl)C(=O)N(CC=C)CC=C,3.29e-07,-6.482804102
1386,CC1=CC(=CC=C1NS(=O)(=O)C(F)(F)F)S(=O)(=O)C1=CC=CC=C1,7.49e-08,-7.125518182
1387,CCOC1=CC(OP(=S)(OC)OC)=NC(CC)=N1,6.2e-07,-6.207608311
1388,ClC1=CC(=C(Cl)C=C1)C1=C(Cl)C(Cl)=CC=C1Cl,0.00012,-3.920818754
1389,ClC1=CC(Cl)=C(C=C1)C1=C(Cl)C=C(Cl)C(Cl)=C1,7.8e-05,-4.107905397
1390,ClC1=CC(=C(Cl)C=C1)C1=C(Cl)C(Cl)=C(Cl)C=C1,7.4e-05,-4.13076828
1391,ClC1=CC(Cl)=C(C=C1Cl)C1=C(Cl)C(Cl)=CC=C1Cl,0.00138,-2.860120914
1392,ClC1=CC=C(Cl)C(=C1Cl)C1=C(Cl)C(Cl)=C(Cl)C=C1,4.4e-05,-4.356547324
1393,ClC1=C(Cl)C(Cl)=C(C=C1)C1=C(Cl)C(Cl)=C(Cl)C=C1,1.3e-05,-4.886056648
1394,ClC1=CC(=C(Cl)C(Cl)=C1Cl)C1=CC(Cl)=C(Cl)C=C1,0.000143,-3.844663963
1395,ClC1=CC=C(Cl)C(=C1Cl)C1=C(Cl)C(Cl)=CC=C1Cl,8.8e-05,-4.055517328
1396,ClC1=CC=C(Cl)C(=C1Cl)C1=C(Cl)C(Cl)=C(Cl)C(Cl)=C1,1.4e-05,-4.853871964
1397,ClC1=CC=CC(Cl)=C1C1=C(Cl)C=CC=C1,0.00023,-3.638272164
1398,ClC1=CC=C(C=C1)C1=C(Cl)C=CC=C1Cl,0.0002,-3.698970004
1399,ClC1=CC=CC(=C1Cl)C1=C(Cl)C=CC=C1,0.0002,-3.698970004
1400,ClC1=CC(=C(Cl)C=C1)C1=CC(Cl)=CC=C1,0.0002,-3.698970004
1401,ClC1=CC=CC(=C1)C1=C(Cl)C(Cl)=CC=C1,0.00016,-3.795880017
1402,ClC1=CC=C(C=C1)C1=C(Cl)C(Cl)=CC=C1,0.00014,-3.853871964
1403,ClC1=C(Cl)C=C(C=C1)C1=C(Cl)C=CC=C1,0.00016,-3.795880017
1404,ClC1=CC(=CC=C1)C1=CC(Cl)=CC(Cl)=C1,0.00017,-3.769551079
1405,ClC1=CC=C(C=C1)C1=CC(Cl)=C(Cl)C=C1,0.0001,-4.0
1406,ClC1=CC=CC(=C1Cl)C1=C(Cl)C(Cl)=CC=C1,0.0001,-4.0
1407,ClC1=CC2=C(OC3=CC=C(Cl)C=C3O2)C=C1,2.09e-05,-4.679853714
1408,ClC1=C2OC3=C(C2=C(Cl)C(Cl)=C1Cl)C(Cl)=C(Cl)C(Cl)=C3Cl,1.89e-06,-5.723538196
1409,CNC(=O)ON=C(CSC)C(C)(C)C,9.39e-09,-8.027334408
1410,ClC1=C(Cl)C=C2OC3=C(OC2=C1)C(Cl)=C(Cl)C(Cl)=C3Cl,3.95e-06,-5.403402904
1411,ClC1=CC=CC2=C1OC1=CC=CC=C1O2,6.21e-05,-4.2069084
1412,ClC1=CC2=C(OC3=CC=CC=C3O2)C=C1,1.15e-05,-4.93930216
1413,ClC1=CC(Cl)=C(Cl)C2=C1OC1=CC=CC=C1O2,3.59e-05,-4.444905551
1414,ClC1=CC=C2OC3=C(OC2=C1)C(Cl)=C(Cl)C(Cl)=C3Cl,2.58e-06,-5.588380294
1415,ClC1=CC(=CC(Cl)=C1)C1=C(Cl)C(Cl)=C(Cl)C(Cl)=C1,2e-05,-4.698970004
1416,CC(C)(C)C1=NN(C(=O)O1)C1=C(Cl)C=C(Cl)C(OCC#C)=C1,2.28e-08,-7.642065153
1417,ClC1=CC(Cl)=C(Cl)C(=C1Cl)C1=C(Cl)C(Cl)=C(Cl)C=C1Cl,1.7e-05,-4.769551079
1418,CCC(CC)NC1=C(C=C(C)C(C)=C1[N+]([O-])=O)[N+]([O-])=O,1.64e-05,-4.785156152
1419,COC(C)(C)CCCC(C)C\C=C\C(\C)=C\C(=O)OC(C)C,6.89e-06,-5.161780778
1420,CCCSP(=O)(OCC)OC1=C(Cl)C=C(Br)C=C1,2.21e-08,-7.655607726
1421,CC1=NN=C(C(=O)N1N)C1=CC=CC=C1,9.53e-13,-12.0209071
1422,ClC1=CC=CC(=C1)C1=C(Cl)C(Cl)=C(Cl)C(Cl)=C1Cl,2e-05,-4.698970004
1423,ClC1=CC=C(C=C1)C1=C(Cl)C(Cl)=C(Cl)C(Cl)=C1Cl,0.000118,-3.928117993
1424,ClC1=CC(=C(Cl)C=C1)C1=C(Cl)C(Cl)=CC=C1,0.00014,-3.853871964
1425,ClC1=CC(Cl)=C(C=C1)C1=C(Cl)C=CC(Cl)=C1,0.00021,-3.677780705
1426,ClC1=CC(=C(Cl)C=C1)C1=C(Cl)C=CC=C1Cl,0.000182,-3.739928612
1427,ClC1=CC(=CC(Cl)=C1)C1=CC=C(Cl)C(Cl)=C1,9e-05,-4.045757491
1428,ClC1=CC(Cl)=C(C=C1Cl)C1=C(Cl)C(Cl)=CC=C1,7.4e-05,-4.13076828
1429,CCCCC1=C(OS(=O)(=O)N(C)C)N=C(NCC)N=C1C,1.42e-08,-7.847711656
1430,CC1=C2N3C=NN=C3SC2=CC=C1,3.11e-11,-10.50723961
1431,CCOP(=S)(OCC)OC1=NN(C(C)C)C(Cl)=N1,5.21e-07,-6.283162277
1432,COC(=O)C1=C(C=CC(OC2=CC=C(Cl)C=C2Cl)=C1)[N+]([O-])=O,1.08e-07,-6.966576245
1433,CC1=CC=C(NC(=O)NC(C)(C)C2=CC=CC=C2)C=C1,9.98e-10,-9.000869459
1434,ClC1=CC(=C(Cl)C(Cl)=C1Cl)C1=C(Cl)C(Cl)=C(Cl)C=C1Cl,1e-05,-5.0
1435,CCOC1=CC(OC2=CC=C(C=C2Cl)C(F)(F)F)=CC=C1[N+]([O-])=O,8.2e-07,-6.086186148
1436,CC(C)(C)C(=O)C(OC1=CC=C(Cl)C=C1)N1C=NC=N1,8.11e-11,-10.09097915
1437,COC1=C(Cl)C=CC(Cl)=C1Cl,0.000288,-3.540607512
1438,CC1(OC(=O)N(C1=O)C1=CC(Cl)=CC(Cl)=C1)C=C,1.74e-08,-7.759450752
1439,CC(C)OC(=O)C(C(=O)OC(C)C)=C1SCCS1,0.000101,-3.995678626
1440,COCCN(C(=O)CCl)C1=C(C)C=CC=C1C,1.65e-09,-8.782516056
1441,CCOP(C)(=O)SCCN(C(C)C)C(C)C,8.2e-09,-8.086186148
1442,ClC1=CC2=C(C=C1Cl)C1=CC(Cl)=C(Cl)C=C1O2,1.67e-05,-4.777283529
1443,CCC1=C(N(C(C)COC)C(=O)CCl)C(C)=CC=C1,9e-09,-8.045757491
1444,CCCOCCN(C(=O)CCl)C1=C(CC)C=CC=C1CC,8e-09,-8.096910013
1445,CN(C)C1=NC(=O)N(C2CCCCC2)C(=O)N1C,2.26e-12,-11.64589156
1446,COC(=O)C(C)OC1=CC=C(OC2=CC=C(Cl)C=C2Cl)C=C1,1.97e-06,-5.705533774
1447,O=C(NC1=CN=NS1)NC1=CC=CC=C1,3.33e-13,-12.47755577
1448,ClC1=CC(=C(Cl)C(Cl)=C1)C1=C(Cl)C=C(Cl)C(Cl)=C1,2.5e-05,-4.602059991
1449,CCC1=CC2=CC3=CC=CC=C3C=C2C=C1,5.31e-05,-4.274905479
1450,CC(OC1=CC2=CC=CC=C2C=C1)C(O)=NC1=CC=CC=C1,1.07e-11,-10.97061622
1451,CC1(C)C(C=C(Cl)Cl)C1C(=O)OCC1=CC(OC2=CC=CC=C2)=CC=C1,1.87e-06,-5.728158393
1452,ClC1=CC=C(C=C1)C1=C(Cl)C=CC(Cl)=C1Cl,0.00014,-3.853871964
1453,ClC1=C(Cl)C(Cl)=C(C=C1)C1=C(Cl)C=CC=C1,0.00014,-3.853871964
1454,ClC1=CC(=C(Cl)C=C1)C1=C(Cl)C(Cl)=CC(Cl)=C1Cl,5.9e-05,-4.229147988
1455,ClC1=CC=C(Cl)C(=C1Cl)C1=C(Cl)C(Cl)=CC(Cl)=C1Cl,2.4e-05,-4.619788758
1456,ClC1=CC(=C(Cl)C(Cl)=C1)C1=C(Cl)C(Cl)=C(Cl)C=C1,3.7e-05,-4.431798276
1457,ClC1=CC(=C(Cl)C(Cl)=C1)C1=C(Cl)C(Cl)=CC(Cl)=C1Cl,2.3e-05,-4.638272164
1458,ClC1=CC(Cl)=C(Cl)C(Cl)=C1C1=C(Cl)C(Cl)=C(Cl)C=C1,0.000336,-3.473660723
1459,ClC1=CC(=C(Cl)C(Cl)=C1)C1=C(Cl)C(Cl)=C(Cl)C(Cl)=C1,1.3e-06,-5.886056648
1460,ClC1=CC(=C(Cl)C(Cl)=C1Cl)C1=C(Cl)C(Cl)=CC(Cl)=C1Cl,1e-05,-5.0
1461,ClC1=C(Cl)C(Cl)=C(C=C1)C1=C(Cl)C(Cl)=C(Cl)C(Cl)=C1Cl,1.1e-05,-4.958607315
1462,ClC1=CC=CC(=C1Cl)C1=C(Cl)C(Cl)=CC(Cl)=C1Cl,4.9e-05,-4.30980392
1463,ClC1=CC(=C(Cl)C=C1)C1=C(Cl)C(Cl)=C(Cl)C(Cl)=C1,2.3e-05,-4.638272164
1464,ClC1=CC(=C(Cl)C=C1)C1=C(Cl)C(Cl)=C(Cl)C(Cl)=C1Cl,1.6e-05,-4.795880017
1465,ClC1=CC(=C(Cl)C(Cl)=C1)C1=C(Cl)C(Cl)=CC=C1Cl,5.6e-05,-4.251811973
1466,CCCN(CCC)C(=O)SCC1=CC=CC=C1,1.3e-08,-7.886056648
1467,CC1(C)[C@@H](C=C(Br)Br)[C@H]1C(=O)O[C@H](C#N)C1=CC=CC(OC2=CC=CC=C2)=C1,4.99e-06,-5.301899454
1468,CC1=CC(C)=NC(NC2=CC=CC=C2)=N1,3.58e-08,-7.446116973
1469,ClC1=CC(Cl)=C(C(Cl)=C1Cl)C1=CC=CC=C1,0.00021,-3.677780705
1470,CC\C=C(/C)C(OC(=O)C1C(C=C(C)C)C1(C)C)C#C,0.000342,-3.465973894
1471,ClC1=CC=CC(=C1Cl)C1=C(Cl)C(Cl)=C(Cl)C(Cl)=C1,2.9e-05,-4.537602002
1472,CC(C)(C)C(O)C(OC1=CC=C(Cl)C=C1)N1C=NC=N1,1.28e-12,-11.89279003
1473,CCN(CC(C)=C)C1=C(C=C(C=C1[N+]([O-])=O)C(F)(F)F)[N+]([O-])=O,0.000128,-3.89279003
1474,CCCCN(CCCC)SN(C)C(=O)OC1=C2OC(C)(C)CC2=CC=C1,5.12e-07,-6.290730039
1475,CC1=C(C)S(=O)(=O)CCS1(=O)=O,2.3e-11,-10.63827216
1476,ClC1=CC(=C(Cl)C(Cl)=C1Cl)C1=C(Cl)C=CC=C1,0.00306,-2.514278574
1477,OC(=O)COC1=C(Cl)C=C(Cl)C(Cl)=N1,9.66e-10,-9.015022874
1478,CCCCCCCCSC(=O)OC1=CC(Cl)=NN=C1C1=CC=CC=C1,3.24e-10,-9.48945499
1479,ClC1=CC=C(Cl)C(=C1Cl)C1=CC=CC=C1,0.00022,-3.657577319
1480,CC(C)OC1=CC=CC(NC(=O)C2=C(C)C=CC=C2)=C1,1.17e-08,-7.931814138
1481,CN(C)C(=O)NC1=NOC(=C1)C(C)(C)C,1.35e-10,-9.869666232
1482,CC(C)C(O)(C1=CC=C(OC(F)(F)F)C=C1)C1=CN=CN=C1,1.31e-09,-8.882728704
1483,ClC1=CC(Cl)=C(C(Cl)=C1)C1=CC=C(Cl)C(Cl)=C1,7.4e-05,-4.13076828
1484,COP(=S)(OC)OC1=C(Cl)C=C(C)C=C1Cl,0.000154,-3.812479279
1485,COC1=C(Cl)C(Cl)=C(Cl)C=C1O,8.8e-07,-6.055517328
1486,ClC1=CC2=C(C=C1Cl)C1=C(O2)C(Cl)=C(Cl)C(Cl)=C1,5.01e-06,-5.300162274
1487,O=C1CCC2=C3N1CCC3=CC=C2,6.84e-11,-10.1649439
1488,COC(=O)C(C)N(C(=O)C1=CC=CO1)C1=C(C)C=CC=C1C,9.05e-10,-9.043351421
1489,CCNC(=O)NC(=O)C(=NOC)C#N,3.31e-10,-9.480172006
1490,CC1=CC=CC(C)=C1N(C1CCOC1=O)C(=O)CCl,3.81e-10,-9.419075024
1491,CSC(C)=NOC(=O)N(C)SN(C)C(=O)ON=C(C)SC,9.33e-07,-6.030118356
1492,CN1C=C(C(=O)C(=C1)C1=CC(=CC=C1)C(F)(F)F)C1=CC=CC=C1,8.1e-09,-8.091514981
1493,OC(C1=CC=C(Cl)C=C1)(C1=CN=CN=C1)C1=CC=CC=C1Cl,7e-09,-8.15490196
1494,CCCC1COC(CN2C=NC=N2)(O1)C1=C(Cl)C=C(Cl)C=C1,1.72e-09,-8.764471553
1495,ClC1=CC(=CC=C1)C1=C(Cl)C=C(Cl)C=C1Cl,0.00021,-3.677780705
1496,FC(F)(F)C1=CC=CC(=C1)N1CC(CCl)C(Cl)C1=O,3.86e-08,-7.413412695
1497,CC(C)(SC(=O)N1CCCCC1)C1=CC=CC=C1,6.93e-08,-7.159266765
1498,CN1C=CSC1=NC1=C(C)C=C(C)C=C1,3.45e-08,-7.462180905
1499,ClC1=CC(Cl)=C(Cl)C(Cl)=C1C1=CC=CC(Cl)=C1Cl,3.9e-05,-4.408935393
1500,COC(=O)C(\C)=C\OP(=S)(OC)OC,9.48e-07,-6.023191663
1501,CN(C)C(=O)SCCCCOC1=CC=CC=C1,1.39e-08,-7.8569852
1502,CCN(CC1=C(Cl)C=CC=C1F)C1=C(C=C(C=C1[N+]([O-])=O)C(F)(F)F)[N+]([O-])=O,1.9e-06,-5.721246399
1503,COC(=O)[C@@H](C)N(C(=O)C1=CC=CC=C1)C1=CC(Cl)=C(F)C=C1,2.07e-07,-6.684029655
1504,CC(C)OC(=O)[C@@H](C)N(C(=O)C1=CC=CC=C1)C1=CC(Cl)=C(F)C=C1,2.55e-08,-7.59345982
1505,CCC1OCC(COC2=CC=C(OC3=CC=CC=C3)C=C2)O1,6.65e-08,-7.177178355
1506,CCSC1=NN=C(C(=O)N1N)C(C)(C)C,5.37e-09,-8.270025714
1507,CCCCCCCCCC1=CC=C(OP(=O)(OC2=CC=CC=C2)OC2=CC=CC=C2)C=C1,1.4e-08,-7.853871964
1508,FC(F)(F)OC1=CC=C(NC(=O)NC(=O)C2=CC=CC=C2Cl)C=C1,5.66e-09,-8.247183569
1509,COC1=NC(C)=NC(NC(=O)NS(=O)(=O)C2=C(Cl)C=CC=C2)=N1,3.42e-16,-15.46597389
1510,ClC1=CC(Cl)=C(C=C1)C1=C(Cl)C(Cl)=C(Cl)C=C1,6.6e-05,-4.180456064
1511,CCCCOC(=O)N(C)SN(C)C(=O)OC1=CC=CC2=C1OC(C)(C)C2,1.34e-09,-8.872895202
1512,ClC1=CC=C(CN(C2CCCC2)C(=O)NC2=CC=CC=C2)C=C1,4.93e-12,-11.30715308
1513,NC1=NC(NC2CC2)=NC(N)=N1,5.65e-14,-13.24795155
1514,CCCC(CN1C=NC=N1)C1=C(Cl)C=C(Cl)C=C1,1.42e-08,-7.847711656
1515,CC(C)OC1=CC(NC(=O)C2=C(C=CC=C2)C(F)(F)F)=CC=C1,3.18e-09,-8.49757288
1516,CC1(C)C(C(Br)C(Br)(Br)Br)C1C(=O)OC(C#N)C1=CC(OC2=CC=CC=C2)=CC=C1,3.94e-10,-9.404503778
1517,ClC1=CC2=C(OC3=C(Cl)C(Cl)=C(Cl)C=C3O2)C=C1,7.6e-06,-5.119186408
1518,CC1=CC=CC(C)=C1N(CN1C=CC=N1)C(=O)CCl,5.67e-10,-9.246416941
1519,CC(CN1CCCCC1)CC1=CC=C(C=C1)C(C)(C)C,8.69e-08,-7.060980224
1520,CC1(C)CNC(NN=C(C=CC2=CC=C(C=C2)C(F)(F)F)C=CC2=CC=C(C=C2)C(F)(F)F)=NC1,2.2e-06,-5.657577319
1521,ClC1=CC2=C(OC3=C(Cl)C(Cl)=C(Cl)C(Cl)=C23)C(Cl)=C1Cl,1.41e-05,-4.850780887
1522,CC(CN1C[C@H](C)O[C@H](C)C1)CC1=CC=C(C=C1)C(C)(C)C,2.44e-06,-5.612610174
1523,CCCN(CCOC1=C(Cl)C=C(Cl)C=C1Cl)C(=O)N1C=CN=C1,1.64e-08,-7.785156152
1524,CC1(C)C(\C=C(/Cl)C(F)(F)F)C1C(=O)OC(C#N)C1=CC=CC(OC2=CC=CC=C2)=C1,1.48e-06,-5.829738285
1525,ClC1=NC=CC(NC(=O)NC2=CC=CC=C2)=C1,2.88e-12,-11.54060751
1526,ClC1=CC=C(C(Cl)=C1)C1=C(Cl)C=CC=C1Cl,0.00014,-3.853871964
1527,ClC1=CC(=CC(Cl)=C1)C1=C(Cl)C=C(Cl)C(Cl)=C1,5.6e-05,-4.251811973
1528,ClC1=CC=C(C(Cl)=C1)C1=C(Cl)C(Cl)=CC(Cl)=C1Cl,5.1e-05,-4.292429824
1529,ClC1=CC(=C(Cl)C(Cl)=C1Cl)C1=C(Cl)C=CC=C1Cl,3.9e-05,-4.408935393
1530,ClC1=CC=CC(=C1Cl)C1=C(Cl)C(Cl)=C(Cl)C(Cl)=C1Cl,1.4e-05,-4.853871964
1531,ClC1=CC(=C(Cl)C(Cl)=C1)C1=C(Cl)C(Cl)=C(Cl)C(Cl)=C1Cl,1.4e-05,-4.853871964
1532,CC1(C)C(C=C(Cl)Cl)C1C(=O)OC(C#N)C1=CC=C(F)C(OC2=CC=CC=C2)=C1,2.9e-08,-7.537602002
1533,CCCOC\C(=N/C1=C(C=C(Cl)C=C1)C(F)(F)F)N1C=CN=C1,5.13e-11,-10.28988263
1534,CC(C)N1C(SCN(C1=O)C1=CC=CC=C1)=NC(C)(C)C,4.2e-06,-5.37675071
1535,NC1=C(Cl)C(F)=NC(OCC(O)=O)=C1Cl,1.72e-11,-10.76447155
1536,COC(=O)C(C)OC1=CC=C(OC2=NC=C(C=C2Cl)C(F)(F)F)C=C1,3.19e-07,-6.496209317
1537,CC(C)C(C(=O)OC(C#N)C1=CC=CC(OC2=CC=CC=C2)=C1)C1=CC=C(OC(F)F)C=C1,8.61e-08,-7.064996849
1538,CCOC(=O)[C@@H](C)OC1=CC=C(OC2=NC3=C(O2)C=C(Cl)C=C3)C=C1,1.59e-08,-7.798602876
1539,FC1=CC=CC(F)=C1C(=O)NC(=O)NC1=CC(Cl)=C(OC2=NC=C(C=C2Cl)C(F)(F)F)C(Cl)=C1,1.8e-12,-11.74472749
1540,CN1N=C(C)C(C(=O)C2=C(Cl)C=C(Cl)C=C2)=C1OCC(=O)C1=CC=CC=C1,2.12e-10,-9.673664139
1541,COC(=O)C(C)N(C(=O)CC1=CC=CC=C1)C1=C(C)C=CC=C1C,1.16e-07,-6.935542011
1542,ClC1=CC2=C(C=C1)N=C([N-][N+]2=O)N1C=CN=C1,2.16e-11,-10.66554625
1543,FC(F)(F)C1=C(SC(Cl)=N1)C(=O)OCC1=CC=CC=C1,2.48e-07,-6.605548319
1544,CC(C)=CC1C(C(=O)OCN2C(=O)CN(CC#C)C2=O)C1(C)C,6.05e-11,-10.21824463
1545,CN(C(=O)COC1=NC2=CC=CC=C2S1)C1=CC=CC=C1,4.71e-10,-9.326979093
1546,ClC1=CC(=CC=C1)C1=C(Cl)C=C(Cl)C(Cl)=C1,0.0001,-4.0
1547,NC1=C(C=CC(OC2=CC=CC=C2)=C1Cl)[N+]([O-])=O,1.67e-08,-7.777283529
1548,ClC1=CC=CC=C1C1=NN=C(N=N1)C1=C(Cl)C=CC=C1,3.9e-10,-9.408935393
1549,COC(=O)C1=C(C=CC=C1)S(=O)(=O)NC(=O)NC1=NC(OC)=NC(C)=N1,1.32e-16,-15.87942607
1550,ClC1=CC=C(C=C1Cl)C1=C(Cl)C(Cl)=CC(Cl)=C1Cl,1.5e-05,-4.823908741
1551,ClC1=CC(=CC(Cl)=C1)C1=C(Cl)C(Cl)=CC(Cl)=C1Cl,2.9e-05,-4.537602002
1552,ClC1=CC=CC(C2=CNC=C2C#N)=C1Cl,5.39e-09,-8.268411235
1553,C#CC(=NOCC1OCCO1)C1=CC=CC=C1,6.08e-08,-7.216096421
1554,CCOC(=O)C(C)OC1=CC=C(OC2=CN=C3C=C(Cl)C=CC3=N2)C=C1,1.06e-08,-7.974694135
1555,OC(CN1C=NC=N1)(C1=CC=C(F)C=C1)C1=C(F)C=CC=C1,1.63e-13,-12.7878124
1556,CC(C)(C)[C@@H](O)[C@@H](CC1=CC=C(Cl)C=C1)N1C=NC=N1,8.28e-11,-10.08196966
1557,CCCSP(=O)(OCC)OC1=CN(N=C1)C1=CC=C(Cl)C=C1,1.73e-10,-9.761953897
1558,CCOC(=O)C(C)OC(=O)C1=C(C=CC(OC2=C(Cl)C=C(C=C2)C(F)(F)F)=C1)[N+]([O-])=O,4.72e-07,-6.326058001
1559,COCC(=O)N(N1CCOC1=O)C1=C(C)C=CC=C1C,2.67e-12,-11.57348874
1560,C[C@H]1[C@@H](SC(=O)N1C(=O)NC1CCCCC1)C1=CC=C(Cl)C=C1,2.37e-08,-7.625251654
1561,CC1=C(F)C(F)=C(COC(=O)C2C(\C=C(/Cl)C(F)(F)F)C2(C)C)C(F)=C1F,0.00165,-2.782516056
1562,CCCCC(O)(CN1C=NC=N1)C1=CC=C(Cl)C=C1Cl,3.28e-09,-8.484126156
1563,CCCCCCC(C)OC(=O)COC1=NC(F)=C(Cl)C(N)=C1Cl,5.42e-08,-7.266000713
1564,CC1(C)CON(CC2=C(Cl)C=CC=C2)C1=O,4.13e-08,-7.384049948
1565,OC(C1=CC=CC=C1)C1=C(NC(=O)C2=CC=NC=C2)C=CC(Cl)=C1,2.11e-07,-6.675717545
1566,CCC(C)(CC)C1=NOC(NC(=O)C2=C(OC)C=CC=C2OC)=C1,1.27e-09,-8.896196279
1567,CCOC(=O)CCN(SN(C)C(=O)OC1=CC=CC2=C1OC(C)(C)C2)C(C)C,1.35e-08,-7.869666232
1568,CC1=C(C=CC=C1COC(=O)[C@@H]1[C@H](\C=C(/Cl)C(F)(F)F)C1(C)C)C1=CC=CC=C1,1e-06,-6.0
1569,CN1N=C(C)C(C(=O)C2=C(Cl)C(C)=C(Cl)C=C2)=C1OCC(=O)C1=CC=C(C)C=C1,4.24e-07,-6.372634143
1570,COC(=O)C1=C(CS(=O)(=O)NC(=O)NC2=NC(OC)=CC(OC)=N2)C=CC=C1,3.78e-15,-14.4225082
1571,FC1=CC=CC(F)=C1C(=O)NC(=O)NC1=C(F)C(Cl)=C(F)C(Cl)=C1,1.58e-10,-9.801342913
1572,CCOC(=O)CCN(CC1=CC=CC=C1)SN(C)C(=O)O\N=C(\C)SC,9.2e-10,-9.036212173
1573,FC1=CC=C(NC(=O)C2=C(OC3=CC(=CC=C3)C(F)(F)F)N=CC=C2)C(F)=C1,3.25e-07,-6.488116639
1574,CC(C)(C)C(O)C(=C/C1=C(Cl)C=C(Cl)C=C1)\N1C=NC=N1,3.97e-07,-6.401209493
1575,CCN(C(C)C(C)C)C(=O)SCC1=CC=CC=C1,5.4e-07,-6.26760624
1576,FC(F)C(F)(F)OC1=C(Cl)C=C(NC(=O)NC(=O)C2=C(F)C=CC=C2F)C=C1Cl,9.96e-06,-5.001740662
1577,ClC1=CC=C(CSC(CN2C=NC=N2)=NC2=C(Cl)C=C(Cl)C=C2)C=C1,2.03e-10,-9.692503962
1578,CCC1=CC=CC(C)=C1N(COC(C)C)C(=O)CCl,6.09e-08,-7.215382707
1579,CCOC1=CC=C(NC(=O)OC(C)C)C=C1OCC,8.33e-07,-6.079354999
1580,CCOCCOC(=O)C(C)OC1=CC=C(OC2=NC=C(C=C2Cl)C(F)(F)F)C=C1,1.21e-11,-10.91721463
1581,COCC(C)N(C(=O)CCl)C1=C(C)SC=C1C,8.2e-08,-7.086186148
1582,CC(C)[C@]12CC[C@](C)(O1)[C@@H](C2)OCC1=C(C)C=CC=C1,4.34e-07,-6.36251027
1583,CCON=C(CC)C1=C(O)CC(CC1=O)C1=C(C)C=C(C)C=C1C,2.41e-10,-9.617982957
1584,FC(F)(F)C(=NOCC1OCCO1)C1=CC=C(Cl)C=C1,3.87e-06,-5.412289035
1585,C\C(=N\NC1=NC(C)=CC(C)=N1)C1=CC=CC=C1C,6.36e-11,-10.19654288
1586,CC(C1CC1)C(O)(CN1C=NC=N1)C1=CC=C(Cl)C=C1,7.1e-10,-9.148741651
1587,CCOC(=O)C1CC(=O)C(=C(O)C2CC2)C(=O)C1,1.92e-06,-5.716698771
1588,CCOP(=O)(SC(C)CC)SC(C)CC,1.29e-06,-5.88941029
1589,CCOP(=S)(OC(C)C)OC1=CN=C(N=C1)C(C)(C)C,2.85e-06,-5.54515514
1590,CC(C)(C)N1N=CC(SCC2=CC=C(C=C2)C(C)(C)C)=C(Cl)C1=O,4.72e-05,-4.326058001
1591,COC1=C(CN(C(=O)CCl)C2=C(C)C=CC=C2C)SC=C1,8.14e-09,-8.089375595
1592,CCOC1=NC(NC)=NC(NC(=O)NS(=O)(=O)C2=C(C=CC=C2)C(=O)OC)=N1,1.84e-15,-14.73518218
1593,CC1COC2=C(C=CC=C2)N1C(=O)C(Cl)Cl,7.58e-08,-7.120330794
1594,CCOP(=O)(SC(C)CC)N1CCSC1=O,1.74e-10,-9.759450752
1595,CS(=O)(=O)C1=CC(Cl)=C(C=C1)C(=O)C1C(=O)CCCC1=O,9.83e-11,-10.00744648
1596,CCCCCC(C)OC(=O)COC1=CC=C(Cl)C2=CC=CN=C12,8.1e-10,-9.091514981
1597,CC1(C)[C@@H](\C=C/C(=O)OC(C(F)(F)F)C(F)(F)F)[C@H]1C(=O)O[C@H](C#N)C1=CC(OC2=CC=CC=C2)=CC=C1,1.18e-08,-7.928117993
1598,COC(=O)C1=CC=CC=C1S(=O)(=O)NC(=O)N(C)C1=NC(OC)=NC(C)=N1,1.02e-13,-12.99139983
1599,CCC(N(CC1=CC=CO1)C(=O)N1C=CN=C1)C(=O)OCCCC=C,4.99e-09,-8.301899454
1600,CCOC(=O)C1=NN(C(=N1)C(Cl)(Cl)Cl)C1=C(Cl)C=C(Cl)C=C1,3.94e-09,-8.404503778
1601,FC1=CC2=C(C=C1N1C(=O)C3=C(CCCC3)C1=O)N(CC#C)C(=O)CO2,6.28e-07,-6.202040356
1602,OC(=O)C1CC(=O)C(=C(O)C2CC2)C(=O)C1,2.53e-12,-11.59687948
1603,OC1=C(C2CC(CC3=C2C=CC=C3)C2=CC=C(C=C2)C2=CC=C(Br)C=C2)C(=O)SC2=CC=CC=C12,1e-06,-6.0
1604,CCOC1=CC=C(C=C1)[Si](C)(C)CCCC1=CC(OC2=CC=CC=C2)=C(F)C=C1,1.01e-05,-4.995678626
1605,C[C@@H](OC1=CC=C(OC2=NC=C(Cl)C=C2F)C=C1)C(=O)OCC#C,2.76e-09,-8.559090918
1606,CC(C)(C)C(O)(CCC1=CC=C(Cl)C=C1)CN1C=NC=N1,1.45e-10,-9.838631998
1607,CCOC1=CC=C(C=C1)C(COCC1=CC(OC2=CC=C(Cl)C=C2)=CC=C1)C(F)(F)F,2.31e-07,-6.63638802
1608,CC#CC1=CC(C)=NC(NC2=CC=CC=C2)=N1,1.65e-08,-7.782516056
1609,COC1=C(OC)C=C(C=C1)C(=CC(=O)N1CCOCC1)C1=CC=C(Cl)C=C1,2.01e-10,-9.696803943
1610,C[C@@H](OC1=CC=C(OC2=NC3=C(C=C(Cl)C=C3)N=C2)C=C1)C(=O)OCCON=C(C)C,3.06e-12,-11.51427857
1611,CN1N=C(C)C(C=NOCC2=CC=C(C=C2)C(=O)OC(C)(C)C)=C1OC1=CC=CC=C1,2.14e-06,-5.669586227
1612,CCOC(=O)CSC1=NC(=NN1C(=O)N(C)C)C(C)(C)C,1.15e-10,-9.93930216
1613,FC(F)C(F)(F)OCC(CN1C=NC=N1)C1=C(Cl)C=C(Cl)C=C1,4.24e-09,-8.372634143
1614,CCC1=CC=C(C=C1)C(=O)NN(C(=O)C1=CC(C)=CC(C)=C1)C(C)(C)C,1.26e-08,-7.899629455
1615,C[C@@H](OC1=CC=C(OC2=NC3=C(O2)C=C(Cl)C=C3)C=C1)C(O)=O,2.2e-09,-8.657577319
1616,ClC1=CC=C(CCC(CN2C=NC=N2)(C#N)C2=CC=CC=C2)C=C1,8.31e-08,-7.080398976
1617,ClC1=CC(Cl)=C(C=C1)C1(CN2C=NC=N2)CC(Br)CO1,2.99e-10,-9.524328812
1618,COC(=O)CSC1=C(Cl)C=C(F)C(=C1)N=C1SC(=O)N2CCCCN12,2.07e-09,-8.684029655
1619,COC(=O)C1=C(CC(C)C)C(C2=NCCS2)=C(N=C1C(F)F)C(F)(F)F,4.69e-07,-6.328827157
1620,CCCN(CC)CC1COC2(CCC(CC2)C(C)(C)C)O1,1.07e-07,-6.970616222
1621,CC1(C)[C@H](C=C(Cl)Cl)[C@H]1C(=O)OCC1=C(F)C(F)=CC(F)=C1F,2.57e-05,-4.590066877
1622,NC(=O)C1=NN(C(=N1)C1=CC=CC=C1)C1=CC(COCC(F)(F)C(F)(F)F)=C(Cl)C=C1,9.1e-08,-7.040958608
1623,CC1COC(CN2C=NC=N2)(O1)C1=C(Cl)C=C(OC2=CC=C(Cl)C=C2)C=C1,8.91e-12,-11.0501223
1624,CC(OC1=CC=C(OC2=CN=C3C=C(Cl)C=CC3=N2)C=C1)C(=O)OCC1CCCO1,5.63e-10,-9.249491605
1625,NC1=C(C(=NN1C1=C(Cl)C=C(C=C1Cl)C(F)(F)F)C#N)S(=O)C(F)(F)F,8.42e-10,-9.074687909
1626,CC(C)(C)C1=CC=C(CCOC2=NC=NC3=C2C=CC=C3)C=C1,4.67e-08,-7.330683119
1627,CC1=NC(NC2=CC=CC=C2)=NC(=C1)C1CC1,8.39e-08,-7.076238039
1628,CC1(C)OC(CN1C(=O)C(Cl)Cl)C1=CC=CO1,9.2e-11,-10.03621217
1629,CC1=NN(C(=O)N1C(F)F)C1=CC(NS(C)(=O)=O)=C(Cl)C=C1Cl,6.37e-13,-12.19586057
1630,CCS(=O)(=O)C1=CC=CN=C1S(=O)(=O)NC(=O)NC1=NC(OC)=CC(OC)=N1,6.42e-10,-9.192464972
1631,[Na+].COC1=CC(OC)=NC(SC2=C(C([O-])=O)C(Cl)=CC=C2)=N1,2.27e-17,-16.64397414
1632,CC1(C)CCC(CC2=CC=C(Cl)C=C2)C1(O)CN1C=NC=N1,2.59e-09,-8.586700236
1633,CC(C)C1CCC(CC2=CC=C(Cl)C=C2)C1(O)CN1C=NC=N1,2.51e-09,-8.600326279
1634,CCN(CC)C(=O)N1C=NC(=N1)S(=O)(=O)C1=C(C)C=C(C)C=C1C,4.13e-12,-11.38404995
1635,CCOC1=CC=CC=C1OS(=O)(=O)NC(=O)NC1=NC(OC)=CC(OC)=N1,1e-08,-8.0
1636,CCOC(=O)C(Cl)CC1=C(Cl)C=C(F)C(=C1)N1N=C(C)N(C(F)F)C1=O,2.96e-09,-8.528708289
1637,CCC(NC1=NC=NC(C)=C1Cl)C1=CC=C(OC(F)F)C=C1,3.15e-08,-7.501689446
1638,FC1(F)OC2=CC=CC(=C2O1)C1=CNC=C1C#N,5.32e-10,-9.274088368
1639,CC1(OC(=O)N(NC2=CC=CC=C2)C1=O)C1=CC=C(OC2=CC=CC=C2)C=C1,4.55e-08,-7.341988603
1640,CO\C=C(\C(=O)OC)C1=CC=CC=C1OC1=CC(OC2=CC=CC=C2C#N)=NC=N1,7.3e-14,-13.13667714
1641,CCC1(CC2(CO2)C2=CC(Cl)=CC=C2)C(=O)C2=CC=CC=C2C1=O,6.41e-10,-9.19314197
1642,CNC(=O)C(=N\OC)\C1=CC=CC=C1OC1=CC=CC=C1,3.95e-10,-9.403402904
1643,CSC(=O)C1=CC=CC2=C1SN=N2,1.19e-07,-6.924453039
1644,CCOC(=O)C1=NN(C2=C(Cl)C=C(Cl)C=C2)C(C)(C1)C(=O)OCC,1.16e-09,-8.935542011
1645,CON=C(C)C1=CC=CC(OC2=NC(OC)=CC(OC)=N2)=C1C(=O)OC,1.22e-09,-8.913640169
1646,FC1=CC2=C(C=C1)N=C(N1C=NC=N1)N(C2=O)C1=C(Cl)C=C(Cl)C=C1,2.06e-11,-10.68613278
1647,COC1=CC(OC)=NC(NC(=O)NS(=O)(=O)NC2=CC=CC=C2C(=O)C2CC2)=N1,5.38e-07,-6.269217724
1648,CCCC(=O)C1=C(C)C=C(C)C(C2CC(O)=C(C(CC)=NOCC)C(=O)C2)=C1C,5.71e-10,-9.243363892
1649,[O-][N+](=O)\N=C1/NCCN1CC1=CN=C(Cl)C=C1,1.65e-15,-14.78251606
1650,CS(=O)(=O)C1=C(C=CC(=C1)C(F)(F)F)C(=O)C1=C(ON=C1)C1CC1,1.85e-10,-9.732828272
1651,CCS(=O)(=O)C1=C(N2C=CC=CC2=N1)S(=O)(=O)NC(=O)NC1=NC(OC)=CC(OC)=N1,2.28e-11,-10.64206515
1652,CC(C)N(C(=O)COC1=NN=C(S1)C(F)(F)F)C1=CC=C(F)C=C1,5.76e-09,-8.239577517
1653,CO\N=C(\C(=O)OC)C1=C(COC2=C(C)C=CC=C2)C=CC=C1,3.55e-09,-8.449771647
1654,CCOC1=NC(F)=CC2=NC(=NN12)S(=O)(=O)NC1=C(C=CC=C1Cl)C(=O)OC,1.06e-17,-16.97469413
1655,CC(O)C(C)O[N+]([O-])=O,9.9e-08,-7.004364805
1656,CCC(O)CO[N+]([O-])=O,1.72e-07,-6.764471553
1657,CCC(CO)O[N+]([O-])=O,1.67e-07,-6.777283529
1658,CCOC1=C(C=CC(=C1)C(C)(C)C)C1COC(=N1)C1=C(F)C=CC=C1F,1.03e-07,-6.987162775
1659,CCN(C1CCCCC1)C(=O)N1N=NN(C1=O)C1=CC=CC=C1Cl,7.51e-11,-10.12436006
1660,CC(C)C(C(=O)OC(C#N)C1=CC(OC2=CC=C(Br)C=C2)=CC=C1)C1=CC=C(OC(F)F)C=C1,2e-07,-6.698970004
1661,CC(C)OC(=O)C1=CC(C2=NN(C)C(=C2Br)C(F)(F)F)=C(F)C=C1Cl,7.79e-07,-6.108462542
