,SMILES,WS_value,LogWS
0,C=O,400000.0,5.602059991
1,C[C@@H]1C[C@H]2[C@@H]3CCC4=CC(=O)C=C[C@]4(C)[C@@]3(F)[C@@H](O)C[C@]2(C)[C@@]1(O)C(=O)CO,77.75,1.890700398
2,CC(=O)OCC(=O)[C@@]1(O)CCC2C3CCC4=CC(=O)CC[C@]4(C)C3[C@@H](O)C[C@]12C,14.1,1.149219113
3,CC(=O)OCC(=O)[C@@]1(O)CC[C@H]2[C@@H]3CCC4=CC(=O)CC[C@]4(C)[C@H]3C(=O)C[C@]12C,20.0,1.301029996
4,CCC1(c2ccccc2)C(=O)NC(=O)NC1=O,1110.0,3.045322979
5,CN1C(=O)NC(=O)C(CC)(CC)C1=O,1980.0,3.29666519
6,O=P1(NCCCO1)N(CCCl)CCCl,40000.0,4.602059991
7,CC(O)C(O)=O,1000000.0,6.0
8,C[C@]12CCC(=O)C=C1CC[C@@H]1[C@@H]2[C@@H](O)C[C@]2(C)[C@H](CC[C@H]21)C(=O)CO,199.0,2.298853076
9,C[C@]12CCC(=O)C=C1CC[C@@H]1[C@@H]2[C@@H](O)C[C@@]2(C)[C@H]1CC[C@]2(O)C(=O)CO,320.0,2.505149978
10,C[C@]12C=CC(=O)C=C1CC[C@@H]1[C@@H]2[C@@H](O)C[C@@]2(C)[C@H]1CC[C@]2(O)C(=O)CO,223.0,2.348304863
11,ClC(Cl)(Cl)C(c1ccc(Cl)cc1)c1ccc(Cl)cc1,0.0055,-2.259637311
12,OC(=O)c1c(Cl)c(Cl)ccc1Cl,7700.0,3.886490725
13,c1c2ccccc2c2ccc3cccc4ccc1c2c34,0.00162,-2.790484985
14,CCCCC1C(=O)N(c2ccccc2)N(c2ccccc2)C1=O,34.0,1.531478917
15,COC(=O)[C@@H]1C2CCC(C[C@@H]1OC(=O)c1ccccc1)[N@@]2C,1800.0,3.255272505
16,CNCCCN1c2ccccc2CCc2ccccc12,58.6,1.767897616
17,CN(C)CCC=C1c2ccccc2CCc2ccccc21,9.71,0.98721923
18,CN(C)CCCN1c2ccccc2CCc2ccccc12,18.23,1.260786669
19,CN(C)CCCN1c2ccccc2Sc2ccc(Cl)cc12,2.55,0.40654018
20,[O-][N+](=O)c1cc(Cl)c(cc1)NC(=O)c1cc(Cl)ccc1O,1.6,0.204119983
21,CC(=O)Oc1ccccc1C(O)=O,4600.0,3.662757832
22,O[C@@H](CO)[C@H]1OC(=O)C(O)=C1O,400000.0,5.602059991
23,OC(=O)c1ccc(Cl)cc1Cl,479.5,2.680788612
24,O=C1NC=C(F)C(=O)N1,11100.0,4.045322979
25,[O-][N+](=O)c1cc(ccc1O)[N+]([O-])=O,2790.0,3.445604203
26,CN1[C@@H]2C[C@H](C[C@H]1[C@@H]1O[C@@H]12)OC(=O)[C@H](CO)c1ccccc1,100000.0,5.0
27,OC(=O)c1cc(Cl)cc(Cl)c1,147.0,2.167317335
28,OC(=O)c1cc(Cl)c(Cl)cc1,61.1,1.78604121
29,CN1[C@@H]2C[C@H](C[C@H]1CC2)OC(=O)C(CO)c1ccccc1,2200.0,3.342422681
30,NCCc1ccc(O)cc1,10400.0,4.017033339
31,CCOC(N)=O,480000.0,5.681241237
32,C[C@]12CC[C@@H]3[C@H]4CCC(=O)C=C4CC[C@H]3[C@@H]1CC[C@]2(C#C)OC(C)=O,5.345,0.72794771
33,CC(=O)S[C@@H]1CC2=CC(=O)CC[C@]2(C)[C@H]2CC[C@@]3(C)[C@@H](CC[C@]43CCC(=O)O4)[C@@H]21,22.0,1.342422681
34,CC(=O)OCC(=O)[C@@]1(O)CC[C@H]2[C@@H]3CCC4=CC(=O)C=C[C@]4(C)[C@H]3[C@@H](O)C[C@]12C,17.2,1.235528447
35,CCC1(C2CCCCC=2)C(=O)NC(=O)NC1=O,1600.0,3.204119983
36,C=CCC1(CC=C)C(=O)NC(=O)NC1=O,1810.0,3.257678575
37,[O-][N+](=O)C(Br)(CO)CO,250000.0,5.397940009
38,NC1(CCCC1)C(O)=O,50000.0,4.698970004
39,CC(C)(S)[C@@H](N)C(O)=O,111000.0,5.045322979
40,COP(=O)(OC)C(O)C(Cl)(Cl)Cl,120000.0,5.079181246
41,OC1(CCN(CCCC(=O)c2ccc(F)cc2)CC1)c1ccc(Cl)cc1,14.0,1.146128036
42,C[C@]12CCC(=O)C=C1CC[C@@H]1[C@@H]2C(=O)C[C@@]2(C)[C@H]1CC[C@]2(O)C(=O)CO,280.0,2.447158031
43,C[C@]12CC[C@H]3[C@@H](CCc4cc(O)ccc43)[C@@H]1CCC2=O,30.0,1.477121255
44,ClC(Cl)C(c1ccccc1Cl)c1ccc(Cl)cc1,0.1,-1.0
45,C[C@]12CC[C@H]3[C@@H](CC[C@H]4C[C@H](O)CC[C@@]43C)[C@@H]1CCC2=O,12.0,1.079181246
46,C[C@]12CC[C@H]3[C@@H](CC=C4C[C@@H](O)CC[C@@]43C)[C@@H]1CCC2=O,63.45,1.802431626
47,c1c2c3ccccc3ccc2cc2c3ccccc3ccc21,0.00249,-2.603800653
48,CC(=O)Nc1cc2Cc3ccccc3-c2cc1,5.29,0.723455672
49,CN1CCC[C@H]1c1c[n]ccc1,1000000.0,6.0
50,NS(=O)(=O)c1cc(C(O)=O)c(cc1Cl)NCc1ccco1,73.1,1.863917377
51,NNC(=O)c1cc[n]cc1,140000.0,5.146128036
52,CCN(CC)N=O,106000.0,5.025305865
53,NC(=O)c1ccccc1,13500.0,4.130333768
54,OC(=O)c1cc[n]cc1,5200.0,3.716003344
55,Cc1cc(ccc1SC)OP(=S)(OC)OC,7.5,0.875061263
56,[O-][N+](=O)OC(CO[N+]([O-])=O)CO[N+]([O-])=O,1380.0,3.139879086
57,NCCCC(O)=O,1300000.0,6.113943352
58,ClC(Cl)(Cl)Cl,793.0,2.899273187
59,C[C@]12C3CCC(O3)[C@@]1(C)C(=O)OC2=O,30.0,1.477121255
60,CN1C(O)=NC(=O)C(C)(C2CCCCC=2)C1=O,435.0,2.638489257
61,CCOP(=S)(Oc1ccc(cc1)[N+]([O-])=O)OCC,11.0,1.041392685
62,NCC(O)=O,249000.0,5.396199347
63,CC(=O)OCC(=O)[C@H]1CC[C@H]2[C@@H]3CCC4=CC(=O)CC[C@]4(C)[C@H]3CC[C@@]21C,8.73,0.941014244
64,Cc1ccc2cc3c(ccc4ccccc43)c3CCc1c32,0.0029,-2.537602002
65,CC/C(/c1ccc(O)cc1)=C(/CC)\c1ccc(O)cc1,12.0,1.079181246
66,c1c2c3ccccc3ccc2cc2ccccc21,0.0094,-2.026872146
67,CC1c2ccc(cc2OC(=O)C=1Cl)OP(=S)(OCC)OCC,1.5,0.176091259
68,[O-][N+](=O)c1ccc(cc1)[C@@H](O)[C@@H](CO)NC(=O)C(Cl)Cl,2500.0,3.397940009
69,OC(CO)CO,1000000.0,6.0
70,N[C@@H](CC(O)=O)C(O)=O,5360.0,3.72916479
71,NC(=O)CC[C@H](N)C(O)=O,41300.0,4.615950052
72,N[C@@H](CCC(O)=O)C(O)=O,8570.0,3.932980822
73,C=CCN=C=S,2000.0,3.301029996
74,CCCCCCCCCCCCCCCC(O)=O,0.04,-1.397940009
75,NC(N)=O,545000.0,5.736396502
76,CN(C)N,1000000.0,6.0
77,CC(C)(O)C(Cl)(Cl)Cl,8000.0,3.903089987
78,O=C1C[C@@H]2OCC=C3CN4CC[C@]56[C@H]([C@H]2[C@H]3C[C@@H]54)N1c1ccccc61,160.0,2.204119983
79,O=C1NC(=O)C(N1)(c1ccccc1)c1ccccc1,32.0,1.505149978
80,CCOC(=O)C1(CCN(C)CC1)c1ccccc1,3215.0,3.507180977
81,CCC1(CCC(C)C)C(=O)NC(=O)NC1=O,603.0,2.780317312
82,CCC1(CC)C(=O)NC(=O)NC1=O,7460.0,3.872738827
83,O[C@H]1[C@H](O[C@H](CO)[C@@H](O)[C@@H]1O)O[C@]1(CO)O[C@H](CO)[C@@H](O)[C@@H]1O,2100000.0,6.322219295
84,CCCC(C)(COC(N)=O)COC(N)=O,3300.0,3.51851394
85,CC(O)CO,1000000.0,6.0
86,O=C1CCO1,370000.0,5.568201724
87,C[C@]12CC[C@H]3[C@@H](CCc4cc(O)ccc43)[C@@H]1CC[C@@]2(O)C#C,11.29,1.052693942
88,Cc1cc(C)[n]c(NS(=O)(=O)c2ccc(N)cc2)[n]1,1500.0,3.176091259
89,ClC1(Cl)C2(Cl)C3CC(Cl)C(Cl)C3C1(Cl)C(Cl)=C2Cl,0.056,-1.251811973
90,CC(=O)[C@H]1CC[C@H]2[C@@H]3CCC4=CC(=O)CC[C@]4(C)[C@H]3CC[C@@]21C,8.81,0.944975908
91,CCC(=O)O[C@H]1CC[C@H]2[C@@H]3CCC4=CC(=O)CC[C@]4(C)[C@H]3CC[C@]12C,1.48,0.170261715
92,Cc1c2ccc3ccccc3c2c(C)c2ccccc12,0.061,-1.214670165
93,CN1C(=O)c2c([n]c[n]2C)N(C)C1=O,21600.0,4.334453751
94,CN(C)C1C(=O)N(c2ccccc2)N(C)C=1C,54400.0,4.7355989
95,C[C@]12CC[C@H]3[C@@H](CCC4=CC(=O)CC[C@@]43C)[C@@H]1CC[C@]2(C)O,33.9,1.530199698
96,C[C@]12CC[C@H]3[C@@H](CCC4=CC(=O)CC[C@@]43C)[C@@H]1CC[C@@H]2O,23.4,1.369215857
97,CC1=CC(=O)c2ccccc2C1=O,160.0,2.204119983
98,CN1CCN(CCCN2c3ccccc3Sc3ccc(Cl)cc23)CC1,14.96,1.174931594
99,OCCN1CCN(CCCN2c3ccccc3Sc3ccc(Cl)cc23)CC1,28.3,1.451786436
100,CN(C)CCCN1c2ccccc2Sc2ccccc12,14.2,1.152288344
101,CN1C(=O)c2[nH]c[n]c2N(C)C1=O,7360.0,3.866877814
102,Oc1[n]c[n]c2c1[n]c[n]2[C@@H]1O[C@H](CO)[C@@H](O)[C@H]1O,15800.0,4.198657087
103,OC(=O)CCCC[C@@H]1SC[C@@H]2NC(=O)N[C@@H]21,220.0,2.342422681
104,"Cl[C@@H]1[C@@H](Cl)[C@H](Cl)[C@H](Cl)[C@@H](Cl)[C@@H]1Cl |&1:1,2,4,6,8,10|",10.235,1.010087847
105,Oc1c(Cl)cc(Cl)c(Cl)c1Cl,23.0,1.361727836
106,NS(=O)(=O)c1cc2c(cc1Cl)NCNS2(=O)=O,722.0,2.858537198
107,NS(=O)(=O)c1cc2c(cc1Cl)N=CNS2(=O)=O,266.0,2.424881637
108,CCN(CC)C(=O)c1ccc[n]c1,1000000.0,6.0
109,O=C1C=Cc2ccccc2N1,1053.0,3.022428371
110,Nc1ccc(cc1)S(=O)(=O)Nc1c[n]c2ccccc2[n]1,7.5,0.875061263
111,CCN(CCOC(=O)c1ccc(N)cc1)CC,9453.0,3.975569658
112,Cc1ccccc1OCC(O)CO,11800.0,4.071882007
113,OCC(S)CS,87000.0,4.939519253
114,CC(=O)Nc1[n][n]c([s]1)S(N)(=O)=O,980.0,2.991226076
115,OC(=O)c1ccc[n]c1,18000.0,4.255272505
116,O=NN1CCOCC1,1000000.0,6.0
117,N[C@@H](Cc1cc(O)c(O)cc1)C(O)=O,5000.0,3.698970004
118,Nc1ccc(cc1)/N=N/c1ccccc1,32.0,1.505149978
119,CN(C)c1ccc(cc1)N=Nc1ccccc1,0.23,-0.638272164
120,OCCc1ccccc1,22200.0,4.346352974
121,N[C@@H](Cc1ccc(O)cc1)C(O)=O,479.0,2.680335513
122,CN1CC(=O)NC1=N,80100.0,4.903632516
123,CCOCC,60400.0,4.781036939
124,NCCCCCC(O)=O,505000.0,5.703291378
125,CNN,1000000.0,6.0
126,CC(N)=O,2250000.0,6.352182518
127,CNC(=O)CSP(=S)(OC)OC,23300.0,4.367355921
128,"ClC1(Cl)[C@@]2(Cl)[C@@H]3[C@@H]4C[C@@H]([C@H]5O[C@H]54)[C@@H]3[C@]1(Cl)C(Cl)=C2Cl |o1:3,5,6,8,9,11,12,13|",0.2225,-0.652669985
129,CN1C(C)=CC(=O)N1c1ccccc1,51900.0,4.715167358
130,OC[C@H]1O[C@@H](Oc2cc(O)cc(O)c2C(=O)CCc2ccc(O)cc2)[C@H](O)[C@@H](O)[C@@H]1O,1000.0,3.0
131,CN(C)C(C)CN1c2ccccc2Sc2ccccc12,15.64,1.194236749
132,CN(C)C[C@@H](C)CN1c2cc(ccc2Sc2ccccc12)OC,20.0,1.301029996
133,[O-][N+](=O)c1c[n]c([s]1)N1CCNC1=O,130.0,2.113943352
134,CC(C)C[C@H](N)C(O)=O,21500.0,4.33243846
135,[O-][N+](=O)c1ccc(cc1)C(O)=O,200.0,2.301029996
136,CC(=O)Nc1ccc(cc1)OCC,766.0,2.88422877
137,CCOS(C)(=O)=O,313000.0,5.495544338
138,Nc1ccccc1,36000.0,4.556302501
139,CC(N)=S,163000.0,5.212187604
140,NC(N)=S,142000.0,5.152288344
141,COP(=O)(OC=C(Cl)Cl)OC,8000.0,3.903089987
142,CN(C)N=O,1000000.0,6.0
143,C[C@]12CCC(=O)C=C1CC[C@@H]1[C@@H]2CC[C@@]2(C)[C@H]1CCC2=O,57.82,1.762078087
144,CNC(=O)Oc1cccc2ccccc21,110.0,2.041392685
145,CSCC[C@H](N)C(O)=O,56600.0,4.752816431
146,Nc1ccc(cc1)S(N)(=O)=O,7500.0,3.875061263
147,CN1CC(=CCC1)C(=O)OC,1000000.0,6.0
148,CCO,1000000.0,6.0
149,OC=O,1000000.0,6.0
150,CC(O)=O,1000000.0,6.0
151,CCC(C)C(C)(COC(N)=O)COC(N)=O,1000.0,3.0
152,CCOS(=O)(=O)OCC,7000.0,3.84509804
153,Cc1ccc(cc1)S(=O)(=O)NC(=O)NCCCC,109.0,2.037426498
154,C[C@]12CC[C@H]3[C@@H](CCC4=CC(=O)CC[C@@]43C)[C@@H]1CC[C@@H]2C(=O)CO,59.5,1.774516966
155,NC(=O)c1ccccc1O,2060.0,3.31386722
156,Nc1cc(O)c(cc1)C(O)=O,1690.0,3.227886705
157,CC1=CNC(=O)NC1=O,3820.0,3.582063363
158,OC(=O)c1ccccc1,3400.0,3.531478917
159,Oc1[n]c(cc(O)[n]1)C(O)=O,1818.0,3.259593879
160,O=C1C=CNC(=O)N1,3600.0,3.556302501
161,CCCCCC=O,5640.0,3.751279104
162,c1cc2ccc[n]c2c2[n]cccc21,2690.0,3.42975228
163,C[C@@H]1C[C@@H]([C@H](O)CC2CC(=O)NC(=O)C2)C(=O)[C@@H](C)C1,21000.0,4.322219295
164,CO,1000000.0,6.0
165,CC(C)O,1000000.0,6.0
166,CC(C)=O,1000000.0,6.0
167,ClC(Cl)Cl,7950.0,3.900367129
168,CS(C)=O,1000000.0,6.0
169,ClC(Cl)(Cl)C(Cl)(Cl)Cl,50.0,1.698970004
170,C[C@]12C=CC(=O)C=C1CC[C@H]1[C@@H]3C[C@@H](OC(C)=O)[C@](O)(C(=O)COC(C)=O)[C@@]3(C)C[C@H](O)[C@]21F,35.5,1.550228353
171,OC(=O)CS,1000000.0,6.0
172,CN(C)C=O,1000000.0,6.0
173,C[C@]12CC[C@@H]3[C@H]4CCC(=O)C=C4CC[C@H]3[C@@H]1CC[C@@]2(O)C#C,7.043,0.847757688
174,O=C1NC=Nc2[n]c[nH]c21,700.0,2.84509804
175,CC(=O)[C@@]1(O)CC[C@H]2[C@@H]3CCC4=CC(=O)CC[C@]4(C)[C@H]3CC[C@]12C,6.48,0.811575006
176,OCCN1CCN(CCCN2c3ccccc3Sc3ccc(cc23)C(F)(F)F)CC1,31.06,1.492201451
177,Oc1ccccc1C(O)=O,2240.0,3.350248018
178,Cc1ccc(cc1)S(N)(=O)=O,3156.0,3.499136995
179,CCC(=O)c1ccc(N)cc1,352.1,2.546666025
180,N[C@@H](Cc1c[n]c[nH]1)C(O)=O,45640.0,4.659345636
181,CCCO,1000000.0,6.0
182,CCCCO,63200.0,4.800717078
183,CCCCCO,22000.0,4.342422681
184,c1ccccc1,1790.0,3.252853031
185,CC(Cl)(Cl)Cl,1290.0,3.11058971
186,Nc1ccc(cc1)S(=O)(=O)Nc1[n]cc[s]1,373.0,2.571708832
187,C[C@@H](O)[C@H](N)C(O)=O,97000.0,4.986771734
188,COc1ccc(cc1)C(c1ccc(cc1)OC)C(Cl)(Cl)Cl,0.1,-1.0
189,Oc1ccc2c(C(=O)c3ccccc3C2=O)c1O,400.0,2.602059991
190,ClC(Cl)C(c1ccc(Cl)cc1)c1ccc(Cl)cc1,0.09,-1.045757491
191,ClC(Cl)=C(c1ccc(Cl)cc1)c1ccc(Cl)cc1,0.04,-1.397940009
192,N[C@@H](Cc1c[nH]c2ccccc21)C(O)=O,13600.0,4.133538908
193,C[C@@H](CC)[C@H](N)C(O)=O,34400.0,4.536558443
194,NS(=O)(=O)c1cc2c(cc1C(F)(F)F)NC(Cc1ccccc1)NS2(=O)=O,108.0,2.033423755
195,CCC1NC(=O)c2cc(c(Cl)cc2N1)S(N)(=O)=O,150.0,2.176091259
196,OC(=O)c1ccc(Cl)cc1,72.0,1.857332496
197,NC(=N)NCCC[C@H](N)C(O)=O,182000.0,5.260071388
198,CBr,15200.0,4.181843588
199,CCl,5320.0,3.725911632
200,CI,13800.0,4.139879086
201,CN,1080000.0,6.033423755
202,C#N,1000000.0,6.0
203,CS,15390.0,4.18723862
204,BrCBr,11900.0,4.075546961
205,CCBr,9000.0,3.954242509
206,ClCBr,16700.0,4.222716471
207,CCCl,6710.0,3.82672252
208,C=CCl,8800.0,3.944482672
209,C=CF,22400.0,4.350248018
210,CCI,4000.0,3.602059991
211,CCN,1000000.0,6.0
212,CC#N,1000000.0,6.0
213,CC=O,1000000.0,6.0
214,CCS,15600.0,4.193124598
215,ClCCl,13000.0,4.113943352
216,ICI,833.0,2.920645001
217,NC=O,1000000.0,6.0
218,S=C=S,2160.0,3.334453751
219,CSC,22030.0,4.343014497
220,C1CO1,1000000.0,6.0
221,BrC(Br)Br,3100.0,3.491361694
222,CC(C)Br,3180.0,3.50242712
223,ClC(Cl)Br,3032.0,3.481729197
224,CC(C)C,48.8,1.688419822
225,CC(C)Cl,3100.0,3.491361694
226,CC(C)I,1400.0,3.146128036
227,CC(C)N,1000000.0,6.0
228,CC(Cl)Cl,5040.0,3.702430536
229,C=C(Cl)Cl,2420.0,3.383815366
230,CC(F)F,3200.0,3.505149978
231,C=C(F)F,165.0,2.217483944
232,FC(Cl)Cl,18800.0,4.274157849
233,FC(F)Cl,2770.0,3.442479769
234,FC(F)F,4090.0,3.611723308
235,CN(C)C,890000.0,5.949390007
236,C[N+]([O-])=O,111000.0,5.045322979
237,CC1CO1,590000.0,5.770852012
238,FC(F)(F)Br,320.0,2.505149978
239,CC(C)(C)N,1000000.0,6.0
240,CC(C)(C)O,1000000.0,6.0
241,FC(Cl)(Cl)Cl,1100.0,3.041392685
242,FC(F)(Cl)Cl,280.0,2.447158031
243,FC(F)(F)Cl,90.0,1.954242509
244,CCC(C)(C)C,18.4,1.264817823
245,CC(C)(C)CO,35000.0,4.544068044
246,CCC(C)(C)O,110000.0,5.041392685
247,O=CC(Cl)(Cl)Cl,30000.0,4.477121255
248,OCC(F)(F)F,1000000.0,6.0
249,CC(=O)C(C)(C)C,19000.0,4.278753601
250,CC(C)(C)C(O)=O,21700.0,4.336459734
251,CC(Cl)(Cl)C(O)=O,502000.0,5.700703717
252,CC(O)C(Cl)(Cl)Cl,28570.0,4.45591024
253,ClC(Cl)C(Cl)(Cl)Cl,490.0,2.69019608
254,OC(=O)C(Cl)(Cl)Cl,54600.0,4.737192643
255,[O-][N+](=O)C(Cl)(Cl)Cl,1620.0,3.209515015
256,FC(Cl)(Cl)C(F)(Cl)Cl,120.0,2.079181246
257,FC(F)(Cl)C(F)(Cl)Cl,170.0,2.230448921
258,FC(F)(Cl)C(F)(F)Cl,130.0,2.113943352
259,FC(F)(F)C(F)(F)Cl,58.0,1.763427994
260,FC(F)(C(F)(F)F)C(F)(F)F,5.701,0.755951041
261,CC(CC)(S(=O)(=O)CC)S(=O)(=O)CC,5000.0,3.698970004
262,CC1(C)O[C@@]2([C@@H](C[C@H]3[C@@H]4CCC5=CC(=O)C=C[C@]5(C)[C@@]4(F)[C@@H](O)C[C@]23C)O1)C(=O)CO,21.0,1.322219295
263,ClC1(Cl)C2(Cl)C3C=CC(Cl)C3C1(Cl)C(Cl)=C2Cl,0.18,-0.744727495
264,COc1ccc2C[C@@H]3[C@@H]4C=C[C@H](O)[C@@H]5Oc1c2[C@]45CCN3C,9000.0,3.954242509
265,CCC1(C(C)CCC)C(=O)NC(O)=NC1=O,678.8,2.831741834
266,CCC1(C(C)C)C(=O)NC(=O)NC1=O,1210.0,3.08278537
267,OC(=O)C(O)(c1ccccc1)c1ccccc1,1410.0,3.149219113
268,CC(C)C1(CC=C)C(=O)NC(=O)NC1=O,4080.0,3.610660163
269,C[C@]12[C@H]3[C@H](C(O)=O)[C@@]45C[C@@](O)(CC[C@H]4[C@@]3(C=C[C@@H]1O)OC2=O)C(=C)C5,5000.0,3.698970004
270,Oc1ccc(cc1)C1(OC(=O)c2ccccc12)c1ccc(O)cc1,400.0,2.602059991
271,CCC1(CCC(=O)NC1=O)c1ccccc1,999.0,2.999565488
272,CCCC(C)C1(CC=C)C(=O)NC(=S)NC1=O,49.4,1.693726949
273,CCCCC1(CC)C(=O)NC(=O)NC1=O,4880.0,3.688419822
274,NS(=O)(=O)c1cc(ccc1Cl)C1(O)NC(=O)c2ccccc12,120.0,2.079181246
275,ClC1(Cl)C(Cl)=C(Cl)C(Cl)=C1Cl,1.8,0.255272505
276,CCC(Br)(CC)C(=O)NC(N)=O,333.0,2.522444234
277,CC(O)(CC)CC,42600.0,4.629409599
278,CCC(C)(O)C#C,99000.0,4.995635195
279,COS(=O)(=O)OC,28000.0,4.447158031
280,OC(=O)C(O)(CC(O)=O)CC(O)=O,592000.0,5.772321707
281,CCOC(=O)C(O)(CC(=O)OCC)CC(=O)OCC,65000.0,4.812913357
282,CC(CC)(CC)OC(N)=O,4000.0,3.602059991
283,CCOP(=O)(OCC)OCC,500000.0,5.698970004
284,CCCC(C)(COC(N)=O)COC(=O)NC(C)C,300.0,2.477121255
285,CCCCSP(=O)(SCCCC)SCCCC,2.3,0.361727836
286,CC1CC(C)(C)CC(=O)C=1,12000.0,4.079181246
287,CC(C)=CCCC(C)(O)C=C,1589.0,3.201123897
288,CC(Br)CBr,1430.0,3.155336037
289,CC(C)CBr,507.0,2.705007959
290,CCC(C)C,48.0,1.681241237
291,CC(=C)C=C,642.0,2.807535028
292,CC(C)CN,1000000.0,6.0
293,CC(C)CO,85000.0,4.929418926
294,CC(C)C=O,89000.0,4.949390007
295,CC(=C)C=O,50000.0,4.698970004
296,CCC(C)Cl,1000.0,3.0
297,CC(Cl)CCl,2800.0,3.447158031
298,C=C(Cl)CCl,2150.0,3.33243846
299,CCC(C)O,181000.0,5.257678575
300,CCC(C)=O,223000.0,5.348304863
301,ClCC(Cl)Cl,4590.0,3.661812686
302,ClC=C(Cl)Cl,1280.0,3.10720997
303,C=CC(N)=O,390000.0,5.591064607
304,NC(=O)CCl,90000.0,4.954242509
305,CCC(O)=O,1000000.0,6.0
306,OC(=O)CCl,858000.0,5.933487288
307,CNC(C)=O,1000000.0,6.0
308,COC(C)=O,243000.0,5.385606274
309,CC[N+]([O-])=O,48000.0,4.681241237
310,BrC(Br)C(Br)Br,678.0,2.831229694
311,CC(C)C(C)C,22.5,1.352182518
312,CC(C)C(O)=O,167000.0,5.222716471
313,ClC(Cl)C(Cl)Cl,2830.0,3.451786436
314,CC(=C)C(O)=O,89000.0,4.949390007
315,OC(=O)C(Cl)Cl,1000000.0,6.0
316,CC(C)[N+]([O-])=O,17000.0,4.230448921
317,Nc1ccc(cc1)S(=O)(=O)c1ccc(cc1)NCCO,740.0,2.86923172
318,CC(C)(c1ccc(O)cc1)c1ccc(O)cc1,120.0,2.079181246
319,Nc1ccc(cc1)S(=O)(=O)c1ccc(N)cc1,380.0,2.579783597
320,COc1ccc(NS(=O)(=O)c2ccc(N)cc2)[n][n]1,147.0,2.167317335
321,CC(C)(CC)c1ccc(O)cc1,168.0,2.225309282
322,CC(C)(O)C1CCC(C)(O)CC1,10000.0,4.0
323,CC(=C)C(=O)OC,15000.0,4.176091259
324,CN1C(c2ccc(Cl)cc2)S(=O)(=O)CCC1=O,2500.0,3.397940009
325,O=C1NS(=O)(=O)c2ccccc12,4000.0,3.602059991
326,C[C@H](CCC(O)=O)[C@H]1CC[C@H]2[C@H]3[C@H](C[C@H](O)[C@@]21C)[C@@]1(C)CC[C@@H](O)C[C@H]1C[C@H]3O,175.0,2.243038049
327,CC(=O)CC(C1=C(O)c2ccccc2OC1=O)c1ccccc1,17.0,1.230448921
328,OC(=O)c1ccccc1C(c1ccc(O)cc1)c1ccc(O)cc1,175.0,2.243038049
329,[O-][N+](=O)c1c(Cl)c(Cl)c(Cl)c(Cl)c1Cl,0.44,-0.356547324
330,[O-][N+](=O)c1c(O)c(cc(c1O)[N+]([O-])=O)[N+]([O-])=O,5341.0,3.727622578
331,CN1CCN(CC1)C(c1ccccc1)c1ccccc1,1000.0,3.0
332,CC(C)(C)C(=O)C1C(=O)c2ccccc2C1=O,18.0,1.255272505
333,C1Cc2cccc3cccc1c23,3.9,0.591064607
334,Cc1c[nH]c2ccccc21,498.0,2.697229343
335,C[C@H]1C[C@@H]2[C@H]([C@@H](O)C[C@@]3(C)[C@H]2CC[C@]3(O)C(=O)CO)[C@@]2(C)C=CC(=O)C=C21,120.0,2.079181246
336,C[C@H](CCC(O)=O)[C@H]1CC[C@H]2[C@@H]3CC[C@@H]4C[C@H](O)CC[C@]4(C)[C@H]3C[C@H](O)[C@@]21C,43.6,1.639486489
337,Oc1cccc2c1cccc2O,165.0,2.217483944
338,CN1c2[n]c[n](C)c2C(=O)NC1=O,330.0,2.51851394
339,c1ccccc1-c1ccccc1-c1ccccc1,1.239,0.093071306
340,CC[C@H]([C@H](CC)c1ccc(O)cc1)c1ccc(O)cc1,12.0,1.079181246
341,O=C1c2ccccc2C(=O)c2ccccc12,1.35,0.130333768
342,CCOC(=O)c1ccccc1C(=O)OCC,1080.0,3.033423755
343,CC(C)COC(=O)c1ccccc1C(=O)OCC(C)C,6.2,0.792391689
344,CCCCOC(=O)c1ccccc1C(=O)OCCCC,11.2,1.049218023
345,COc1c2C=CC(=O)Oc2cc2OC(C)(C)C=Cc21,40.0,1.602059991
346,c1cc2ccccc2c2ccccc21,1.15,0.06069784
347,c1cccc2c3ccc[n]c3ccc21,78.7,1.895974732
348,OC(=O)Cc1c(Cl)c(Cl)ccc1Cl,200.0,2.301029996
349,[O-][N+](=O)c1cccc(c1O)C(O)=O,1300.0,3.113943352
350,O=C1NC(=O)c2ccccc12,360.0,2.556302501
351,O=C1OC(=O)c2ccccc12,6200.0,3.792391689
352,CCCCOC(=O)c1ccccc1C(=O)OCc1ccccc1,2.69,0.42975228
353,Cc1cc(ccc1)NC(=O)c1ccccc1C(O)=O,1000.0,3.0
354,Nc1ccc2ccccc2c1N=Nc1ccccc1,0.3,-0.522878745
355,O=NN(c1ccccc1)c1ccccc1,35.0,1.544068044
356,COP(=S)(OC)SCN1N=Nc2ccccc2C1=O,20.9,1.320146286
357,[O-][N+](=O)c1cccc2ccccc21,9.18,0.962842681
358,C1c2ccccc2-c2ccccc21,1.69,0.227886705
359,c1cccc2[nH]c3ccccc3c21,1.8,0.255272505
360,OC(=O)Cc1cccc2ccccc21,420.0,2.62324929
361,NC(=S)Nc1cccc2ccccc21,600.0,2.77815125
362,"CN1[C@@H]2C[C@H](C[C@H]1CC2)OC(=O)C(O)c1ccccc1 |&1:2,4,6|",10000.0,4.0
363,Oc1ccccc1C(=O)Nc1ccccc1,55.0,1.740362689
364,CC(C)CCOC(=O)c1ccccc1O,145.0,2.161368002
365,[O-][N+](=O)O[C@H]1CO[C@H]2[C@@H]1OC[C@H]2O[N+]([O-])=O,550.0,2.740362689
366,COc1c(Cl)cc(Cl)cc1Cl,10.0,1.0
367,OC(=O)Cc1c[nH]c2ccccc21,1500.0,3.176091259
368,Clc1c(Cl)cccc1Cl,18.0,1.255272505
369,Oc1c(Cl)cccc1Cl,1900.0,3.278753601
370,Oc1c(O)cccc1O,507000.0,5.705007959
371,ClC(Cl)=C(Cl)C(Cl)=C(Cl)Cl,3.2,0.505149978
372,O[C@@H](CO)[C@@H](O)[C@H](O)C(=O)CO,360000.0,5.556302501
373,Cc1c(C)c(C)c(C)c(C)c1C,0.235,-0.628932138
374,Oc1c(Cl)c(Cl)c(Cl)c(Cl)c1Cl,14.0,1.146128036
375,"O[C@@H]1[C@H](O)[C@@H](O)[C@H](O)[C@@H](O)[C@@H]1O |&1:1,2,4,6,8,10|",143000.0,5.155336037
376,O[C@H]([C@@H](O)CO)[C@H](O)CO,642000.0,5.807535028
377,Cc1cc(O)cc(C)c1Cl,250.0,2.397940009
378,Oc1c(Cl)cc(Cl)cc1Cl,800.0,2.903089987
379,CCC(CC)C(O)=O,18000.0,4.255272505
380,OC(=O)c1cc[s]c1,4300.0,3.633468456
381,OC(=O)c1ccco1,37100.0,4.56937391
382,Cc1ccccc1S(N)(=O)=O,1620.0,3.209515015
383,OC(=O)c1ccccc1I,461.0,2.663700925
384,Cc1ccccc1[N+]([O-])=O,650.0,2.812913357
385,[O-][N+](=O)c1ccccc1Cl,441.0,2.644438589
386,Nc1ccccc1[N+]([O-])=O,1470.0,3.167317335
387,[O-][N+](=O)c1ccccc1O,2500.0,3.397940009
388,CCC(C)c1cc(cc(c1O)[N+]([O-])=O)[N+]([O-])=O,52.0,1.716003344
389,[O-][N+](=O)c1cc(c(Cl)c(c1)[N+]([O-])=O)[N+]([O-])=O,530.0,2.72427587
390,[O-][N+](=O)c1cc(c(O)c(c1)[N+]([O-])=O)[N+]([O-])=O,12700.0,4.103803721
391,OC(=O)c1ccccc1C(O)=O,6970.0,3.843232778
392,OC(=O)c1[n]cccc1C(O)=O,11000.0,4.041392685
393,OC(=O)c1cc(c(cc1C(O)=O)C(O)=O)C(O)=O,14000.0,4.146128036
394,[O-][N+](=O)c1cc(Cl)ccc1Cl,14.0,1.146128036
395,[O-][N+](=O)c1cc(Cl)c(Cl)cc1Cl,29.4,1.46834733
396,CC(C)C1CCC(C)CC1O,456.3,2.659250469
397,Cc1ccc(C(C)C)c(O)c1,900.0,2.954242509
398,CCc1ccccc1O,5340.0,3.727541257
399,Oc1ccccc1CO,63000.0,4.799340549
400,COc1ccccc1O,18700.0,4.271841607
401,Brc1cccc2ccccc21,9.318,0.969322706
402,Cc1cccc2ccccc21,25.8,1.411619706
403,Clc1cccc2ccccc21,17.4,1.240549248
404,Oc1cccc2ccccc21,866.0,2.937517892
405,c1cccc2c(cccc21)Nc1ccccc1,60.0,1.77815125
406,C1[C@@H]2C[C@@H](CN3CCCC[C@@H]32)[C@@H]2CCCCN21,3040.0,3.482873584
407,Oc1ccccc1-c1ccccc1,700.0,2.84509804
408,OC(=O)C(O)c1ccccc1,181000.0,5.257678575
409,OC(c1ccccc1)c1ccccc1,520.0,2.716003344
410,COc1cccc(OC)c1O,17200.0,4.235528447
411,C1CCCC2CCCCC21,0.889,-0.051098239
412,c1[n]c[n]c2[n]cc[n]c21,143000.0,5.155336037
413,c1cccc2ccccc21,31.0,1.491361694
414,c1cccc2[n]cccc21,6110.0,3.78604121
415,COc1ccccc1[N+]([O-])=O,1690.0,3.227886705
416,Cc1cc2ccccc2cc1,24.6,1.390935107
417,Clc1cc2ccccc2cc1,11.7,1.068185862
418,O=C1C=Cc2ccccc2O1,1900.0,3.278753601
419,CCN(CC)c1ccccc1,140.0,2.146128036
420,Nc1[n]c([n]c(N)[n]1)-c1ccccc1,600.0,2.77815125
421,Nc1ccc(cc1Cl)-c1cc(Cl)c(N)cc1,3.1,0.491361694
422,c1c(cccc1-c1ccccc1)-c1ccccc1,1.511,0.179264464
423,c1c2cc3ccccc3cc2cc2ccccc21,0.00151,-2.821023053
424,Oc1cc2ccccc2cc1O,293.0,2.46686762
425,c1ccccc1-c1ccccc1,7.48,0.873901598
426,Brc1ccc(cc1)-c1ccccc1,0.653,-0.185086819
427,Oc1ccc(cc1)-c1ccccc1,56.2,1.749736316
428,c1cccc2Nc3ccccc3Sc21,1.59,0.201397124
429,Nc1ccc(cc1)-c1ccc(N)cc1,322.0,2.507855872
430,c1cc(ccc1-c1ccccc1)-c1ccccc1,0.018,-1.744727495
431,OC(=O)c1cc2ccccc2cc1,47.0,1.672097858
432,COc1ccccc1OCC(O)CO,50000.0,4.698970004
433,Cc1cc2[n]c(C)ccc2cc1,1795.0,3.254064453
434,CCC(=O)c1ccccc1,2000.0,3.301029996
435,COC(=O)c1ccccc1,2100.0,3.322219295
436,COC(=O)c1ccc[n]c1,47600.0,4.677606953
437,Cc1cc(Cl)ccc1OC(C)C(O)=O,620.0,2.792391689
438,C=CCN(CC=C)C(=O)CCl,19700.0,4.294466226
439,CC(Oc1cc(Cl)c(Cl)cc1Cl)C(O)=O,71.0,1.851258349
440,OC(=O)COc1cc(Cl)c(Cl)cc1Cl,278.0,2.444044796
441,CCOC(=O)c1ccccc1,720.0,2.857332496
442,CCOC(=O)c1ccc(N)cc1,1310.0,3.117271296
443,CCCOC(=O)c1ccc(N)cc1,842.0,2.925312091
444,CCCOC(=O)c1ccc(O)cc1,500.0,2.698970004
445,CC(C)COC(=O)c1ccc(N)cc1,220.0,2.342422681
446,CCc1[n][n]c(NS(=O)(=O)c2ccc(N)cc2)[s]1,3250.0,3.511883361
447,CCCNC(=O)NS(=O)(=O)c1ccc(Cl)cc1,258.0,2.411619706
448,CCOc1ccc(cc1)C(=O)OCCN(CC)CC,512.1,2.709354776
449,CCCCOC(=O)c1ccc(N)cc1,335.0,2.525044807
450,CCCCOC(=O)c1ccc(O)cc1,207.0,2.315970345
451,O=C(OOC(=O)c1ccccc1)c1ccccc1,9.1,0.959041392
452,O=C(/C=C/C=C/c1cc2OCOc2cc1)N1CCCCC1,40.0,1.602059991
453,Cc1cc(Cl)ccc1OCC(O)=O,630.0,2.799340549
454,OC(=O)COc1ccc(Cl)cc1Cl,677.0,2.830588669
455,Cc1cc(Cl)ccc1OCCCC(O)=O,48.0,1.681241237
456,OC(=O)CCCOc1ccc(Cl)cc1Cl,46.0,1.662757832
457,CCC(CO)C(O)CCC,42000.0,4.62324929
458,CCN(CC)C(=S)SCC(=C)Cl,100.0,2.0
459,c1cccc2[nH][n][n]c21,19800.0,4.29666519
460,c1cccc2[s]ccc21,130.0,2.113943352
461,c1[n]c2ccccc2[s]1,4300.0,3.633468456
462,Cc1ccccc1C,178.0,2.250420002
463,Cc1ccccc1O,25900.0,4.413299764
464,Cc1ccccc1Cl,374.0,2.572871602
465,Clc1ccccc1Cl,156.0,2.193124598
466,Nc1ccccc1Cl,8160.0,3.911690159
467,Cc1ccccc1N,16600.0,4.220108088
468,Nc1ccccc1N,40400.0,4.606381365
469,Nc1ccccc1O,20000.0,4.301029996
470,Oc1ccccc1Cl,11300.0,4.053078443
471,Cc1cc(C)c(C)cc1,57.0,1.755874856
472,Cc1cc(O)ccc1C,4760.0,3.677606953
473,Cc1cc(Cl)c(Cl)cc1,26.0,1.414973348
474,Nc1cc(Cl)c(Cl)cc1,92.0,1.963787827
475,Cc1cc(O)c(C)cc1,3540.0,3.549003262
476,Cc1cc(C)c(C)cc1C,3.48,0.541579244
477,Clc1cc(Cl)c(Cl)cc1Cl,0.595,-0.225483034
478,Oc1cc(Cl)c(Cl)cc1Cl,1200.0,3.079181246
479,C1OC1c1ccccc1,3000.0,3.477121255
480,ClCC(Br)CBr,1230.0,3.089905111
481,CC(CC)CC,17.9,1.252853031
482,CCC(=O)CC,45900.0,4.661812686
483,OC(CCl)CCl,99000.0,4.995635195
484,COC(=O)C=C,49400.0,4.693726949
485,CC1CCCC1,42.0,1.62324929
486,S=C1NCCN1,20000.0,4.301029996
487,CC1CCCO1,138700.0,5.142076461
488,O=C1CCCO1,1000000.0,6.0
489,CC(OP(C)(=O)F)C(C)(C)C,21000.0,4.322219295
490,Nc1cc(cc(c1O)[N+]([O-])=O)[N+]([O-])=O,1400.0,3.146128036
491,Oc1ccc(Cl)cc1Cc1cc(Cl)ccc1O,30.0,1.477121255
492,CO[C@H]1O[C@H](CO)[C@@H](O)[C@H](O)[C@H]1O,386800.0,5.587486465
493,COc1cc(CC=C)ccc1O,2463.0,3.391464412
494,CC(=C)C(=O)OCC,5400.0,3.73239376
495,C=C(CC(O)=O)C(O)=O,76800.0,4.88536122
496,CCN(CC)C(=S)SSC(=S)N(CC)CC,4.09,0.611723308
497,CC(C)C(=O)OCC(C)C,1000.0,3.0
498,CC(=C)C(=O)OCC(C)C,1300.0,3.113943352
499,CC(=C)C(=O)OCCCC,800.0,2.903089987
500,CCC(CO)CC,4000.0,3.602059991
501,OCc1ccco1,1000000.0,6.0
502,O=Cc1ccco1,74100.0,4.869818208
503,CC(C)(C)c1ccccc1,29.5,1.469822016
504,ClC(Cl)(Cl)c1ccccc1,53.0,1.72427587
505,FC(F)(F)c1ccccc1,140.0,2.146128036
506,NS(=O)(=O)c1ccccc1,4300.0,3.633468456
507,CC(C)(C)c1cc(O)c(O)cc1,2000.0,3.301029996
508,CC(C)(C)c1ccc(O)cc1,580.0,2.763427994
509,CC1CCC(CC=1)C(C)(C)O,7100.0,3.851258349
510,CC(C)(C)c1ccc(cc1)C(O)=O,28.0,1.447158031
511,OC(=O)[C@@H]1CCC(=O)N1,476000.0,5.677606953
512,CC(C)c1ccccc1,61.3,1.787460475
513,CC(=C)c1ccccc1,116.0,2.064457989
514,CC(N)c1ccccc1,42000.0,4.62324929
515,CC(=O)c1ccccc1,6130.0,3.787460475
516,ClC(Cl)c1ccccc1,250.0,2.397940009
517,OC(=O)C1CCCCC1,4600.0,3.662757832
518,NC(=O)c1ccc[n]c1,500000.0,5.698970004
519,[O-][N+](=O)c1ccccc1,2090.0,3.320146286
520,NC(=O)c1c[n]cc[n]1,15000.0,4.176091259
521,Cc1cc(ccc1)C(O)=O,980.0,2.991226076
522,Nc1cc(ccc1)C(O)=O,5900.0,3.770852012
523,Oc1cccc(c1)C(O)=O,7250.0,3.860338007
524,Cc1cc(ccc1)[N+]([O-])=O,500.0,2.698970004
525,Nc1cc(ccc1)[N+]([O-])=O,1200.0,3.079181246
526,OC(=O)C(CC(O)=O)CC(O)=O,332000.0,5.521138084
527,COC(=O)c1cc(O)c(O)c(O)c1,10600.0,4.025305865
528,Nc1c(Cl)cc(cc1Cl)[N+]([O-])=O,7.0,0.84509804
529,[O-][N+](=O)c1cc(cc(c1)[N+]([O-])=O)C(O)=O,1350.0,3.130333768
530,[O-][N+](=O)c1cc(cc(c1)[N+]([O-])=O)[N+]([O-])=O,278.0,2.444044796
531,CC1=CCC(CC1=O)C(C)=C,1300.0,3.113943352
532,Oc1cc(ccc1O)C(O)=O,18200.0,4.260071388
533,[O-][N+](=O)c1cc(Cl)c(Cl)cc1,121.0,2.08278537
534,[O-][N+](=O)c1cccc(c1)C=O,1630.0,3.212187604
535,[O-][N+](=O)c1cc(ccc1)[N+]([O-])=O,533.0,2.726727209
536,CCCC(CCC)C(O)=O,2000.0,3.301029996
537,CCC(C)c1ccc(O)cc1,960.0,2.982271233
538,COC(=O)c1ccc(O)cc1,2500.0,3.397940009
539,Cc1ccc(cc1)C(C)C,23.4,1.369215857
540,CC(=O)c1ccc(N)cc1,3350.0,3.525044807
541,CC(=O)c1ccc(O)cc1,9900.0,3.995635195
542,Cc1ccc(cc1)C(O)=O,340.0,2.531478917
543,Oc1ccc(cc1)C(O)=O,5000.0,3.698970004
544,Cc1ccc(cc1)N(C)C,650.0,2.812913357
545,Cc1ccc(cc1)[N+]([O-])=O,442.0,2.645422269
546,[O-][N+](=O)c1ccc(Cl)cc1,225.0,2.352182518
547,Nc1ccc(cc1)[N+]([O-])=O,728.0,2.862131379
548,[O-][N+](=O)c1ccc(O)cc1,11600.0,4.064457989
549,COc1ccc(cc1)C(O)=O,530.0,2.72427587
550,COc1ccc(cc1)[N+]([O-])=O,590.0,2.770852012
551,[O-][N+](=O)c1ccc(cc1)[N+]([O-])=O,69.0,1.838849091
552,OC(=O)c1ccc(c[n]1)C(O)=O,1200.0,3.079181246
553,C=CC1CC=CCC1,50.0,1.698970004
554,CCc1ccccc1,169.0,2.227886705
555,C=Cc1ccccc1,310.0,2.491361694
556,ClCc1ccccc1,525.0,2.720159303
557,NCc1ccccc1,1000000.0,6.0
558,N#Cc1ccccc1,2000.0,3.301029996
559,OCc1ccccc1,42900.0,4.632457292
560,O=Cc1ccccc1,6950.0,3.841984805
561,OCc1c[n]ccc1,1000000.0,6.0
562,CNc1ccccc1,5620.0,3.749736316
563,NNc1ccccc1,127000.0,5.103803721
564,ONc1ccccc1,40000.0,4.602059991
565,COc1ccccc1,1040.0,3.017033339
566,CSc1ccccc1,506.0,2.704150517
567,CCc1cccc[n]1,340000.0,5.531478917
568,O=NN1CCCCC1,76500.0,4.883661435
569,Cc1cc(C=C)ccc1,89.0,1.949390007
570,Oc1cc(C=O)ccc1,7190.0,3.85672889
571,Clc1ccccc1Nc1[n]c(Cl)[n]c(Cl)[n]1,8.0,0.903089987
572,CC(C)OC(=O)Nc1cccc(Cl)c1,89.0,1.949390007
573,O=C(Nc1cc(Cl)ccc1)OCC#CCCl,11.0,1.041392685
574,CN(C)C(=O)Nc1ccccc1,4030.0,3.605305046
575,Nc1ccc(Cc2ccc(N)cc2)cc1,1000.0,3.0
576,C(c1ccccc1)c1ccccc1,14.1,1.149219113
577,c1ccccc1Oc1ccccc1,18.0,1.255272505
578,CCCN(CCC)CCC,748.0,2.873901598
579,CC(=O)OC(COC(C)=O)COC(C)=O,58000.0,4.763427994
580,CCCCN(CCCC)CCCC,142.0,2.152288344
581,C(Cc1ccccc1)c1ccccc1,4.3,0.633468456
582,c1ccccc1/C=C/c1ccccc1,0.29,-0.537602002
583,c1ccccc1N=Nc1ccccc1,6.4,0.806179974
584,CCOC(=O)C=Cc1ccccc1,178.0,2.250420002
585,C(OCc1ccccc1)c1ccccc1,40.0,1.602059991
586,CCCc1ccccc1,52.2,1.717670503
587,O=CNc1ccccc1,28600.0,4.456366033
588,CCOc1ccccc1,569.0,2.755112266
589,OC(=O)Cc1ccccc1,16600.0,4.220108088
590,CC(=O)Nc1ccccc1,6390.0,3.805500858
591,NC(=S)Nc1ccccc1,2470.0,3.392696953
592,CC(=O)Nc1ccc(O)cc1,14000.0,4.146128036
593,COc1ccc(C=CC(=O)OCCOCC)cc1,500.0,2.698970004
594,OCC(O)COc1ccc(Cl)cc1,10000.0,4.0
595,CC=Cc1ccc(cc1)OC,111.0,2.045322979
596,CCCCc1ccccc1,11.8,1.071882007
597,O=CC=Cc1ccccc1,1420.0,3.152288344
598,CCCCC(CN)CC,2500.0,3.397940009
599,CCCCC(CO)CC,880.0,2.944482672
600,Cc1ccc(C=O)cc1,2271.0,3.356217134
601,OC(=O)/C=C/c1c[nH]c[n]1,1500.0,3.176091259
602,CCc1ccc(CC)cc1,24.8,1.394451681
603,CCCC(C)CO,6000.0,3.77815125
604,CCC(=O)OCC,19200.0,4.283301229
605,CCOC(=O)NC,690000.0,5.838849091
606,CC(=O)CC(=O)OC,500000.0,5.698970004
607,CCC(C)OC(C)=O,6200.0,3.792391689
608,CCOC(=O)CC(=O)OCC,23200.0,4.365487985
609,CCOC(=O)CCC,4900.0,3.69019608
610,CCOC(=O)CC#N,20000.0,4.301029996
611,CC(OCC)OCC,44000.0,4.643452676
612,CCOC(=O)OCC,18800.0,4.274157849
613,O=C1CCCCCN1,772000.0,5.8876173
614,CCCOC(=O)CCC,1620.0,3.209515015
615,Cc1cc(C)c(O)cc1,7870.0,3.895974732
616,CCCCCCC(=O)OCC,290.0,2.462397998
617,CCCCCCCC(=O)OCC,70.07,1.845532117
618,CCCCC(=O)CC,4300.0,3.633468456
619,CCC(=O)OCCC,5302.0,3.724439723
620,Brc1ccc(Br)cc1,20.0,1.301029996
621,Cc1ccc(Br)cc1,110.0,2.041392685
622,Clc1ccc(Br)cc1,44.9,1.652246341
623,Oc1ccc(Br)cc1,14000.0,4.146128036
624,Cc1ccc(C)cc1,162.0,2.209515015
625,Cc1ccc(Cl)cc1,106.0,2.025305865
626,Cc1ccc(O)cc1,21500.0,4.33243846
627,Clc1ccc(Cl)cc1,81.3,1.910090546
628,Nc1ccc(Cl)cc1,3900.0,3.591064607
629,Oc1ccc(Cl)cc1,24000.0,4.380211242
630,Cc1ccc(N)cc1,6500.0,3.812913357
631,Nc1ccc(N)cc1,37000.0,4.568201724
632,O=C1C=CC(=O)C=C1,11100.0,4.045322979
633,CC(C)COC(=O)C=C,2000.0,3.301029996
634,CCCCCC(=O)OC,1327.0,3.122870923
635,CCC1CO1,95000.0,4.977723605
636,ClCC1CO1,65900.0,4.818885415
637,C=CCOCC1CO1,141000.0,5.149219113
638,BrCCBr,3910.0,3.592176757
639,CCCBr,2450.0,3.389166084
640,C=CCBr,3830.0,3.583198774
641,CCCC,61.2,1.786751422
642,CCC=C,221.0,2.344392274
643,C=CC=C,735.0,2.866287339
644,CCC#C,2870.0,3.457881897
645,C=CC=O,212000.0,5.326335861
646,ClCCBr,6900.0,3.838849091
647,C=CCCl,3370.0,3.527629901
648,ClCCCl,8600.0,3.934498451
649,OCCCl,1000000.0,6.0
650,CCCI,1070.0,3.029383778
651,CCCN,1000000.0,6.0
652,C=CCN,1000000.0,6.0
653,CCC#N,103000.0,5.012837225
654,C=CC#N,74500.0,4.872156273
655,C=CCO,1000000.0,6.0
656,C#CCO,1000000.0,6.0
657,OCCO,1000000.0,6.0
658,COC=O,230000.0,5.361727836
659,NCCS(O)(=O)=O,80700.0,4.906873535
660,NC(=O)OCC(Cl)(Cl)Cl,10000.0,4.0
661,CC(C)CCBr,196.4,2.293141483
662,CCCC(C)C,14.0,1.146128036
663,CCCC(C)=O,43000.0,4.633468456
664,NC(=O)CC#N,130000.0,5.113943352
665,CCCC(O)=O,60000.0,4.77815125
666,NCCC(O)=O,545000.0,5.736396502
667,CNCC(O)=O,300000.0,5.477121255
668,CCC[N+]([O-])=O,15000.0,4.176091259
669,CC(=O)OC=C,20000.0,4.301029996
670,CC(C)CC(C)C,5.5,0.740362689
671,CC(C)CC(C)=O,19000.0,4.278753601
672,CC(C)CC(C)O,16400.0,4.214843848
673,CC(C)NC(C)C,110000.0,5.041392685
674,CC(C)OC(C)C,8800.0,3.944482672
675,CC(C)OC(C)=O,30900.0,4.489958479
676,CC(=O)OC(C)=O,120000.0,5.079181246
677,C=C1C=CC(=O)O1,10000.0,4.0
678,CC1COC(=O)O1,175000.0,5.243038049
679,Brc1cc(Br)ccc1,67.5,1.829303773
680,Clc1cc(Br)ccc1,118.0,2.071882007
681,Cc1cc(C)ccc1,161.0,2.206825876
682,Cc1cc(O)ccc1,22700.0,4.356025857
683,Nc1cc(Cl)ccc1,5400.0,3.73239376
684,Oc1cc(Cl)ccc1,26000.0,4.414973348
685,Cc1cc(N)ccc1,15000.0,4.176091259
686,Nc1cc(N)ccc1,238000.0,5.376576957
687,Oc1cc(O)ccc1,717000.0,5.855519156
688,Cc1cc(C)[n]cc1,350000.0,5.544068044
689,Cc1cccc(C)[n]1,300000.0,5.477121255
690,CC(CCl)OC(C)CCl,1700.0,3.230448921
691,CCOC(=O)CC(C)C,2000.0,3.301029996
692,COCC(C)OC(C)=O,198000.0,5.29666519
693,Cc1cc(C)cc(C)c1,48.2,1.683047038
694,Cc1cc(O)cc(C)c1,4880.0,3.688419822
695,Clc1cc(Cl)cc(Cl)c1,6.01,0.778874472
696,Oc1cc(O)cc(O)c1,10600.0,4.025305865
697,Cc1cc(C)[n]c(C)c1,35000.0,4.544068044
698,CC(C)CC(O)CC(C)C,445.0,2.648360011
699,CC(C)CC(=O)CC(C)C,2640.0,3.421603927
700,CC(C)CC(C)OC(C)=O,1300.0,3.113943352
701,BrC1CCCCC1,828.0,2.918030337
702,Brc1ccccc1,446.0,2.649334859
703,CC1CCCCC1,14.0,1.146128036
704,Cc1ccccc1,526.0,2.720985744
705,Cc1cc[n]cc1,1000000.0,6.0
706,Clc1ccccc1,498.0,2.697229343
707,NC1CCCCC1,1000000.0,6.0
708,OC1CCCCC1,42000.0,4.62324929
709,O=C1CCCCC1,25000.0,4.397940009
710,Oc1ccccc1,82800.0,4.918030337
711,Sc1ccccc1,835.0,2.921686475
712,Cc1c[n]ccc1,1000000.0,6.0
713,Oc1c[n]ccc1,33300.0,4.522444234
714,CN1CCOCC1,1000000.0,6.0
715,Brc1cccc[n]1,20800.0,4.318063335
716,Cc1cccc[n]1,1000000.0,6.0
717,CC1CNCCN1,435000.0,5.638489257
718,Cc1c[n]cc[n]1,1000000.0,6.0
719,Clc1cccc[n]1,20000.0,4.301029996
720,CC(=C)C(=O)OCCOCCOCCOC(=O)C(C)=C,3600.0,3.556302501
721,CCCC(=O)OCCCC,500.0,2.698970004
722,CCCCC(O)=O,24000.0,4.380211242
723,C=CCNC(N)=S,59000.0,4.770852012
724,CC(C)OCCO,1000000.0,6.0
725,CCCOC(C)=O,18900.0,4.276461804
726,BrCCCBr,1700.0,3.230448921
727,CCCCBr,869.0,2.939019776
728,CCCCC,38.0,1.579783597
729,CCCC=C,148.0,2.170261715
730,CC=CCC,203.0,2.307496038
731,CCCCCl,1100.0,3.041392685
732,ClCCCBr,2240.0,3.350248018
733,CCCCN,1000000.0,6.0
734,CCCC#N,33000.0,4.51851394
735,N#CCC#N,133000.0,5.123851641
736,CCCCS,597.0,2.775974331
737,COCCO,1000000.0,6.0
738,COCOC,244000.0,5.387389826
739,CCNCC,1000000.0,6.0
740,CCOC=C,10000.0,4.0
741,C=COC=C,7690.0,3.88592634
742,CCOC=O,88200.0,4.945468585
743,c1ccc[nH]1,45000.0,4.653212514
744,C1CCCO1,1000000.0,6.0
745,c1ccco1,10000.0,4.0
746,c1ccc[s]1,3010.0,3.478566496
747,CC(C)(C)OOC(C)(C)C,100.0,2.0
748,CC(C)CCC(C)=O,5400.0,3.73239376
749,OC(=O)CCC(O)=O,83200.0,4.920123326
750,CC(C)COC(C)=O,6300.0,3.799340549
751,CCCCCCCCCC(=O)OCC,15.89,1.201123897
752,CCOC(=O)CCCCCCCCC(=O)OCC,80.0,1.903089987
753,CCCCCCCCCC(=O)OC,4.4,0.643452676
754,CCCCCC(C)=O,4300.0,3.633468456
755,C/C=C/C=C/C(O)=O,1910.0,3.281033367
756,CC(C)CCOC=O,3503.0,3.544440137
757,CCCCCBr,127.0,2.103803721
758,CCCCCC,9.5,0.977723605
759,CCCCCN,1000000.0,6.0
760,N#CCCC#N,127000.0,5.103803721
761,CCCCC=O,11700.0,4.068185862
762,COCCOC,1000000.0,6.0
763,CCCOC=O,22000.0,4.342422681
764,CCOCCO,1000000.0,6.0
765,C1CCCCC1,55.0,1.740362689
766,C1CCCC=C1,213.0,2.328379603
767,C1CNCCN1,1000000.0,6.0
768,c1cccc[n]1,1000000.0,6.0
769,C1OCOCO1,175000.0,5.243038049
770,C1CCCCN1,1000000.0,6.0
771,C1COCCN1,1000000.0,6.0
772,OC(=O)CCCC(O)=O,1600000.0,6.204119983
773,CC(O)CNCC(C)O,860000.0,5.934498451
774,CCCCCCCC(=O)OC,64.4,1.808885867
775,CCCCCCC(C)=O,899.0,2.953759692
776,CCCCCCC(O)=O,2818.0,3.449940989
777,CCOCCOC(C)=O,187000.0,5.271841607
778,OC(=O)CCCCCC(O)=O,50000.0,4.698970004
779,OC(=O)CCSCCC(O)=O,37170.0,4.570192561
780,OC(=O)CCCCCCCCC(O)=O,1000.0,3.0
781,CCCCCCBr,25.7,1.409933123
782,CCCCCCN,12000.0,4.079181246
783,CCCCCCO,5900.0,3.770852012
784,CCCCOC=C,3000.0,3.477121255
785,OCCNCCO,1000000.0,6.0
786,CCCOCCC,4900.0,3.69019608
787,ClCCOCCCl,17200.0,4.235528447
788,CC(=O)OCCOC(C)=O,178000.0,5.250420002
789,CCCCCCCC,0.66,-0.180456064
790,CCCCCCC=C,4.1,0.612783857
791,N#CCCCCC#N,80000.0,4.903089987
792,CCCCCCCO,1670.0,3.222716471
793,CCCCCCC=O,1250.0,3.096910013
794,CCCCOCCO,1000000.0,6.0
795,CCCCCCCCBr,1.67,0.222716471
796,CCCCCCCCC,0.22,-0.657577319
797,CCCCCCCCO,540.0,2.73239376
798,CCOCCOCCO,1000000.0,6.0
799,CCCCNCCCC,3500.0,3.544068044
800,COCCOCCOC,1000000.0,6.0
801,CCCCCCCCC(O)=O,284.0,2.45331834
802,NCCNCCNCCN,4772000.0,6.678700435
803,CCCCCCOCCO,9900.0,3.995635195
804,ClCCOCCOCCCl,18900.0,4.276461804
805,CCCCCCCCCCO,37.0,1.568201724
806,CCOCCOCCOCC,1000000.0,6.0
807,CCCCCCCCCCC(O)=O,52.2,1.717670503
808,C=CCCCCCCCCC(O)=O,73.7,1.867467488
809,CCCCCCCCCCCC,0.0037,-2.431798276
810,CCCCOCCOCCCC,2000.0,3.301029996
811,CCCCCCCCCCCCO,4.0,0.602059991
812,NCCNCCNCCNCCN,6535000.0,6.815245592
813,CCCCCCCCCCCCCCO,0.191,-0.718966633
814,CCCCOCCOCCOCCCC,3000.0,3.477121255
815,CCCCCCCCCCCCCCCCCCO,0.0011,-2.958607315
816,CNC(=O)Oc1ccccc1OC(C)C,1860.0,3.269512944
817,COC,46000.0,4.662757832
818,CC(C)=C,263.0,2.419955748
819,CC(C)(O)C#C,1000000.0,6.0
820,OCC(Cl)(Cl)Cl,83300.0,4.920645001
821,CC(C)(S(=O)(=O)CC)S(=O)(=O)CC,13800.0,4.139879086
822,FC1(F)C(F)(F)C(F)(F)C1(F)F,23.63,1.373463722
823,OC(c1ccc(Cl)cc1)(c1ccc(Cl)cc1)C(Cl)(Cl)Cl,0.8,-0.096910013
824,C=CCC1(c2ccccc2)C(=O)NC(=O)NC1=O,1720.0,3.235528447
825,OCC(CO)(CO)CO,72300.0,4.859138297
826,O=P(Oc1ccccc1)(Oc1ccccc1)Oc1ccccc1,1.9,0.278753601
827,COP(=O)(Oc1ccccc1)Oc1ccccc1,2000.0,3.301029996
828,CS(=O)c1ccc(cc1)OP(=S)(OCC)OCC,2000.0,3.301029996
829,CCNC(=O)CSP(=S)(OC)OC,8500.0,3.929418926
830,CNC(=O)ON=CC(C)(C)SC,6030.0,3.780317312
831,[O-][N+](=O)c1c(Cl)c(Cl)cc(Cl)c1Cl,2.09,0.320146286
832,OC(=O)C(c1ccccc1)c1ccccc1,127.0,2.103803721
833,O=C1c2ccccc2C(=O)C(Cl)=C1Cl,8.0,0.903089987
834,CCCCC(COC(=O)c1ccccc1C(=O)OCC(CCCC)CC)CC,0.27,-0.568636236
835,CN1CCN(CCCN2c3ccccc3Sc3ccc(cc23)C(F)(F)F)CC1,12.2,1.086359831
836,Oc1ccccc1C(=O)Oc1ccccc1,150.0,2.176091259
837,CC1OC=CC(=O)C=1O,10900.0,4.037426498
838,Clc1c(Cl)c(Cl)c(Cl)c(Cl)c1Cl,0.0062,-2.207608311
839,Oc1c(Br)cc(Br)cc1Br,70.0,1.84509804
840,Cc1ccccc1C(O)=O,1180.0,3.071882007
841,OC(=O)c1ccccc1Cl,2090.0,3.320146286
842,Nc1ccccc1C(O)=O,3500.0,3.544068044
843,Cc1c(cc(cc1[N+]([O-])=O)[N+]([O-])=O)[N+]([O-])=O,115.0,2.06069784
844,COc1ccc(cc1[N+]([O-])=O)[N+]([O-])=O,155.0,2.190331698
845,Cc1cc(c(O)cc1)[N+]([O-])=O,633.0,2.80140371
846,COC(=O)c1ccccc1O,700.0,2.84509804
847,OC(C(=O)c1ccccc1)c1ccccc1,300.0,2.477121255
848,O=C(c1ccccc1)c1ccccc1,137.0,2.136720567
849,C1CCCc2ccccc21,47.0,1.672097858
850,c1[n]ccc2ccccc21,4520.0,3.655138435
851,CNc1ccccc1C(O)=O,200.0,2.301029996
852,COc1cc(ccc1N)-c1cc(OC)c(N)cc1,60.0,1.77815125
853,c1cc([n]c2ccccc21)-c1ccc2ccccc2[n]1,1.02,0.008600172
854,OCCN(CCO)c1ccccc1,33400.0,4.523746467
855,c1c2ccccc2cc2ccccc21,0.0434,-1.36251027
856,Oc1ccc(Cl)cc1Cc1ccccc1,149.0,2.173186268
857,CC(Oc1ccc(Cl)cc1Cl)C(O)=O,350.0,2.544068044
858,CCOC(=O)c1ccc(O)cc1,885.0,2.946943271
859,O=Cc1cc2OCOc2cc1,3500.0,3.544068044
860,c1cccc2[nH]ccc21,3560.0,3.551449998
861,Oc1ccccc1O,461000.0,5.663700925
862,Clc1cc(Cl)c(Cl)cc1,49.0,1.69019608
863,Oc1ccc(Cl)cc1Cl,5550.0,3.744292983
864,Cc1ccc(cc1[N+]([O-])=O)[N+]([O-])=O,200.0,2.301029996
865,COc1cc(C=O)ccc1O,11000.0,4.041392685
866,COc1cc(ccc1O)C(O)=O,1500.0,3.176091259
867,CCN(CC)CC,68600.0,4.836324116
868,CC(=O)Nc1ccc(cc1)S(N)(=O)=O,5300.0,3.72427587
869,CN(C)c1ccccc1,1450.0,3.161368002
870,[O-][N+](=O)c1cccc(Cl)c1,273.0,2.436162647
871,CCOC(=O)C(CC(=O)OCC)SP(=S)(OC)OC,143.0,2.155336037
872,CCCOC(=O)c1cc(O)c(O)c(O)c1,3500.0,3.544068044
873,[O-][N+](=O)N1CN(CN(C1)[N+]([O-])=O)[N+]([O-])=O,59.7,1.775974331
874,OC(=O)c1cc(ccc1)C(O)=O,130.0,2.113943352
875,[O-][N+](=O)c1cc(ccc1)C(O)=O,3580.0,3.553883027
876,COC(=O)c1ccc(cc1)OC,643.0,2.808210973
877,COc1[n]c(cc(NS(=O)(=O)c2ccc(N)cc2)[n]1)OC,343.0,2.53529412
878,Cc1cc(ccc1[N+]([O-])=O)OP(=S)(OC)OC,38.0,1.579783597
879,CN(C)C(=O)OC1CC(C)(C)CC(=O)C=1,30000.0,4.477121255
880,CCNc1[n]c(Cl)[n]c(NCC)[n]1,6.2,0.792391689
881,c1ccccc1Nc1ccccc1,53.0,1.72427587
882,CC(C)OC(=O)Nc1ccccc1,179.0,2.252853031
883,OC(=O)COc1ccccc1,12000.0,4.079181246
884,C(Oc1ccccc1)C1CO1,2400.0,3.380211242
885,OC(=O)COc1ccc(Cl)cc1,957.0,2.980911938
886,OCCCc1ccccc1,5680.0,3.754348336
887,OCCOc1ccccc1,26700.0,4.426511261
888,CCCCC(CCl)CC,100.0,2.0
889,CCc1ccc(O)cc1,4900.0,3.69019608
890,Oc1ccc(C=O)cc1,8450.0,3.926856709
891,COc1ccc(C=O)cc1,4290.0,3.632457292
892,CCCC(=O)CCC,3200.0,3.505149978
893,OC(=O)CCC(=O)OOC(=O)CCC(O)=O,33300.0,4.522444234
894,CCOC(=O)CCC(=O)OCC,19100.0,4.281033367
895,CCCCCCCCC(=O)OCC,29.48,1.469527479
896,Nc1ccc(O)cc1,16000.0,4.204119983
897,Oc1ccc(O)cc1,72000.0,4.857332496
898,O=C1C=CC(=O)NN1,4507.0,3.653887558
899,CCC=O,306000.0,5.485721426
900,CC(C)CCO,26700.0,4.426511261
901,CC(=O)CC(C)=O,166000.0,5.220108088
902,O=C1CCC(=O)N1,196000.0,5.292256071
903,CC1OC(C)OC(C)O1,112000.0,5.049218023
904,CCCCCC(=O)OCC,628.6,2.798374377
905,CCCC=O,71000.0,4.851258349
906,C/C=C/C=O,150000.0,5.176091259
907,C1CCCN1,1000000.0,6.0
908,CCCCOC(C)=O,8400.0,3.924279286
909,C1COCCO1,1000000.0,6.0
910,CC(C)CCOC(C)=O,2000.0,3.301029996
911,OC(=O)CCCCCCCC(O)=O,2400.0,3.380211242
912,C=CCNCC=C,86000.0,4.934498451
913,OC(=O)CCCCC(O)=O,30800.0,4.488550717
914,CCCCCCCC(O)=O,789.0,2.897077003
915,NCCCCCCN,2464000.0,6.391640703
916,CCCCCCCC=C,1.12,0.049218023
917,CCCCCCCC=O,560.0,2.748188027
918,CCCCOCCOCCOC(C)=O,31000.0,4.491361694
919,CCCCCCCCC=O,96.0,1.982271233
920,CNC,1630000.0,6.212187604
921,ClC(Br)Br,2700.0,3.431363764
922,FC(Br)C(F)(F)F,2270.0,3.356025857
923,C[C@]12C=CC(=O)C=C1CC[C@H]1[C@@H]3C[C@@H](O)[C@](O)(C(=O)CO)[C@@]3(C)C[C@H](O)[C@]21F,80.0,1.903089987
924,CCC1(C(=O)NCNC1=O)c1ccccc1,500.0,2.698970004
925,CC(=O)c1c2OC3=CC(=O)C(C(=O)C3(C)c2c(O)c(C)c1O)C(C)=O,100.0,2.0
926,COC1=CC(=O)C[C@@H](C)[C@@]21Oc1c(Cl)c(cc(OC)c1C2=O)OC,8.64,0.936513742
927,[O-][N+](=O)C(CO)(CO)CO,2200000.0,6.342422681
928,C#CC1(CCCCC1)OC(N)=O,2500.0,3.397940009
929,CCCCOP(=O)(OCCCC)OCCCC,280.0,2.447158031
930,CCSCCSP(=O)(OCC)OCC,2000.0,3.301029996
931,CC(=C)C#N,25400.0,4.404833717
932,NC(=O)NO,1000000.0,6.0
933,ClC(Cl)=C(Cl)Cl,206.0,2.31386722
934,CC(=O)N(C)C,1000000.0,6.0
935,C[C@H](CCC(O)=O)[C@H]1CC[C@H]2[C@H]3[C@H](CC[C@@]21C)[C@@]1(C)CC[C@@H](O)C[C@H]1C[C@@H]3O,54.95,1.739967697
936,COc1c2C(=O)O[C@H]([C@H]3c4c(OC)c5OCOc5cc4CCN3C)c2ccc1OC,300.0,2.477121255
937,Nc1ccc(N)c2c1C(=O)c1ccccc1C2=O,0.33,-0.48148606
938,c1cc2cccc3ccc4cccc1c4c32,0.135,-0.869666232
939,CCCCC1C(=O)N(c2ccccc2)N(c2ccc(O)cc2)C1=O,60.0,1.77815125
940,COC(=O)c1ccccc1C(=O)OC,4000.0,3.602059991
941,CCCOC(=O)c1ccccc1C(=O)OCCC,108.0,2.033423755
942,C=CCOC(=O)c1ccccc1C(=O)OCC=C,182.0,2.260071388
943,CN(C)CCc1cc2OCOc2c(OC)c1CC(=O)c1ccc(OC)c(OC)c1C(O)=O,780.0,2.892094603
944,[O-][N+](=O)c1cc(cc(C2CCCCC2)c1O)[N+]([O-])=O,15.0,1.176091259
945,Oc1ccc2ccccc2c1N=O,1000.0,3.0
946,Oc1c2ccccc2ccc1N=O,500.0,2.698970004
947,OC(=O)c1cc([n]c2ccccc21)-c1ccccc1,160.0,2.204119983
948,c1cccc2oc3ccccc3c21,3.1,0.491361694
949,c1cccc2[s]c3ccccc3c21,1.47,0.167317335
950,OC(=O)c1ccccc1C(=O)Nc1cccc2ccccc21,200.0,2.301029996
951,Oc1cc2ccccc2c(O)c1,1800.0,3.255272505
952,O=C1C2CC=CCC2C(=O)N1SC(Cl)(Cl)Cl,5.1,0.707570176
953,Nc1cc(O)c(cc1)C(=O)Oc1ccccc1,7.0,0.84509804
954,Cc1c(Cl)c(O)cc(C)c1Cl,200.0,2.301029996
955,NS(=O)(=O)c1cc2c(cc1Cl)NC(NS2(=O)=O)C(Cl)Cl,800.0,2.903089987
956,Nc1cc(Cl)cc(C(O)=O)c1Cl,700.0,2.84509804
957,Nc1cccc2ccccc21,1700.0,3.230448921
958,CCc1ccccc1CC,71.1,1.851869601
959,NS(=O)(=O)c1cc2c(cc1C(F)(F)F)NCNS2(=O)=O,300.0,2.477121255
960,Oc1cc2ccccc2cc1,755.0,2.877946952
961,Nc1ccc(cc1)-c1ccc(Cl)cc1,4.684,0.670616886
962,CCC(C)c1ccccc1,17.6,1.245512668
963,CCCCOC(=O)c1ccccc1,59.0,1.770852012
964,CCCCCCc1ccc(O)cc1O,500.0,2.698970004
965,Cc1cc(N)c(C)cc1C,1500.0,3.176091259
966,CCC(C)CO,29700.0,4.472756449
967,CCN(CC(=O)Nc1c(C)cccc1C)CC,4100.0,3.612783857
968,CCCCOC(=O)C(C)O,40000.0,4.602059991
969,OC(=O)C1C[C@@H](O)[C@H](O)[C@H](O)C=1,150000.0,5.176091259
970,CC1CCC(CC=1)C(C)=C,10.685,1.028774527
971,CC(C)Nc1[n]c(Cl)[n]c(NC(C)C)[n]1,8.6,0.934498451
972,Oc1cc(C=O)ccc1O,6310.0,3.800029359
973,CCNC(=O)Nc1[n]cc([s]1)[N+]([O-])=O,300.0,2.477121255
974,OC(=O)/C=C/c1ccccc1,558.0,2.746634199
975,CC(=O)OCc1ccccc1,3100.0,3.491361694
976,COc1ccc(CC=C)cc1,177.8,2.249931757
977,CCOC(=O)C=C,15000.0,4.176091259
978,CCOC(=O)CCCCC(=O)OCC,4230.0,3.626340367
979,CCCCOC(=O)C=C,2000.0,3.301029996
980,NCCO,1000000.0,6.0
981,C/C(=C\C(=O)N(C)C)/OP(=O)(OC)OC,1000000.0,6.0
982,OC(=O)CCI,74300.0,4.870988814
983,CCOC(C)=O,80000.0,4.903089987
984,CC(C)=CC(C)=O,28900.0,4.460897843
985,OC(=O)CC(O)=O,763000.0,5.882524538
986,CCc1cc(CC)ccc1,24.0,1.380211242
987,CC(=O)CC(=O)OCC,110000.0,5.041392685
988,ClCCCCl,2750.0,3.439332694
989,C1CCC=C1,535.0,2.728353782
990,CCCCCC(O)=O,10300.0,4.012837225
991,C1CCCCO1,80200.0,4.904174368
992,CCCCCCC,3.4,0.531478917
993,CCCNCCC,35100.0,4.545307116
994,CCCCCCOC(C)=O,510.5,2.707995746
995,CCCCOCCCC,300.0,2.477121255
996,CCCCCCCCCCCC(O)=O,4.81,0.682145076
997,CCCCCCCCCO,140.0,2.146128036
998,Oc1ccc(cc1)C1(OS(=O)(=O)c2ccccc12)c1ccc(O)cc1,770.0,2.886490725
999,CC(=O)NS(=O)(=O)c1ccc(N)cc1,12500.0,4.096910013
1000,Cc1[n][n]c(NS(=O)(=O)c2ccc(N)cc2)[s]1,1050.0,3.021189299
1001,CC(=O)[C@H]1CC[C@H]2[C@@H]3CC=C4C[C@@H](O)CC[C@]4(C)[C@H]3CC[C@@]21C,7.06,0.848804701
1002,OC(=O)[C@@H]1CCCN1,162000.0,5.209515015
1003,Cc1c(cc(cc1C(N)=O)[N+]([O-])=O)[N+]([O-])=O,1000.0,3.0
1004,Oc1cccc2ccc[n]c21,556.0,2.745074792
1005,OS(=O)(=O)OCCOc1ccc(Cl)cc1Cl,250000.0,5.397940009
1006,Sc1[n]c2ccccc2[s]1,120.0,2.079181246
1007,O[C@H](CO)[C@@H](O)CO,610000.0,5.785329835
1008,CCCCC(CC)C(O)=O,2000.0,3.301029996
1009,OC(=O)c1cc(O)c(O)c(O)c1,11900.0,4.075546961
1010,Nc1ccc(cc1)C(O)=O,6110.0,3.78604121
1011,CN(C)C(=O)Nc1ccc(Cl)cc1,230.0,2.361727836
1012,CCOc1ccc(cc1)NC(N)=O,1210.0,3.08278537
1013,COc1ccc(O)cc1,40000.0,4.602059991
1014,FC(F)(F)C(Cl)Br,4070.0,3.609594409
1015,O=NN(CCCl)C(=O)NCCCl,4000.0,3.602059991
1016,c1cc2ccc3cccc4c3c2c2c3c4cccc3ccc21,0.00026,-3.585026652
1017,c1cc2cccc3c2c2c(cccc21)c1ccccc31,0.0063,-2.200659451
1018,c1ccc2c3c(cccc31)c1cccc3cccc2c31,0.0004,-3.397940009
1019,C1c2cccc3ccc4cccc1c4c32,1.1,0.041392685
1020,c1cc2c(c3ccccc31)-c1cccc3cccc-2c31,0.0025,-2.602059991
1021,c1c2c3c(cccc3-c3ccccc3-2)c2ccccc21,0.0015,-2.823908741
1022,c1ccc2c3c(cccc31)-c1ccccc1-2,0.26,-0.585026652
1023,c1c2-c3cccc4cccc(c43)-c2cc2ccccc21,0.0008,-3.096910013
1024,c1ccc2C=Cc3cccc1c32,16.1,1.206825876
1025,c1c2c3ccccc3c3ccccc3c2cc2ccccc21,0.0016,-2.795880017
1026,c1cccc2c1c1ccccc1c1ccccc12,0.0411,-1.386158178
1027,c1cc2c3ccccc3ccc2c2ccccc21,0.002,-2.698970004
1028,c1c2ccc3ccccc3c2cc2c3ccccc3ccc21,0.00103,-2.987162775
1029,c1[n]c2ccccc2c2ccccc21,300.0,2.477121255
1030,C1c2c3ccccc3ccc2-c2ccccc21,0.0454,-1.342944147
1031,C1c2ccccc2-c2cc3ccccc3cc21,0.004,-2.397940009
1032,c1[n][n]cc2ccccc21,50000.0,4.698970004
1033,c1c2ccccc2[n]c2ccccc21,38.4,1.584331224
1034,c1cccc2Oc3ccccc3Oc21,0.901,-0.045275209
1035,c1[n][nH]c2ccccc21,826.0,2.916980047
1036,c1[n]c2ccccc2o1,8340.0,3.921166051
1037,C1CN2CCN1CC2,450000.0,5.653212514
1038,C1CCCC1,156.0,2.193124598
1039,c1ccc[n][n]1,1000000.0,6.0
1040,c1[n]ccc[n]1,1000000.0,6.0
1041,C1CCCCCC1,30.0,1.477121255
1042,C1CCCCCCC1,7.9,0.897627091
1043,CCOP(=S)(Oc1c[n]cc[n]1)OCC,1140.0,3.056904851
1044,COP(=S)(Oc1ccc(cc1)[N+]([O-])=O)OC,37.7,1.57634135
1045,CCSCSP(=S)(OCC)OCC,50.0,1.698970004
1046,CCSCCOP(=S)(OCC)OCC,60.0,1.77815125
1047,CCSCCSP(=S)(OCC)OCC,16.3,1.212187604
1048,COc1c2OC(=O)C=Cc2cc2ccoc21,47.56,1.677241846
1049,C[C@H](NC)[C@H](O)c1ccccc1,63600.0,4.803457116
1050,COP(=S)(Oc1cc(Cl)c(Cl)cc1Cl)OC,1.0,0.0
1051,COP(=S)(NC(C)C)Oc1ccc(Cl)cc1Cl,5.0,0.698970004
1052,COP(=O)(NC)Oc1ccc(cc1Cl)C(C)(C)C,200.0,2.301029996
1053,COP(=O)(OC(Br)C(Cl)(Cl)Br)OC,1.5,0.176091259
1054,CC(N)C(O)=O,166000.0,5.220108088
1055,OC(=O)c1c(O)cccc1O,9560.0,3.980457892
1056,"ClC1(Cl)[C@@]2(Cl)[C@@H]3[C@@H]4C[C@@H](C=C4)[C@@H]3[C@]1(Cl)C(Cl)=C2Cl |&1:3,5,6,8,11,12|",0.017,-1.769551079
1057,CCOP(=O)(Oc1ccc(cc1)[N+]([O-])=O)OCC,3640.0,3.561101384
1058,CC1NC(=O)N(C(C)CC)C(=O)C=1Br,815.0,2.911157609
1059,CN(C)c1c(C)cc(cc1C)OC(=O)NC,100.0,2.0
1060,Oc1[n]c[n]c2[nH][n]cc21,569.0,2.755112266
1061,Fc1cc(F)c(F)cc1F,631.8,2.800579622
1062,CCP(=S)(Oc1cc(Cl)c(Cl)cc1Cl)OCC,0.59,-0.229147988
1063,[O-][N+](=O)c1ccc(cc1O)[N+]([O-])=O,385.0,2.58546073
1064,CN(C)C(=O)Nc1cc(Cl)c(Cl)cc1,42.0,1.62324929
1065,CON(C)C(=O)Nc1cc(Cl)c(Cl)cc1,75.0,1.875061263
1066,Cc1cc([n]c([n]1)C(C)C)OP(=S)(OCC)OCC,40.0,1.602059991
1067,CCCCCCCCCC(O)=O,61.8,1.790988475
1068,CCCCNC(=O)NS(=O)(=O)c1ccc(N)cc1,535.0,2.728353782
1069,Fc1ccccc1CCl,416.0,2.619093331
1070,Fc1ccccc1Cl,501.3,2.700097705
1071,Fc1ccc(CCl)cc1,413.0,2.615950052
1072,Fc1ccc(I)cc1,166.2,2.220631019
1073,CCSCC,3130.0,3.495544338
1074,COc1cc2c(cc1OC)N1[C@H]3[C@@H]4[C@H](CC1=O)OCC=C1CN5CC[C@]23[C@@H]5C[C@@H]14,3200.0,3.505149978
1075,COc1cc(N)c(Cl)cc1C(=O)NCCN(CC)CC,200.0,2.301029996
1076,c1ccc[n]c1-c1cccc[n]1,5930.0,3.773054693
1077,Fc1ccccc1F,11400.0,4.056904851
1078,OCCF,1000000.0,6.0
1079,Fc1cc(F)ccc1,1140.0,3.056904851
1080,[O-][N+](=O)c1cc(ccc1O)C(F)(F)F,650.0,2.812913357
1081,C=COCC(F)(F)F,4193.0,3.622524862
1082,CC(=O)[C@@]1(O)CC[C@H]2[C@@H]3C[C@H](C)C4=CC(=O)C=C[C@]4(C)[C@@]3(F)[C@@H](O)C[C@]12C,30.0,1.477121255
1083,CC(=O)C(C)=O,200000.0,5.301029996
1084,C[C@]12CC[C@H]3[C@@H](CCC4=CC(=O)CC[C@@]43C)[C@@H]1CC[C@@]2(O)C#C,0.6874,-0.162790472
1085,C[C@H](CCC(O)=O)[C@H]1CC[C@H]2[C@@H]3CC[C@@H]4C[C@H](O)CC[C@]4(C)[C@H]3CC[C@@]21C,0.3766,-0.424119684
1086,CN1C(=O)CN=C(c2cc(Cl)ccc12)c1ccccc1,50.0,1.698970004
1087,CC(=O)NCc1c(I)c(NC(C)=O)c(I)c(C(O)=O)c1I,3000.0,3.477121255
1088,OC(=O)c1ccccc1F,7200.0,3.857332496
1089,[O-][N+](=O)c1ccc(F)cc1O,1400.0,3.146128036
1090,CCOc1cc2[s]c([n]c2cc1)S(N)(=O)=O,40.0,1.602059991
1091,OC(=O)c1cccc(F)c1,1500.0,3.176091259
1092,OC(=O)c1ccc(F)cc1,1200.0,3.079181246
1093,Fc1cc(CCl)ccc1,413.5,2.616475514
1094,CCC[C@H]1CCCCN1,18000.0,4.255272505
1095,NC(=N)NC#N,41300.0,4.615950052
1096,O=C1NCC(=O)N1,39700.0,4.598790507
1097,Cc1[n]c(N)cc(C)[n]1,6400.0,3.806179974
1098,Fc1ccccc1,1540.0,3.187520721
1099,CCOCOCC,70000.0,4.84509804
1100,CC(C)(C)C,33.2,1.521138084
1101,CC(O)C(C)(C)C,23700.0,4.374748346
1102,"CC1(C)[C@@H]2C[C@@H](O)[C@@]1(C)CC2 |&1:3,5,7|",740.0,2.86923172
1103,C[C@@H]1O[C@@H](O[C@H]2CC[C@]3(C)[C@H]4CC[C@]5(C)[C@H](CC[C@]5(O)[C@@H]4CCC3=C2)C2=COC(=O)C=C2)[C@H](O)[C@H](O)[C@H]1O,58.82,1.76952502
1104,CC1(C)OC2(C)CCC1CC2,3500.0,3.544068044
1105,CCOP(=O)(OC(=CCl)c1ccc(Cl)cc1Cl)OCC,124.0,2.093421685
1106,Nc1ccc(cc1)S(=O)(=O)c1c[n]c(N)[s]1,400.0,2.602059991
1107,C[C@]12CC[C@@H]3c4ccc(O)cc4CC=C3[C@@H]1CCC2=O,1.41,0.149219113
1108,COc1c(cc(cc1OC)[C@H]1[C@H]2[C@H](COC2=O)[C@@H](O)c2cc3OCOc3cc21)OC,100.0,2.0
1109,C1Cc2c3c(cc4c5ccccc5ccc24)cccc31,0.0035,-2.455931956
1110,Nc1cccc2cccc(N)c12,850.0,2.929418926
1111,Oc1cc(O)c(cc1)C1Oc2cc(O)cc(O)c2C(=O)C=1O,250.0,2.397940009
1112,Cc1cc(C)c(C(O)=O)c(C)c1,722.5,2.858837851
1113,CC1C(=O)C=C[C@]2(C)CC[C@@H]3[C@H](OC(=O)[C@H]3C)C2=1,200.0,2.301029996
1114,OC(=O)c1ccccc1-c1ccccc1C(O)=O,100.0,2.0
1115,CC(C)=CCc1c2OC(=O)C=Cc2ccc1OC,12.0,1.079181246
1116,Oc1[n]c2[n]cc[n]c2c(O)[n]1,1250.0,3.096910013
1117,OC1[C@@H](O)[C@H](O)C[C@@H](O)[C@@H]1O,110000.0,5.041392685
1118,OC(=O)c1cc[n]cc1C(O)=O,2340.0,3.369215857
1119,Oc1cc(C(O)=O)c(O)cc1,5000.0,3.698970004
1120,C=C(C(O)=O)c1ccccc1,1300.0,3.113943352
1121,C1CCC[C@H](N1)c1c[n]ccc1,1000000.0,6.0
1122,OC(=O)CNC(=O)c1ccccc1,3750.0,3.574031268
1123,Oc1ccccc1/C=N/NC(=O)c1cc[n]cc1,50.0,1.698970004
1124,C1CCc2ccccc21,109.0,2.037426498
1125,CC(CC(O)=O)C(O)=O,666000.0,5.823474229
1126,OC(=O)C(CC(O)=O)=CC(O)=O,333000.0,5.522444234
1127,Cc1ccc(cc1O)C(C)C,1250.0,3.096910013
1128,OC(=O)c1cc(cc[n]1)C(O)=O,2490.0,3.396199347
1129,COP(=S)(Oc1cc(Cl)c(cc1)[N+]([O-])=O)OC,40.0,1.602059991
1130,OC(=O)CCc1ccccc1,5900.0,3.770852012
1131,O=C(CCCl)NCc1ccccc1,100.0,2.0
1132,CCCCC(=O)CCCC,362.7,2.559547556
1133,OS(=O)(=O)CS(O)(=O)=O,2458000.0,6.390581879
1134,CC(C)CC(O)=O,40700.0,4.609594409
1135,OC(=O)CCCCCCC(O)=O,11850.0,4.07371835
1136,OC(=O)CCCCCCCCCCCC(O)=O,1500.0,3.176091259
1137,ClCCSCCCl,684.0,2.835056102
1138,OC(=O)C=CC=CC(O)=O,200.0,2.301029996
1139,CC(C)(C)Br,600.0,2.77815125
1140,CC(C)(C)Cl,2879.0,3.459241665
1141,CC(C)(C)CC(=O)OCC(=O)[C@@]1(O)CC[C@H]2[C@@H]3CCC4=CC(=O)CC[C@]4(C)[C@H]3[C@@H](O)C[C@]12C,1.42,0.152288344
1142,CCC1(C2CCCCCC=2)C(=O)NC(=O)NC1=O,250.0,2.397940009
1143,CCOC(=O)C(O)(c1ccc(Cl)cc1)c1ccc(Cl)cc1,13.0,1.113943352
1144,COP(=O)(OC)OC,500000.0,5.698970004
1145,CC=C(C)C,193.0,2.285557309
1146,CC(=C)C(C)=C,326.0,2.5132176
1147,CC(O)C(C)O,1000000.0,6.0
1148,Cc1c[s]c(NS(=O)(=O)c2ccc(N)cc2)[n]1,2000.0,3.301029996
1149,Cc1cc(NS(=O)(=O)c2ccc(N)cc2)[n]c(C)[n]1,1615.0,3.208172527
1150,CC(C(O)=O)C(O)=O,679000.0,5.831869774
1151,C[C@]12CCc3c4ccc(O)cc4ccc3[C@@H]1CCC2=O,1.52,0.181843588
1152,CC(=O)C1CCOC1=O,200000.0,5.301029996
1153,COc1c(cc(cc1OC)[C@H]1[C@@H]2[C@@H](Cc3c(O)c4OCOc4cc31)COC2=O)OC,13.0,1.113943352
1154,Oc1cc(O)c(C(=O)c2cc(O)c(O)cc2)c(O)c1,5000.0,3.698970004
1155,CC(=O)C1C(=O)C=C(C)OC1=O,690.0,2.838849091
1156,COC1C=CN(C)C(=O)C=1C#N,2700.0,3.431363764
1157,Nc1ccc(cc1)S(=O)(=O)Nc1cc[n][n]1-c1ccccc1,1500.0,3.176091259
1158,Cc1c(C)cccc1C,75.2,1.876217841
1159,Cc1cccc(O)c1C,4569.0,3.659821158
1160,OC[C@@H](O)[C@@H](O)[C@H](O)[C@@H](O)C(O)=O,316000.0,5.499687083
1161,Cc1cc(C)c(O)c(C)c1,1200.0,3.079181246
1162,CC(=O)c1ccc(O)c(O)c1O,1600.0,3.204119983
1163,[O-][N+](=O)c1ccccc1[N+]([O-])=O,133.0,2.123851641
1164,OC(=O)c1ccc(cc1C(O)=O)C(O)=O,21000.0,4.322219295
1165,[O-][N+](=O)c1ccc(cc1[N+]([O-])=O)C(O)=O,6700.0,3.826074803
1166,Oc1c2ccccc2cc2ccccc21,3.593,0.555457217
1167,C=C(c1ccccc1)c1ccccc1,6.6,0.819543936
1168,OC(=O)c1ccccc1Nc1cc(ccc1)C(F)(F)F,9.089,0.958516103
1169,COc1ccccc1OCC(O)COC(N)=O,7200.0,3.857332496
1170,CC(=O)Nc1ccccc1Cl,6750.0,3.829303773
1171,CC(C)CC(=O)N(CC)CC,40000.0,4.602059991
1172,OC(CI)CI,12500.0,4.096910013
1173,Cc1ccco1,3000.0,3.477121255
1174,Cc1cc(cc(c1O)[N+]([O-])=O)[N+]([O-])=O,198.0,2.29666519
1175,CC(C)(C)c1[n][n]c(NS(=O)(=O)c2ccc(N)cc2)[s]1,56.86,1.754806855
1176,OC(=O)c1cccc(Cl)c1,450.0,2.653212514
1177,Cc1cc([n]c(Cl)[n]1)N(C)C,9400.0,3.973127854
1178,CC(C)c1ccc(cc1)C(O)=O,151.0,2.178976947
1179,C#Cc1ccccc1,456.0,2.658964843
1180,CCc1cc[n]cc1,107000.0,5.029383778
1181,CCc1c[n]ccc1,370000.0,5.568201724
1182,Cc1cccc(c1)NC(C)=O,1210.0,3.08278537
1183,NC(=O)NCc1ccccc1,17000.0,4.230448921
1184,CN(C)CCc1ccc(O)cc1,7000.0,3.84509804
1185,OC(=O)C=Cc1ccco1,2000.0,3.301029996
1186,CCCCC(=O)OCC,2208.0,3.343999069
1187,CCOC(=O)NCC(C)C,24810.0,4.394626764
1188,CCCC(=O)OCCCCC,60.0,1.77815125
1189,Fc1ccc(F)cc1,1220.0,3.086359831
1190,OCCBr,1000000.0,6.0
1191,CCCCl,2720.0,3.434568904
1192,ClC=CCl,3500.0,3.544068044
1193,CC(C)CC(C)(C)C,2.44,0.387389826
1194,CC(=O)OC(C)(C)C,8333.0,3.920801382
1195,CCCC(Cl)Cl,501.5,2.700270937
1196,CCCC(N)=O,163000.0,5.212187604
1197,CC(N)CC(O)=O,1000000.0,6.0
1198,Clc1cc(Cl)ccc1,125.0,2.096910013
1199,CC(C)COC=O,10200.0,4.008600172
1200,CCCCI,202.4,2.306210508
1201,ClC=CCCl,2800.0,3.447158031
1202,CC(=O)NCC(O)=O,26300.0,4.419955748
1203,CCCCCC(C)O,3270.0,3.514547753
1204,CC(C)CCOCCC(C)C,200.0,2.301029996
1205,N#CCCCC#N,1000000.0,6.0
1206,C1C=CC=CC=C1,620.0,2.792391689
1207,CCCCCCCCCCCCCC(O)=O,1.07,0.029383778
1208,C=C1CCOC1=O,150000.0,5.176091259
1209,Oc1c(I)cc(c2ccc[n]c12)S(O)(=O)=O,2000.0,3.301029996
1210,CCOC(=O)C(C1C(=O)Oc2ccccc2C=1O)C1C(=O)Oc2ccccc2C=1O,153.0,2.184691431
1211,Cc1ccc(C(C)C)c(O)c1C(O)=O,100.0,2.0
1212,[Cl-].C[N+](C)=C1C=CC(C=C1)=C(c1ccc(cc1)N(C)C)c1ccc(cc1)N(C)C,4000.0,3.602059991
1213,[O-][N+](=O)c1c(O)ccc2ccccc21,200.0,2.301029996
1214,S=C=Nc1cccc2ccccc21,4.63,0.665580991
1215,NCCNc1cccc2ccccc21,2000.0,3.301029996
1216,[O-][N+](=O)c1ccccc1C(O)=O,7850.0,3.894869657
1217,CC(=O)Nc1ccccc1[N+]([O-])=O,2220.0,3.346352974
1218,[O-][N+](=O)c1ccccc1C=O,2320.0,3.365487985
1219,c1c[n]ccc1-c1cc[n]cc1,4530.0,3.656098202
1220,CCCOc1ccc(cc1N)[N+]([O-])=O,136.0,2.133538908
1221,Nc1ccc(Cl)cc1Cl,620.0,2.792391689
1222,CC1C=NC(=O)NC=1N,34500.0,4.537819095
1223,CCC(=O)OC,62400.0,4.79518459
1224,[O-][N+](=O)c1cccc(O)c1,13500.0,4.130333768
1225,COc1cc(ccc1)[N+]([O-])=O,500.0,2.698970004
1226,[O-][N+](=O)c1ccc(cc1)C=O,2340.0,3.369215857
1227,CCCCN(C)C(=O)Nc1cc(Cl)c(Cl)cc1,4.8,0.681241237
1228,NCC(=O)NCC(=O)NCC(O)=O,58500.0,4.767155866
1229,OCC1CO1,1000000.0,6.0
1230,CN=C=S,7600.0,3.880813592
1231,CCCOC,30500.0,4.484299839
1232,C=CCOCC=C,93590.0,4.971229447
1233,BrC(Br)(Br)Br,240.0,2.380211242
1234,CS(=O)(=O)F,30000.0,4.477121255
1235,CN1CC[C@@]23[C@H]4Oc5c2c(C[C@@H]1[C@@H]3C=C[C@@H]4OC(C)=O)ccc5OC(C)=O,600.0,2.77815125
1236,CC(C)(CC)CC,5.92,0.772321707
1237,CCOP(=S)(OCC)SCSP(=S)(OCC)OCC,2.0,0.301029996
1238,CC(C)C=C,130.0,2.113943352
1239,CCC(C)=C,130.4,2.115277591
1240,CC(C)C(C)=O,60800.0,4.783903579
1241,CC[C@H](C)C(C)(C)C,2.4,0.380211242
1242,CC(C)C(C)CC,5.25,0.720159303
1243,CC(CC)C(C)O,19400.0,4.28780173
1244,CCC(C)C(C)=O,20900.0,4.320146286
1245,CC(C)[C@@H](O)CC,20100.0,4.303196057
1246,CCC(=O)C(C)C,15490.0,4.190051418
1247,CC(C(C)C)C(C)C,2.3,0.361727836
1248,CC(C)C(=O)C(C)C,5700.0,3.755874856
1249,COc1ccc2COC(=O)c2c1OC,2500.0,3.397940009
1250,OC(=O)c1[nH]c[n]c1C(O)=O,500.0,2.698970004
1251,Cc1ccc(C)c2ccccc12,11.4,1.056904851
1252,Cc1cccc2c1cccc2C,2.74,0.437750563
1253,[O-][N+](=O)c1cccc(c1O)[N+]([O-])=O,5190.0,3.715167358
1254,Cc1cc2ccccc2c(C)c1,8.0,0.903089987
1255,OC(=O)COc1c(Cl)cc(Cl)cc1Cl,247.8,2.394101302
1256,Oc1cccc(Cl)c1Cl,3600.0,3.556302501
1257,Cc1cccc(C)c1O,6050.0,3.781755375
1258,CC(=O)N(C)c1ccccc1,16700.0,4.222716471
1259,CCc1cccc(CC)c1N,670.0,2.826074803
1260,COc1ccccc1C(O)=O,5000.0,3.698970004
1261,Oc1cc2ccc[n]c2cc1,1000.0,3.0
1262,Cc1cc2ccccc2cc1C,1.99,0.298853076
1263,Cc1cc2ccc(C)cc2cc1,2.0,0.301029996
1264,Oc1cc2ccc(O)cc2cc1,1000.0,3.0
1265,[O-][N+](=O)c1cc2ccccc2cc1,9.24,0.965671971
1266,Brc1ccccc1Br,74.6,1.872738827
1267,CC1CCCCC1C,5.733333333,0.758407192
1268,Cc1c[n]ccc1C,52000.0,4.716003344
1269,Cc1ccc[n]c1C,260000.0,5.414973348
1270,Oc1cc(Cl)ccc1Cl,2000.0,3.301029996
1271,CCC(O)CC,51500.0,4.711807229
1272,CC(=C)C(=O)OC(C)(C)C,1000.0,3.0
1273,OC(=O)c1cccc(Br)c1,402.0,2.604226053
1274,[O-][N+](=O)c1cc(O)cc(c1)[N+]([O-])=O,4000.0,3.602059991
1275,OC(=O)c1ccc(Br)cc1,60.0,1.77815125
1276,COCc1ccc(o1)[N+]([O-])=O,11000.0,4.041392685
1277,CCCOC(=O)CN1C=C(I)C(=O)C(I)=C1,140.0,2.146128036
1278,OC(=O)COc1cc(Cl)c(Cl)cc1,457.0,2.6599162
1279,Cc1ccc(CO)cc1,7710.0,3.887054378
1280,CCC(C)CCC,4.95,0.694605199
1281,CCC(C)CCO,4300.0,3.633468456
1282,CCC(=O)CCC,14700.0,4.167317335
1283,CCCC(O)CCC,4700.0,3.672097858
1284,CCCCC(C)CC,0.792,-0.101274818
1285,Brc1ccc(I)cc1,7.79,0.891537458
1286,CC1CCC(C)CC1,3.84,0.584331224
1287,CC1CCC(O)CC1,15000.0,4.176091259
1288,Cc1c[n]c(C)cc1,270000.0,5.431363764
1289,CCCCOC(=O)CC,1500.0,3.176091259
1290,CCCC(C)(C)C,4.4,0.643452676
1291,CCCC(C)(C)O,32400.0,4.51054501
1292,CC1=CCC(=O)O1,50000.0,4.698970004
1293,Cc1cc(Br)ccc1,51.3,1.710117365
1294,Oc1cc(Br)ccc1,23000.0,4.361727836
1295,CC1CC(=O)CCC1,1500.0,3.176091259
1296,Nc1cc(O)ccc1,27000.0,4.431363764
1297,Oc1cc(Cl)cc(Cl)c1,5380.0,3.730782276
1298,CC1CCCCC=1,52.0,1.716003344
1299,Ic1ccccc1,340.0,2.531478917
1300,CCCCC(C)C,2.54,0.404833717
1301,CCCCC(C)=O,17200.0,4.235528447
1302,C=CCC=C,558.0,2.746634199
1303,CC=CCCl,1000.0,3.0
1304,CCCCOC(N)=O,25800.0,4.411619706
1305,CCCCC=C,50.0,1.698970004
1306,C=CCCC=C,169.0,2.227886705
1307,CCCCCC=C,18.2,1.260071388
1308,CC=CCCCC,15.0,1.176091259
1309,CCCCOC=O,7558.0,3.878406888
1310,CF,22700.0,4.356025857
1311,C=CBr,5680.0,3.754348336
1312,CC(C)C(C)(C)O,43510.0,4.638589083
1313,CC(C)(C)C(C)(C)O,22000.0,4.342422681
1314,CC(=O)[C@]1(CC[C@H]2[C@@H]3C=C(C)C4=CC(=O)CC[C@]4(C)[C@H]3CC[C@]12C)OC(C)=O,2.0,0.301029996
1315,CCC(C)(O)C(C)C,16400.0,4.214843848
1316,CC(C)(C(O)=O)C(O)=O,90000.0,4.954242509
1317,CCS(=O)(=O)CC,135000.0,5.130333768
1318,CCC(O)(CC)CC,16800.0,4.225309282
1319,CC[C@@](C)(O)CCC,11900.0,4.075546961
1320,CNC(N)=O,1000000.0,6.0
1321,COC(C)C,65000.0,4.812913357
1322,COC(N)=O,691000.0,5.839478047
1323,CC(C)C(C)O,56000.0,4.748188027
1324,Cc1c[n]c(NS(=O)(=O)c2ccc(N)cc2)[n]c1,400.0,2.602059991
1325,CCC(Cl)[N+]([O-])=O,8000.0,3.903089987
1326,CC(C)C(O)C(C)C,7000.0,3.84509804
1327,CCC(C(O)=O)C(O)=O,712000.0,5.852479994
1328,CC(C)N(N=O)C(C)C,13000.0,4.113943352
1329,[O-][N+](=O)c1c(O)cccc1O,1310.0,3.117271296
1330,[O-][N+](=O)c1c2ccccc2cc2ccccc21,0.114,-0.943095149
1331,[O-][N+](=O)c1cccc(c1C(O)=O)C(O)=O,20100.0,4.303196057
1332,CC(C)OC(=O)c1ccccc1C(=O)OC(C)C,332.0,2.521138084
1333,Cc1c(cccc1[N+]([O-])=O)[N+]([O-])=O,182.0,2.260071388
1334,COc1c(cc(cc1[N+]([O-])=O)[N+]([O-])=O)[N+]([O-])=O,200.0,2.301029996
1335,[O-][N+](=O)c1cc2Cc3ccccc3-c2cc1,0.216,-0.665546249
1336,Clc1c(Cl)c(Cl)cc(Cl)c1Cl,0.831,-0.080398976
1337,Oc1ccc(C(O)=O)c(O)c1O,1000.0,3.0
1338,[O-][N+](=O)c1cc(ccc1C(O)=O)[N+]([O-])=O,18200.0,4.260071388
1339,Cc1cc(c(cc1)[N+]([O-])=O)[N+]([O-])=O,100.0,2.0
1340,Cc1ccccc1CC,74.6,1.872738827
1341,O=C1C=CNc2ccccc21,4800.0,3.681241237
1342,Cc1cc2cc3ccccc3cc2cc1,0.0213,-1.671620397
1343,Nc1cc2cc3ccccc3cc2cc1,1.3,0.113943352
1344,O=C(NC(=O)c1ccccc1)c1ccccc1,1200.0,3.079181246
1345,OC(=O)COc1ccccc1Cl,1280.0,3.10720997
1346,CC(=O)Nc1ccccc1O,880.0,2.944482672
1347,Cc1[nH]c2ccccc2[n]1,1450.0,3.161368002
1348,CSc1[n]c2ccccc2[s]1,125.0,2.096910013
1349,Clc1ccccc1I,68.77,1.837399024
1350,Ic1ccccc1I,18.99,1.278524965
1351,Brc1cc(Br)c(Br)cc1,4.898,0.690018781
1352,Oc1ccc(Br)cc1Br,1900.0,3.278753601
1353,CN1C=CC(=O)NC1=O,20000.0,4.301029996
1354,CCC(Cl)CC,249.5,2.39707055
1355,CCC(O)C=C,90050.0,4.954483717
1356,CN(CC)CC,1000000.0,6.0
1357,Cc1c[s]cc1,400.0,2.602059991
1358,O=C1CCCN1,1000000.0,6.0
1359,CC(C)C(O)CCC,5700.0,3.755874856
1360,NCc1ccco1,1000000.0,6.0
1361,OC(=O)c1cccc(I)c1,133.0,2.123851641
1362,Oc1cc(cc(c1)C(O)=O)C(O)=O,600.0,2.77815125
1363,Cc1cc(ccc1C)C(O)=O,129.2,2.111262514
1364,COC(=O)c1ccc(N)cc1,3820.0,3.582063363
1365,CN(C)c1ccc(cc1)C(O)=O,66.08,1.820070034
1366,CCCN(CCC)N=O,13000.0,4.113943352
1367,S=C=NCc1ccccc1,109.0,2.037426498
1368,Cc1ccc(CC)cc1,94.9,1.977266212
1369,Cc1ccc(C=C)cc1,89.0,1.949390007
1370,O=Cc1ccc(cc1)C=O,200.0,2.301029996
1371,CC[C@H](O)CCC,16100.0,4.206825876
1372,CCCC(=O)OC,15000.0,4.176091259
1373,CCCCC(O)CCCC,461.0,2.663700925
1374,Ic1ccc(I)cc1,1.4,0.146128036
1375,COC(=O)/C=C\C(=O)OC,80000.0,4.903089987
1376,ICCI,170.0,2.230448921
1377,CC(C)(C)CCO,7561.0,3.878579238
1378,CC(C)CC(C)(C)O,13630.0,4.134495856
1379,CCCCC(C)(C)O,9700.0,3.986771734
1380,CCCCCC(C)(C)O,2500.0,3.397940009
1381,CCCC(C)Cl,465.0,2.667452953
1382,COCC(C)C,11080.0,4.04453976
1383,[O-][N+](=O)CCO,1000000.0,6.0
1384,CCOC(C)C,24240.0,4.384532615
1385,CC(C)OC=O,20650.0,4.314920056
1386,Clc1cc(I)ccc1,67.2,1.827369273
1387,Ic1cc(I)ccc1,8.88,0.948412966
1388,OC1=CC(=O)NC=C1,6250.0,3.795880017
1389,Brc1cc(Br)cc(Br)c1,0.79,-0.102372909
1390,Nc1cc(Cl)cc(Cl)c1,784.0,2.894316063
1391,CN1CCCCC1,167000.0,5.222716471
1392,CC(C)CCCO,7600.0,3.880813592
1393,CCCCC(C)O,13700.0,4.136720567
1394,CCCC[N+]([O-])=O,4600.0,3.662757832
1395,CCCOC(C)C,4700.0,3.672097858
1396,CCCOC(N)=O,76400.0,4.883093359
1397,OCCCBr,142000.0,5.152288344
1398,CCCC#C,1570.0,3.195899652
1399,OCCCCl,250000.0,5.397940009
1400,CC(C)CCC(C)O,4900.0,3.69019608
1401,CCCCOC,9005.0,3.954483717
1402,CCOCCC,18390.0,4.264581729
1403,C1C=CCC=C1,700.0,2.84509804
1404,CCCCCOC(C)=O,1700.0,3.230448921
1405,CCCCCC#C,94.0,1.973127854
1406,C1CCCCC=C1,66.0,1.819543936
1407,[O-][N+](=O)OCCO[N+]([O-])=O,6800.0,3.832508913
1408,CCCCCCC[C@H](C)O,259.0,2.413299764
1409,CCCCCCCBr,6.64,0.822168079
1410,CCCCCCC#C,24.0,1.380211242
1411,CCCCCCCCl,13.6,1.133538908
1412,CCOCCOCC,83700.0,4.922725458
1413,CCCCCCCCCCCCCC,0.0022,-2.657577319
1414,CCCCCCCCCCCCCCCO,0.1026,-0.988852639
1415,CN(C)C(=O)N(C)C,1000000.0,6.0
1416,OC(=O)c1ccccc1S(O)(=O)=O,500000.0,5.698970004
1417,Clc1ccc(Cl)c(Cl)c1Cl,5.92,0.772321707
1418,Clc1cc(Cl)c(Cl)c(Cl)c1,5.1,0.707570176
1419,Nc1c(Cl)cc(Cl)cc1Cl,40.0,1.602059991
1420,Brc1cc(Br)c(Br)cc1Br,0.04,-1.397940009
1421,CCC(=O)OC(C)C,5949.0,3.774443969
1422,Clc1ccc(I)cc1,68.77,1.837399024
1423,CCCCCCCCCCCCC(O)=O,33.0,1.51851394
1424,NC(=O)CF,1000000.0,6.0
1425,Cc1ccc(cc1)-c1ccccc1,4.05,0.607455023
1426,CN(C)c1[n]c([n]c([n]1)N(C)C)N(C)C,91.0,1.959041392
1427,C1OCCO1,1000000.0,6.0
1428,COc1c[n]c(NS(=O)(=O)c2ccc(N)cc2)[n]c1,730.0,2.86332286
1429,Cc1ccc(cc1)S(=O)(=O)NC(=O)NC1CCCCC1,18.4,1.264817823
1430,CN(C)P(=O)(N(C)C)N(C)C,1000000.0,6.0
1431,CN(N=O)C(N)=O,14400.0,4.158362492
1432,C=CC#C,1786.0,3.251881455
1433,CC(C)CC=C,48.0,1.681241237
1434,CCCCC#C,360.0,2.556302501
1435,OC(=O)CCCCCCCCCCC(O)=O,40.0,1.602059991
1436,CCCCCCCCC(C)=O,76.8,1.88536122
1437,Clc1ccccc1Br,44.88,1.652052848
1438,CN1C=CC=CC1=O,1000000.0,6.0
1439,Cc1c(C)c(C)cc(C)c1C,15.5,1.190331698
1440,CCC(=O)Nc1cc(Cl)c(Cl)cc1,152.0,2.181843588
1441,Cc1cc(NS(=O)(=O)c2ccc(N)cc2)[n]o1,610.0,2.785329835
1442,OC(=O)c1c2ccccc2cc2ccccc21,85.0,1.929418926
1443,Cc1oc(NS(=O)(=O)c2ccc(N)cc2)[n]c1C,1677.0,3.224533063
1444,COP(=S)(OC)SCN1C(=O)c2ccccc2C1=O,24.4,1.387389826
1445,COc1c(cc(Cc2c[n]c(N)[n]c2N)cc1OC)OC,400.0,2.602059991
1446,CP(=O)(OC)OC,1000000.0,6.0
1447,CCN(N=O)C(N)=O,13000.0,4.113943352
1448,CCSC(=O)N(CCC)CCC,375.0,2.574031268
1449,CCCC(C)=C,78.0,1.892094603
1450,Cc1c2ccccc2cc2ccccc21,0.261,-0.583359493
1451,Cc1c2ccccc2c(C)c2ccccc12,0.056,-1.251811973
1452,CCOP(=S)(OCC)SCSc1ccc(Cl)cc1,0.63,-0.200659451
1453,Clc1ccc(cc1)C(c1ccccc1Cl)C(Cl)(Cl)Cl,0.085,-1.070581074
1454,CCOC(=O)CCCC(=O)OCC,8810.0,3.944975908
1455,C=CC(=O)OCCO,1000000.0,6.0
1456,C=CCCCO,57000.0,4.755874856
1457,CCCCCCCC(C)=O,371.0,2.56937391
1458,Cc1cc2cc(C)c(C)cc2cc1,1.7,0.230448921
1459,COc1ccc(cc1)C=CC(O)=O,712.0,2.852479994
1460,Cc1cccc2c3ccccc3ccc21,0.269,-0.57024772
1461,CCNc1[n]c(NC(C)C)[n]c([n]1)SC,209.0,2.320146286
1462,COCCCNc1[n]c([n]c(NC(C)C)[n]1)SC,320.0,2.505149978
1463,OC1N=C(c2cc(Cl)ccc2NC1=O)c1ccccc1Cl,80.0,1.903089987
1464,CC(=C)C(=O)OCCO,100000.0,5.0
1465,CN1CCCC1=O,1000000.0,6.0
1466,CCc1ccc[s]1,292.0,2.465382851
1467,[O-][N+](=O)c1cc(Cl)c(Cl)c(Cl)c1Cl,7.3,0.86332286
1468,[O-][N+](=O)c1cc(ccc1O)-c1ccccc1,8.37,0.922725458
1469,CCNc1[n]c(NC(C)(C)C)[n]c([n]1)SC,25.0,1.397940009
1470,CCCCN(CCCC)N=O,1270.0,3.103803721
1471,CC(=O)OCCBr,35400.0,4.549003262
1472,CCC#CCC,558.6,2.747100931
1473,O=NN1CCCC1,1000000.0,6.0
1474,O=NN1CCCCCC1,12800.0,4.10720997
1475,Oc1c(Cl)c(Cl)ccc1Cl,450.0,2.653212514
1476,CN(Cc1ccccc1)N=O,4510.0,3.654176542
1477,CCc1cc2ccccc2cc1,8.01,0.903632516
1478,CCP(=S)(OCC)Sc1ccccc1,15.7,1.195899652
1479,COC1=NN(CSP(=S)(OC)OC)C(=O)S1,187.0,2.271841607
1480,O=C(NCN1CCOCC1)c1c[n]cc[n]1,333300.0,5.522835314
1481,COP(=S)(OC)SCSc1ccc(Cl)cc1,1.6,0.204119983
1482,CN(C)C(=O)C(c1ccccc1)c1ccccc1,260.0,2.414973348
1483,O=S1OC[C@@H]2[C@H](CO1)[C@]1(Cl)C(Cl)=C(Cl)[C@@]2(Cl)C1(Cl)Cl,0.51,-0.292429824
1484,COP(=O)(OC(=CCl)c1cc(Cl)c(Cl)cc1Cl)OC,11.0,1.041392685
1485,[O-][N+](=O)c1cc(ccc1Nc1ccccc1)[N+]([O-])=O,38.0,1.579783597
1486,CCOc1ccc(NS(=O)(=O)c2ccc(N)cc2)[n][n]1,1100.0,3.041392685
1487,CC(O)COC(=O)C=C,1000000.0,6.0
1488,[Cl-].C[N+](C)(C)CCCl,996000.0,5.998259338
1489,CNc1[n]c([n]c(NC(C)C)[n]1)SC,580.0,2.763427994
1490,ClC1(Cl)C2(Cl)C3C4OC4C(Cl)C3C1(Cl)C(Cl)=C2Cl,0.2,-0.698970004
1491,Fc1ccccc1Br,352.6,2.547282308
1492,Fc1cc(Br)ccc1,378.0,2.5774918
1493,CCCCCCc1ccccc1,0.902,-0.044793462
1494,CCCCCCOC(=O)c1ccc(O)cc1,25.0,1.397940009
1495,CCCCCCCOC(=O)c1ccc(O)cc1,20.0,1.301029996
1496,CC(C)(C)C(=O)OCC(=O)[C@@]1(O)CC[C@H]2[C@@H]3CCC4=CC(=O)C=C[C@]4(C)[C@H]3[C@@H](O)C[C@]12C,11.6,1.064457989
1497,CC#CCCCC,163.5,2.213517757
1498,Oc1cc2CCCCc2cc1,1500.0,3.176091259
1499,CCc1cccc2ccccc21,10.7,1.029383778
1500,Cc1cc(ccc1)OC(O)=NC,2600.0,3.414973348
1501,Cc1ccc(cc1)S(=O)(=O)NC(=O)NN1CCCCCC1,65.4,1.815577748
1502,CC(=O)OCC(=O)[C@@]1(O)[C@H](C)C[C@H]2[C@@H]3CCC4=CC(=O)C=C[C@]4(C)[C@@]3(F)[C@@H](O)C[C@]12C,5.47,0.737987326
1503,CCC(C)(C)CO,7600.0,3.880813592
1504,N#Cc1c(Cl)cccc1Cl,14.6,1.164352856
1505,NCC1CCC(CC1)C(O)=O,166700.0,5.2219356
1506,Cc1cc(C)[n]c2ccccc12,1795.0,3.254064453
1507,CP(=O)(OC(C)C)OC(C)C,1500.0,3.176091259
1508,CCCCCCCCCCCCCCCCCO,0.008,-2.096910013
1509,CC1CN(CC(C)O1)N=O,124000.0,5.093421685
1510,C1OC1C1CO1,1000000.0,6.0
1511,CC(=O)Oc1ccc(Br)cc1C(O)=O,666.7,2.823930455
1512,CC1(C)Cc2cccc(OC(=O)NC)c2O1,320.0,2.505149978
1513,COc1ccc(cc1)NC(N)=O,4255.0,3.628899564
1514,COc1cc(c(O)cc1)[N+]([O-])=O,244.0,2.387389826
1515,Cc1cc(Cl)ccc1O,4000.0,3.602059991
1516,CCCN(CCC)c1c(cc(cc1[N+]([O-])=O)C(F)(F)F)[N+]([O-])=O,0.184,-0.735182177
1517,CN(C)NC(=O)CCC(O)=O,100000.0,5.0
1518,COc1[n]c(NC(C)C)[n]c(NC(C)C)[n]1,750.0,2.875061263
1519,COC(C)(C)C,51000.0,4.707570176
1520,CNC(=O)O/N=C/C(C)(C)S(C)(=O)=O,10000.0,4.0
1521,CCCCCCCCCC(C)O,197.0,2.294466226
1522,Cc1c[n]c2c3[n]cc(C)c(C)c3ccc2c1C,1.512,0.179551791
1523,CN(C)CC/C=C1\c2ccccc2COc2ccccc2\1,31.57,1.499274582
1524,CCC1CCCCC1,6.3,0.799340549
1525,Oc1ccc(cc1)/N=N/c1ccccc1,90.0,1.954242509
1526,N#Cc1cc(Br)c(O)c(Br)c1,130.0,2.113943352
1527,NC1C=NN(C(=O)C=1Cl)c1ccccc1,400.0,2.602059991
1528,OC(=O)c1[n]c(Cl)ccc1Cl,7850.0,3.894869657
1529,Cc1cc2c3ccccc3ccc2c2ccccc21,0.065,-1.187086643
1530,Cc1cccc2c1Cc1ccccc-21,1.09,0.037426498
1531,CCCCCCCCC(=O)OC,22.9,1.359835482
1532,C1CCc2ccc3CCCc4ccc1c2c34,0.2291,-0.639974911
1533,Clc1cc2Oc3cc(Cl)c(Cl)cc3Oc2cc1Cl,0.0002,-3.698970004
1534,CN(OC)C(=O)Nc1ccc(Cl)cc1,930.0,2.968482949
1535,Clc1cccc2c1cccc2Cl,0.379,-0.42136079
1536,Clc1ccc(Cl)c2ccccc12,0.865,-0.062983893
1537,CCN(CC)C(=O)CSc1ccc(Cl)[n][n]1,5000.0,3.698970004
1538,[O-][N+](=O)c1ccc(cc1)Oc1ccc(Cl)cc1Cl,1.0,0.0
1539,[O-][N+](=O)c1ccc(cc1)Oc1c(Cl)cc(Cl)cc1Cl,0.764,-0.116906641
1540,COC(=O)c1c(Cl)c(Cl)c(c(Cl)c1Cl)C(=O)OC,0.5,-0.301029996
1541,CCCCN(CC)c1c(cc(cc1[N+]([O-])=O)C(F)(F)F)[N+]([O-])=O,0.1,-1.0
1542,Nc1[n]c[n]c2c1[n]c[n]2[C@]1(CO)O[C@H](CO)[C@@H](O)[C@H]1O,8000.0,3.903089987
1543,N#Cc1c(Cl)c(Cl)c(Cl)c(C#N)c1Cl,0.81,-0.091514981
1544,Cc1cc(ccc1)S(N)(=O)=O,7810.0,3.892651034
1545,CCNc1[n]c(Cl)[n]c(NC(C)C)[n]1,34.7,1.540329475
1546,CC(C)Nc1[n]c([n]c(Cl)[n]1)N(CC)CC,40.0,1.602059991
1547,CCNc1[n]c([n]c(Cl)[n]1)N(CC)CC,20.0,1.301029996
1548,COc1c(C(O)=O)c(Cl)ccc1Cl,8310.0,3.919601024
1549,Nc1c(Cl)c([n]c(Cl)c1Cl)C(O)=O,430.0,2.633468456
1550,NC(=S)c1c(Cl)cccc1Cl,950.0,2.977723605
1551,CC(C)N(C(=O)CCl)c1ccccc1,580.0,2.763427994
1552,Clc1cccc([n]1)C(Cl)(Cl)Cl,72.0,1.857332496
1553,CC(C#C)OC(=O)Nc1cccc(Cl)c1,540.0,2.73239376
1554,CN(C)C(=O)Nc1ccc(cc1)Oc1ccc(Cl)cc1,3.7,0.568201724
1555,CC1CCCCC1NC(=O)Nc1ccccc1,18.0,1.255272505
1556,NC(=O)c1c(Cl)cccc1Cl,2730.0,3.436162647
1557,NC1=NC(=O)NC=C1F,15000.0,4.176091259
1558,CC(C)c1cc2ccccc2cc1,0.858,-0.066512712
1559,Cc1cc(ccc1N(C)C)OC(=O)NC,915.0,2.961421094
1560,CNC(=O)Oc1cc(C)c(SC)c(C)c1,27.0,1.431363764
1561,CCC(C)(C)c1ccccc1,10.5,1.021189299
1562,CCOC(=O)CCCCCC(=O)OCC,1969.0,3.294245716
1563,CCOC(=O)CCCCCCC(=O)OCC,679.0,2.831869774
1564,Clc1cc(ccc1)-c1cc(Cl)ccc1,0.355,-0.449771647
1565,Clc1ccc(cc1)-c1ccc(Cl)cc1,0.062,-1.207608311
1566,Clc1cccc2cccc(Cl)c12,0.315,-0.501689446
1567,Clc1cc2ccccc2cc1Cl,0.0867,-1.061980903
1568,Clc1c(-c2c(Cl)c(Cl)c(Cl)c(Cl)c2Cl)c(Cl)c(Cl)c(Cl)c1Cl,7.43e-06,-5.129011186
1569,Clc1ccccc1-c1ccccc1,4.83,0.683947131
1570,Clc1cc(ccc1)-c1ccccc1,3.63,0.559906625
1571,Clc1ccc(cc1)-c1ccccc1,1.34,0.127104798
1572,CCOP(=S)(Oc1ccc(cc1)[N+]([O-])=O)c1ccccc1,3.11,0.492760389
1573,COP(=S)(Oc1cc(Cl)c(Br)cc1Cl)OC,0.3,-0.522878745
1574,Cc1ccc(C)c2cccc(C)c12,2.1,0.322219295
1575,S=C=Nc1cccc(Br)c1,17.6,1.245512668
1576,Clc1cc(Cl)c(Cl)c(-c2c(Cl)c(Cl)cc(Cl)c2Cl)c1Cl,0.000147,-3.832682665
1577,C[C@H]1C[C@H]2[C@@H]3CCC4=CC(=O)C=C[C@]4(C)[C@@]3(F)[C@@H](O)C[C@]2(C)[C@@]1(OC(=O)CCCC)C(=O)CO,9.29,0.968015714
1578,CN(C)C(=O)Nc1cc(ccc1)C(F)(F)F,110.0,2.041392685
1579,CCCCCCCCc1ccccc1,0.066,-1.180456064
1580,Clc1cc2cc(Cl)ccc2cc1,0.236,-0.627087997
1581,CCSC(=O)N1CCCCCC1,970.0,2.986771734
1582,CCCC1(CCC)C(=O)NC(=O)NC1=O,600.0,2.77815125
1583,Clc1c2c(c(Cl)c(Cl)c1Cl)c(Cl)c(Cl)c(Cl)c2Cl,8e-05,-4.096910013
1584,CCC(N)Cc1c[nH]c2ccccc21,510.0,2.707570176
1585,CCCCCCCCC#N,70.0,1.84509804
1586,Nc1cccc2c1cccc2N,380.0,2.579783597
1587,CC(C)NC(=O)CSP(=S)(OCC)OCC,2500.0,3.397940009
1588,Cc1cc(ccc1)Oc1ccc(cc1)[N+]([O-])=O,5.0,0.698970004
1589,Cc1ccc(cc1Cl)NC(=O)C(C)CCC,8.5,0.929418926
1590,CCOP(=S)(OCC)SCN1C(=O)Oc2cc(Cl)ccc12,3.05,0.484299839
1591,CC(C)(C)c1ccc(cc1)OC1CCCCC1OS(=O)OCC#C,0.215,-0.66756154
1592,CCCCOC(=O)C1(O)c2ccccc2-c2ccccc12,36.5,1.562292864
1593,C[C@]12CC[C@H]3[C@@H](CC[C@H]4C[C@@H]5S[C@@H]5C[C@@]43C)[C@@H]1CC[C@@H]2O,1.2,0.079181246
1594,Fc1cc(F)c(F)c(F)c1,742.3,2.870579461
1595,CCCC(C)(C)CO,4228.0,3.626134979
1596,Cc1cc2cc3ccc4ccccc4c3cc2cc1,0.037,-1.431798276
1597,C#CCCCC#C,1650.0,3.217483944
1598,C#CCCCCCC#C,125.0,2.096910013
1599,Cc1ccc(C)c(O)c1C,1580.0,3.198657087
1600,Cc1cc(ccc1C)OC(=O)NC,580.0,2.763427994
1601,CCCCOCC1CO1,20000.0,4.301029996
1602,CC(C)CCCCCCO,461.0,2.663700925
1603,Clc1cc(Cl)c(cc1)-c1ccc(Cl)cc1Cl,0.0541,-1.266802735
1604,COP(=S)(Oc1ccc(cc1Cl)[N+]([O-])=O)OC,14.7,1.167317335
1605,OC(=O)C1(O)c2cc(Cl)ccc2-c2ccccc12,21.8,1.338456494
1606,CC(=O)Oc1c(cc(c(C)c1[N+]([O-])=O)[N+]([O-])=O)C(C)(C)C,10.0,1.0
1607,CCS(=O)(=O)CCSP(=S)(OCC)OCC,883.0,2.945960704
1608,CCS(=O)CCSP(=S)(OCC)OCC,4000.0,3.602059991
1609,Cc1cccc2ccc3cc4ccccc4cc3c21,0.055,-1.259637311
1610,[O-][N+](=O)c1ccc(Cl)cc1C(O)=O,9670.0,3.985426474
1611,CCCCOP(=O)(Oc1ccccc1)OCCCC,96.0,1.982271233
1612,Cc1cc2ccc3ccccc3c2cc1,0.28,-0.552841969
1613,Cc1c2ccccc2cc2c1ccc1ccccc12,0.011,-1.958607315
1614,Cc1cc(O)ccc1[N+]([O-])=O,1188.0,3.074816441
1615,CCS(=O)CSP(=O)(OCC)OCC,800.0,2.903089987
1616,CCOC(=O)C(SP(=S)(OC)OC)c1ccccc1,11.0,1.041392685
1617,CC(=O)Oc1ccc(cc1)NC(C)=O,2390.0,3.378397901
1618,Cc1cc(cc(c1)OC(=O)NC)C(C)C,92.0,1.963787827
1619,CNC(=O)Oc1ccccc1C(C)C,400.0,2.602059991
1620,COP(=S)(Oc1ccc(cc1)C#N)OC,46.0,1.662757832
1621,CCOP(=S)(OCC)SCN1N=Nc2ccccc2C1=O,10.5,1.021189299
1622,Nc1cc2c3ccccc3ccc2c2ccccc21,0.155,-0.809668302
1623,CNC(=O)Oc1cc(C)cc(C)c1,470.0,2.672097858
1624,COc1cc(Cl)c(cc1Cl)OC,8.0,0.903089987
1625,CCCCCCCCCCCCN1CCCC1=O,5.42,0.733999287
1626,COC1=COC(CSP(=O)(OC)OC)=CC1=O,1500000.0,6.176091259
1627,C[C@@H]1CN[C@@H](C)CN1,350000.0,5.544068044
1628,Cc1cc(/N=N/c2ccc(cc2)NC(C)=O)c(O)cc1,1.18,0.071882007
1629,OC(=O)CCCCCCCCCCBr,53.04,1.724603515
1630,COc1cc(N)c2c(C(=O)c3ccccc3C2=O)c1N,0.482,-0.316952962
1631,CCN(CCO)c1ccc(cc1)N=Nc1ccc(cc1)[N+]([O-])=O,0.16,-0.795880017
1632,CCOP(=S)(Oc1[n]c(Cl)c(Cl)cc1Cl)OCC,1.12,0.049218023
1633,Clc1ccc(cc1Cl)-c1ccccc1,0.0909,-1.041436117
1634,OC(=O)COc1cccc(Cl)c1Cl,342.6,2.534787359
1635,[O-][N+](=O)c1cc(ccc1O)C=O,187.0,2.271841607
1636,CN(OC)C(=O)Nc1ccc(Br)cc1,330.0,2.51851394
1637,C=CCCCC=C,44.0,1.643452676
1638,CC1CC(C)(C)CCC1,1.77,0.247973266
1639,Cc1ccc(cc1)N(CCO)CCO,24000.0,4.380211242
1640,CC(C)(C)CCCO,3350.0,3.525044807
1641,Oc1ccccc1C(=O)N1CCOCC1,4100.0,3.612783857
1642,Clc1c2Oc3c(Oc2c(Cl)c(Cl)c1Cl)c(Cl)c(Cl)c(Cl)c3Cl,4e-07,-6.397940009
1643,OCC(CBr)(CBr)CO,38000.0,4.579783597
1644,COC(=O)NS(=O)(=O)c1ccc(N)cc1,5000.0,3.698970004
1645,Oc1cc(Cl)ccc1Oc1ccc(Cl)cc1Cl,10.0,1.0
1646,COP(=S)(Oc1ccc(cc1)Sc1ccc(cc1)OP(=S)(OC)OC)OC,0.27,-0.568636236
1647,CCCCCCCC#C,7.14,0.853698212
1648,Clc1c2[n]cc[n]c2c(Cl)c(Cl)c1Cl,1.0,0.0
1649,CC(C)CCC(C)(C)C,1.15,0.06069784
1650,Cc1cc(ccc1SC)OC(=O)NC,24.0,1.380211242
1651,[O-][N+](=O)c1ccc(cc1)Oc1ccc(CN(CCO)C(=O)C(Cl)Cl)cc1,3.0,0.477121255
1652,Cc1cc2ccccc2c2ccc3ccccc3c21,0.062,-1.207608311
1653,Cc1c2c3ccccc3ccc2c2ccccc2c1C,0.025,-1.602059991
1654,CC=CC(O)=O,86000.0,4.934498451
1655,CC(C)(C#N)NC(=O)CSP(=O)(OCC)OCC,70000.0,4.84509804
1656,CN(C(C)C#C)C(=O)Nc1ccc(Cl)cc1,30.0,1.477121255
1657,CCC(C)c1ccccc1OC(=O)NC,420.0,2.62324929
1658,Cc1cc(ccc1N=Nc1ccc(cc1Cl)[N+]([O-])=O)N(CCO)CCO,0.102,-0.991399828
1659,Cc1[n]c(cc(NS(=O)(=O)c2ccc(N)cc2)[n]1)OC,843.0,2.925827575
1660,COP1(=S)OCc2ccccc2O1,58.0,1.763427994
1661,CCC(O)C(C)(C)C,8200.0,3.913813852
1662,OC(=O)COc1c(Cl)c(Cl)ccc1Cl,613.2,2.787602146
1663,COc1cc(O)c(cc1S(O)(=O)=O)C(=O)c1ccccc1,250000.0,5.397940009
1664,CCSc1[n]c(NC(C)C)[n]c(NC(C)C)[n]1,16.0,1.204119983
1665,CCCCCCCI,3.5,0.544068044
1666,CC1CC(C)(C)CC1,3.73,0.571708832
1667,CCCCN(CC)N=O,12000.0,4.079181246
1668,CC1(C)[C@H]2C[C@](C)(CC2)C1=O,2147.0,3.331832044
1669,CS(=O)(=O)c1cc(c(c(c1)[N+]([O-])=O)N(CCC)CCC)[N+]([O-])=O,0.6,-0.22184875
1670,[O-][N+](=O)c1c(Cl)cccc1C(O)=O,470.0,2.672097858
1671,OCc1cccc2ccccc21,2850.0,3.45484486
1672,CC=CC#N,25000.0,4.397940009
1673,CCCC(O)C=C,25200.0,4.401400541
1674,CCOP(=S)(Oc1cc(Cl)c(Br)cc1Cl)OCC,0.44,-0.356547324
1675,Cc1cccc(O)c1[N+]([O-])=O,3508.0,3.545059585
1676,CC(=O)Nc1ccc(cc1)OC(=O)c1ccccc1OC(C)=O,20.0,1.301029996
1677,CC(C(O)=O)c1cc(F)c(cc1)-c1ccccc1,8.0,0.903089987
1678,[O-][N+](=O)c1cc(ccc1Nc1ccccc1)S(=O)(=O)Nc1ccccc1,0.199,-0.701146924
1679,CCOP(=S)(OCC)N1C(=O)c2ccccc2C1=O,133.0,2.123851641
1680,C=CCCBr,764.0,2.883093359
1681,Cc1[n]c([n]c(O)c1CCCC)N(C)C,1200.0,3.079181246
1682,CC1OCCSC=1C(=O)Nc1ccccc1,147.0,2.167317335
1683,CC1OCCS(=O)(=O)C=1C(=O)Nc1ccccc1,1400.0,3.146128036
1684,CC(C)=CCCC(C)=CC=O,1340.0,3.127104798
1685,CCCCC(C)(O)CC,2394.0,3.379124146
1686,COP(=S)(Oc1[n]c(Cl)c(Cl)cc1Cl)OC,4.76,0.677606953
1687,CCOC1CC1,19700.0,4.294466226
1688,CCS(=O)CSP(=S)(OC(C)C)OC(C)C,1500.0,3.176091259
1689,CC(C)OC(=O)C(O)(c1ccc(Cl)cc1)c1ccc(Cl)cc1,1.5,0.176091259
1690,OC1=C(C2CCCc3ccccc32)C(=O)Oc2ccccc21,4.0,0.602059991
1691,CC1NC(=O)N(C(=O)C=1Cl)C(C)(C)C,710.0,2.851258349
1692,CCNc1[n]c(Cl)[n]c(NC(C)(C)C)[n]1,8.5,0.929418926
1693,CCCC(C)O,44600.0,4.649334859
1694,Cc1cc(Cl)ccc1N=CN(C)C,270.0,2.431363764
1695,CC(C)Nc1[n]c(N)[n]c(Cl)[n]1,3200.0,3.505149978
1696,C/C(/Cl)=C/C(O)=O,29900.0,4.475671188
1697,[O-][N+](=O)c1ccc(C=NO)o1,1000.0,3.0
1698,CNC[C@H](O)[C@@H](O)[C@H](O)[C@H](O)CO,500000.0,5.698970004
1699,CCNc1[n]c(NCC(=O)OCC)[n]c(Cl)[n]1,300.0,2.477121255
1700,N#CCCN(CCO)c1ccc(cc1)N=Nc1ccc(cc1Cl)[N+]([O-])=O,0.277,-0.557520231
1701,CCC(C)OC,16390.0,4.214578954
1702,OC(=O)C(O)CC(O)=O,1000000.0,6.0
1703,C/C(=C\C(=O)NC)/OP(=O)(OC)OC,1000000.0,6.0
1704,CNC(=O)Oc1ccccc1C1OCCO1,6000.0,3.77815125
1705,Clc1ccc(cc1)Oc1ccccc1,3.3,0.51851394
1706,Clc1cc(Cl)ccc1-c1ccc(Cl)cc1,0.27,-0.568636236
1707,CCCCN(C)N=O,23200.0,4.365487985
1708,Cc1cc(O)c(cc1Cl)[N+]([O-])=O,7.64,0.883093359
1709,COC(=O)c1cc(Cl)cc(N)c1Cl,120.0,2.079181246
1710,CSc1[n]c(NC(C)C)[n]c(NC(C)C)[n]1,33.0,1.51851394
1711,CCCC(C)(C)C(=O)Nc1ccc(Cl)cc1,22.8,1.357934847
1712,CSc1ccc(cc1)OP(=O)(OCCC)OCCC,125.0,2.096910013
1713,CC(Cl)C(C)Cl,562.0,2.749736316
1714,CC(C)=CC1C(C(=O)OCN2C(=O)C3CCCCC=3C2=O)C1(C)C,1.83,0.26245109
1715,C/C(=C\C(=O)OC(C)c1ccccc1)/OP(=O)(OC)OC,1000.0,3.0
1716,O=C1C(c2ccc3ccccc3[n]2)C(=O)c2ccccc12,0.169,-0.772113295
1717,CC1=CC(=O)NO1,85000.0,4.929418926
1718,COP(N)(=O)SC,1000000.0,6.0
1719,CCOP(=S)(OCC)SC(CCl)N1C(=O)c2ccccc2C1=O,0.18,-0.744727495
1720,Nc1cc(ccc1Br)[N+]([O-])=O,60.0,1.77815125
1721,CC(C)(C)S(=O)CSP(=S)(OCC)OCC,1100.0,3.041392685
1722,CCN(C)N=O,300000.0,5.477121255
1723,COC(=O)Nc1[nH]c2ccccc2[n]1,29.0,1.462397998
1724,COc1ccc(cc1)C(O)(C1CC1)c1c[n]c[n]c1,650.0,2.812913357
1725,Clc1ccccc1-c1ccccc1Cl,1.85,0.267171728
1726,CCOP(=S)(Oc1ccc(cc1)C#N)c1ccccc1,0.6,-0.22184875
1727,CC(C)(C)SCSP(=S)(OCC)OCC,5.07,0.705007959
1728,CCOP(=O)(SCCC)SCCC,750.0,2.875061263
1729,CON(C)C(=O)Nc1ccc(Br)c(Cl)c1,35.0,1.544068044
1730,CC1(C)Cc2cccc(c2O1)[N+]([O-])=O,120.0,2.079181246
1731,CC1COCC1,106000.0,5.025305865
1732,CCOP(=S)(Oc1c[n]c2ccccc2[n]1)OCC,22.0,1.342422681
1733,O=P(OC(CCl)CCl)(OC(CCl)CCl)OC(CCl)CCl,7.0,0.84509804
1734,CCOC(=O)Nc1cccc(c1)OC(=O)Nc1ccccc1,7.0,0.84509804
1735,Cc1cc(ccc1)NC(=O)Oc1cc(ccc1)NC(=O)OC,4.7,0.672097858
1736,C[C@]12CC[C@H]3[C@@H](C=C(Cl)C4=CC(=O)C=C[C@@]43C)[C@@H]1CC[C@]2(OC(C)=O)C(C)=O,4.57,0.6599162
1737,FC(F)OC(F)(F)C(F)Cl,5620.0,3.749736316
1738,CCC(C)N,112000.0,5.049218023
1739,CN1c2ccccc2Sc2ccc(CC(O)=O)cc12,31.0,1.491361694
1740,CC(C)[C@@H]1CC[C@@H](C)CC1=O,496.7,2.69609416
1741,C1COc2ccccc2OCCOCCOc2ccccc2OCCO1,7.3,0.86332286
1742,CCCC(CO)(CC)CC,547.0,2.737987326
1743,COc1ccc(cc1)Oc1ccc(cc1)NC(=O)N(C)C,20.0,1.301029996
1744,CS(=O)(=O)c1ccc(cc1)OP(=S)(OCC)OCC,85.3,1.930949031
1745,Cc1cccc(C)c1NC(=O)c1cc(c(Cl)cc1O)S(N)(=O)=O,58.0,1.763427994
1746,CN1CC[C@@]23[C@H]4C=C[C@H](O)[C@@H]2Oc2c3c(C[C@@H]14)ccc2OCc1ccccc1,400.0,2.602059991
1747,CCCCCCCOC(=O)c1ccc(N)cc1,5.91,0.771587481
1748,CCCCCCCCOC(=O)c1ccc(N)cc1,0.993,-0.003050752
1749,COC(=O)C(Cl)Cc1ccc(Cl)cc1,40.0,1.602059991
1750,Cc1ccccc1Oc1ccc[n][n]1,2000.0,3.301029996
1751,CCOP(=S)(O/N=C(\C#N)/c1ccccc1)OCC,4.1,0.612783857
1752,OCc1c(Cl)cccc1Cl,1400.0,3.146128036
1753,CC(Oc1cccc2ccccc21)C(=O)N(CC)CC,73.0,1.86332286
1754,O=C(Nc1ccccc1)c1ccccc1I,20.0,1.301029996
1755,[O-][N+](=O)c1ccc(cc1)Oc1ccc(cc1[N+]([O-])=O)C(F)(F)F,2.0,0.301029996
1756,Cc1ccc(cc1Cl)NC(=O)N(C)C,70.0,1.84509804
1757,Clc1cc(-c2ccccc2)c(Cl)cc1Cl,0.163,-0.787812396
1758,CC(C)(CCC)CCCC,2.2,0.342422681
1759,OC[C@@H](O)[C@H]1O[C@@H]2O[C@@H](O[C@@H]2[C@H]1O)C(Cl)(Cl)Cl,4440.0,3.64738297
1760,Clc1cccc(Cl)c1-c1c(Cl)cccc1Cl,0.0119,-1.924453039
1761,COCN(C(=O)CCl)c1c(CC)cccc1CC,240.0,2.380211242
1762,OC(=O)C(Cl)CC(O)=O,182000.0,5.260071388
1763,CCNC(=O)C(C)OC(=O)Nc1ccccc1,3500.0,3.544068044
1764,Clc1cccc(-c2ccccc2)c1Cl,0.997,-0.001304842
1765,Clc1ccc(Cl)cc1-c1ccc(Cl)cc1,0.143,-0.844663963
1766,CC(=NOC(=O)NC)SC,58000.0,4.763427994
1767,CCOP(=O)(Sc1ccccc1)Sc1ccccc1,56.0,1.748188027
1768,CC(C)OC(C)(C)C,500.0,2.698970004
1769,Cc1ccccc1N1C(C)Nc2cc(Cl)c(cc2C1=O)S(N)(=O)=O,60.3,1.780317312
1770,[O-][N+](=O)c1ccc(Cl)c(Cl)c1Cl,26.0,1.414973348
1771,CCCCNC(=O)[n]1c(NC(=O)OC)[n]c2ccccc12,3.8,0.579783597
1772,COP(=S)(Oc1cc(Cl)c(I)cc1Cl)OC,0.1,-1.0
1773,CC(C)OC(=O)C(O)(c1ccc(Br)cc1)c1ccc(Br)cc1,0.1,-1.0
1774,CC(C)(C)NCC(O)c1ccc(O)c(CO)c1,14100.0,4.149219113
1775,CNC(=O)N(C)c1[n]c2ccccc2[s]1,59.0,1.770852012
1776,[O-][N+](=O)c1c(Cl)cc(Cl)cc1Cl,6.25,0.795880017
1777,CCCN(CCC)c1c(cc(cc1[N+]([O-])=O)S(N)(=O)=O)[N+]([O-])=O,2.5,0.397940009
1778,CC(CC)C(O)C(C)CC,445.0,2.648360011
1779,CC(C)Oc1cc(c(Cl)cc1Cl)N1N=C(OC1=O)C(C)(C)C,0.7,-0.15490196
1780,COc1ccc(cc1Cl)NC(=O)N(C)C,678.0,2.831229694
1781,Clc1c2ccccc2c(Cl)c(Cl)c1Cl,0.00426,-2.370590401
1782,C=C(CC(Cl)(Cl)Cl)c1ccccc1,12.3,1.089905111
1783,CSC1=NN=C(C(=O)N1N)C(C)(C)C,1050.0,3.021189299
1784,COP(=S)(Oc1cc(Cl)c(Br)cc1Cl)c1ccccc1,0.03,-1.522878745
1785,CCNc1[n]c(Cl)[n]c(NC(C)(C)C#N)[n]1,170.0,2.230448921
1786,CC(C(O)=O)c1cc(ccc1)C(=O)c1ccccc1,51.0,1.707570176
1787,COc1cc2ccc(cc2cc1)[C@H](C)C(O)=O,15.9,1.201397124
1788,CCOC(=O)C(C)N(c1cc(Cl)c(Cl)cc1)C(=O)c1ccccc1,20.0,1.301029996
1789,Cc1cc(ccc1SC)OP(=O)(NC(C)C)OCC,329.0,2.517195898
1790,CNC(=O)Oc1cc(ccc1)N=CN(C)C,1000.0,3.0
1791,CNC(=O)Oc1cccc2OC(C)(C)Oc21,260.0,2.414973348
1792,CC(=O)O[C@@H]1[C@@H](O)CN[C@@H]1Cc1ccc(cc1)OC,6550.0,3.8162413
1793,CC(C)C(C)Nc1[n]c(NCC)[n]c([n]1)SC,50.0,1.698970004
1794,[O-][N+](=O)c1[n]cc[n]1CC(=O)NCc1ccccc1,400.0,2.602059991
1795,Cc1[n]c([n]c(OC(=O)N(C)C)c1C)N(C)C,2700.0,3.431363764
1796,CNC(=O)ON=C(SC)C(=O)N(C)C,280000.0,5.447158031
1797,CCCCOCN(C(=O)CCl)c1c(CC)cccc1CC,20.0,1.301029996
1798,Cc1cc([n]c([n]1)N(CC)CC)OP(=S)(OCC)OCC,3.97,0.598790507
1799,COP(=O)(OC1C2CC=CC2C=1Cl)OC,2500.0,3.397940009
1800,Oc1[n]cc(C(O)=O)c(O)[n]1,1800.0,3.255272505
1801,Cc1[n]c(NCC)[n]c(O)c1CCCC,150.0,2.176091259
1802,CC(C)(C#C)NC(=O)c1cc(Cl)cc(Cl)c1,15.0,1.176091259
1803,CCOP(=S)(Oc1[n][n](c[n]1)-c1ccccc1)OCC,39.0,1.591064607
1804,CC1CCCCN1C(=O)CSP(=S)(OCCC)OCCC,25.0,1.397940009
1805,CC1OCCCC=1C(=O)Nc1ccccc1,600.0,2.77815125
1806,Cc1occc1C(=O)Nc1ccccc1,100.0,2.0
1807,CC(C)N1C(=O)c2ccccc2NS1(=O)=O,500.0,2.698970004
1808,CCOP(=S)(NC(C)C)Oc1ccccc1C(=O)OC(C)C,22.1,1.344392274
1809,CNC(=O)N(C)c1[n][n]c([s]1)C(F)(F)F,2100.0,3.322219295
1810,Clc1cc(ccc1)-c1ccccc1Cl,0.58,-0.236572006
1811,CC(C)OP(=O)(OC(C)C)SCc1ccccc1,400.0,2.602059991
1812,CCOC1Oc2ccc(cc2C1(C)C)OS(C)(=O)=O,50.0,1.698970004
1813,COc1[n]c(NCC)[n]c(NC(C)CC)[n]1,620.0,2.792391689
1814,CCCN(CC1CC1)c1c(cc(cc1[N+]([O-])=O)C(F)(F)F)[N+]([O-])=O,0.1,-1.0
1815,FC(F)OC(Cl)C(F)(F)F,4470.0,3.650307523
1816,O=C1OCc2c1c(Cl)c(Cl)c(Cl)c2Cl,2.5,0.397940009
1817,O=C1C(NC(=O)C(Cl)Cl)=C(Cl)C(=O)c2ccccc12,3.0,0.477121255
1818,CCN(CC)C(=O)SCc1ccc(Cl)cc1,28.0,1.447158031
1819,CCN(CC)c1c(cc(c(N)c1[N+]([O-])=O)C(F)(F)F)[N+]([O-])=O,1.1,0.041392685
1820,CCCN(CCC)c1c(cc(c(N)c1[N+]([O-])=O)C(F)(F)F)[N+]([O-])=O,0.013,-1.886056648
1821,Cc1cc([n]c([n]1)N(CC)CC)OP(=S)(OC)OC,8.6,0.934498451
1822,CCSCc1ccccc1OC(=O)NC,1820.0,3.260071388
1823,CCS(=O)(=O)c1[n][n]c([s]1)N(C)C(=O)NC,3000.0,3.477121255
1824,OCCOCCOC(=O)c1ccccc1Nc1cc(ccc1)C(F)(F)F,1.6,0.204119983
1825,COP(=O)(NC(C)=O)SC,818000.0,5.912753304
1826,Clc1c2Oc3ccccc3Oc2c(Cl)c(Cl)c1Cl,0.00063,-3.200659451
1827,Clc1ccc(cc1Cl)-c1cc(Cl)c(Cl)cc1Cl,0.0134,-1.872895202
1828,Clc1cc(Cl)c(cc1)-c1cc(Cl)c(Cl)cc1,0.0368,-1.434152181
1829,Clc1cc(-c2cc(Cl)c(Cl)cc2)c(Cl)cc1,0.041,-1.387216143
1830,Clc1ccc(cc1Cl)-c1cc(Cl)c(Cl)cc1,0.000569,-3.244887734
1831,Clc1ccc(cc1)-c1cc(Cl)c(Cl)cc1Cl,0.00496,-2.304518324
1832,Clc1cc(cc(Cl)c1Cl)-c1cc(Cl)c(Cl)c(Cl)c1,0.00051,-3.292429824
1833,CC12CC1(C)C(=O)N(c1cc(Cl)cc(Cl)c1)C2=O,4.5,0.653212514
1834,COc1cc(ccc1[N+]([O-])=O)Oc1ccc(Cl)cc1Cl,0.3,-0.522878745
1835,Clc1ccc(cc1)-c1ccc(Cl)c(Cl)c1Cl,0.0389,-1.410050399
1836,CC(=O)Nc1ccccc1CC,4190.0,3.622214023
1837,Clc1cccc(Cl)c1-c1ccccc1,2.41,0.382017043
1838,CCCN(CCCl)c1c(cc(cc1[N+]([O-])=O)C(F)(F)F)[N+]([O-])=O,0.9,-0.045757491
1839,Clc1cc(Cl)c(cc1)-c1ccccc1,1.15,0.06069784
1840,Clc1cc(-c2ccccc2)c(Cl)c(Cl)c1Cl,0.014,-1.853871964
1841,CCC(C)Nc1c(cc(cc1[N+]([O-])=O)C(C)(C)C)[N+]([O-])=O,1.0,0.0
1842,CCNc1[n]c(NC(C)(C)C)[n]c([n]1)OC,130.0,2.113943352
1843,CC(C)c1cc(c(c(c1)[N+]([O-])=O)N(CCC)CCC)[N+]([O-])=O,0.11,-0.958607315
1844,Clc1cc(Cl)c(-c2c(Cl)cc(Cl)cc2Cl)c(Cl)c1,0.000408,-3.389339837
1845,CNC(=O)N(C)c1[n][n]c([s]1)C(C)(C)C,2500.0,3.397940009
1846,CN(C)C(=O)Nc1ccc(cc1)C(C)C,65.0,1.812913357
1847,C=CC(=O)Oc1c(Br)cc(Cl)c2ccc[n]c21,6.0,0.77815125
1848,Clc1cc(-c2ccccc2)c(Cl)cc1,1.12,0.049218023
1849,Clc1ccc(cc1)-c1ccccc1Cl,1.17,0.068185862
1850,Clc1cc(Cl)c(Cl)cc1-c1cc(Cl)c(Cl)cc1Cl,0.00095,-3.022276395
1851,Clc1ccc(-c2cc(Cl)c(Cl)cc2Cl)c(Cl)c1Cl,0.0015,-2.823908741
1852,O=C(Nc1ccc(Cl)cc1)NC(=O)c1c(F)cccc1F,0.08,-1.096910013
1853,Clc1cc(Cl)c(-c2ccccc2)c(Cl)c1,0.252,-0.598599459
1854,Clc1cc(-c2cc(Cl)ccc2Cl)c(Cl)cc1,0.0153,-1.815308569
1855,Clc1cc(Cl)c(cc1)-c1cc(Cl)c(Cl)c(Cl)c1Cl,0.00109,-2.962573502
1856,Clc1cc2Oc3c(Oc2c(Cl)c1Cl)c(Cl)c(Cl)c(Cl)c3Cl,2.4e-06,-5.619788758
1857,OC(=O)CCC(=O)c1ccc(cc1)-c1ccccc1,2.21,0.344392274
1858,Cc1ccc(c(c1)OP(=S)(NC(C)CC)OCC)[N+]([O-])=O,6.19,0.791690649
1859,CCOP(=O)(Oc1ccc(Cl)cc1Cl)Oc1ccc(Cl)cc1Cl,0.7,-0.15490196
1860,CCC#CC(C)C,173.1,2.238297068
1861,CC(C)SCCSP(=S)(OC)OC,97.0,1.986771734
1862,CCCCCCCCCCCCCCCCO,0.0412,-1.385102784
1863,CC(CC)N(C(C)CC)C(=O)SCc1ccccc1,2.5,0.397940009
1864,CCCCCCCCCOC(=O)c1ccc(N)cc1,0.2634,-0.579384229
1865,Clc1cc(-c2ccccc2Cl)c(Cl)cc1,0.4,-0.397940009
1866,Clc1cc(Cl)c(cc1)-c1ccccc1Cl,0.0833,-1.079354999
1867,Clc1cc(-c2cc(Cl)c(Cl)cc2Cl)c(Cl)cc1,0.0154,-1.812479279
1868,C=CCN(CC=C)C(=O)C(Cl)Cl,5000.0,3.698970004
1869,CC1/C(=C/c2ccc(cc2)S(C)=O)/c2ccc(F)cc2C=1CC(O)=O,3000.0,3.477121255
1870,Nc1[n]c(cc(N)[n+]1[O-])N1CCCCC1,2200.0,3.342422681
1871,Clc1cc(-c2c(Cl)c(Cl)ccc2Cl)c(Cl)cc1,0.0211,-1.675717545
1872,Clc1cc(Cl)c(cc1)-c1cc(Cl)c(Cl)cc1Cl,0.00366,-2.436518915
1873,Clc1cc(-c2ccc(Cl)c(Cl)c2Cl)c(Cl)cc1,0.0294,-1.53165267
1874,Clc1c(-c2cc(Cl)c(Cl)cc2)c(Cl)ccc1Cl,0.00731,-2.136082623
1875,Clc1ccc(Cl)c(-c2cc(Cl)c(Cl)cc2Cl)c1Cl,0.00424,-2.372634143
1876,Clc1ccc(-c2ccc(Cl)c(Cl)c2Cl)c(Cl)c1Cl,0.00035,-3.455931956
1877,Clc1ccc(Cl)c(Cl)c1-c1c(Cl)c(Cl)ccc1Cl,0.00451,-2.345823458
1878,Clc1ccccc1-c1c(Cl)cccc1Cl,0.324,-0.48945499
1879,Clc1ccc(cc1)-c1c(Cl)cccc1Cl,0.159,-0.798602876
1880,Clc1ccccc1-c1cccc(Cl)c1Cl,0.293,-0.53313238
1881,Clc1cc(-c2cc(Cl)ccc2)c(Cl)cc1,0.253,-0.596879479
1882,Clc1ccc(cc1)-c1cccc(Cl)c1Cl,0.142,-0.847711656
1883,Clc1cc(ccc1Cl)-c1ccccc1Cl,0.133,-0.876148359
1884,Clc1cccc(-c2cccc(Cl)c2Cl)c1Cl,0.0156,-1.806875402
1885,CCOC(=O)CN(c1c(CC)cccc1CC)C(=O)CCl,105.0,2.021189299
1886,CC1CS[C@@H]2[C@H](NC(=O)[C@H](N)C3CC=CCC=3)C(=O)N2C=1C(O)=O,21300.0,4.328379603
1887,Clc1cc2Oc3c(Oc2cc1Cl)c(Cl)c(Cl)c(Cl)c3Cl,4.4e-06,-5.356547324
1888,Clc1cc2Oc3ccccc3Oc2cc1,0.319,-0.496209317
1889,Clc1cc(Cl)c(Cl)c2Oc3ccccc3Oc12,0.00841,-2.075204004
1890,Clc1cc2Oc3c(Oc2cc1)c(Cl)c(Cl)c(Cl)c3Cl,0.00012,-3.920818754
1891,CC1(C)C(C(=O)OC(C#N)c2cc(ccc2)Oc2ccccc2)C1(C)C,0.33,-0.48148606
1892,CCOP(=O)(OCC)SCN1N=Nc2ccccc2C1=O,3350.0,3.525044807
1893,Cc1c(c(NC(CC)CC)c(cc1C)[N+]([O-])=O)[N+]([O-])=O,0.33,-0.48148606
1894,C/C(/C=C/CC(C)CCCC(C)(C)OC)=C\C(=O)OC(C)C,1.4,0.146128036
1895,C/C(/C=C/CC(C)CCCC(C)C)=C\C(=O)OCC,2.0,0.301029996
1896,CCCSP(=O)(Oc1ccc(Br)cc1Cl)OCC,28.0,1.447158031
1897,Cc1cc(ccc1)C(=O)c1cc(C)c(cc1)OC,2.0,0.301029996
1898,Clc1cc(-c2cccc(Cl)c2Cl)c(Cl)cc1,0.1,-1.0
1899,Clc1cc(Cl)ccc1-c1cc(Cl)ccc1Cl,0.0781,-1.107348966
1900,Clc1cc(Cl)c(Cl)cc1-c1cccc(Cl)c1Cl,0.0284,-1.54668166
1901,Cc1cccc2[s]c3[n][n]c[n]3c21,1600.0,3.204119983
1902,CC(C)[n]1[n]c([n]c1Cl)OP(=S)(OCC)OCC,69.0,1.838849091
1903,COC(=O)c1cc(ccc1[N+]([O-])=O)Oc1ccc(Cl)cc1Cl,0.398,-0.400116928
1904,CCOc1cc(ccc1[N+]([O-])=O)Oc1ccc(cc1Cl)C(F)(F)F,0.116,-0.935542011
1905,CC(C)(C)C(=O)C(Oc1ccc(Cl)cc1)[n]1c[n]c[n]1,71.5,1.854306042
1906,CC(C)OC(=O)C(=C1SCCS1)C(=O)OC(C)C,54.0,1.73239376
1907,COCCN(C(=O)CCl)c1c(C)cccc1C,2300.0,3.361727836
1908,Clc1cc2c(cc1Cl)oc1cc(Cl)c(Cl)cc21,0.000692,-3.159893906
1909,Cc1cccc(CC)c1N(C(C)COC)C(=O)CCl,530.0,2.72427587
1910,CCCOCCN(C(=O)CCl)c1c(CC)cccc1CC,50.0,1.698970004
1911,COC(=O)C(C)Oc1ccc(cc1)Oc1ccc(Cl)cc1Cl,0.8,-0.096910013
1912,Cc1[nH]c[n]c1CSCCN/C(/NC)=N/C#N,9380.0,3.972202838
1913,COC(CCl)Oc1ccccc1OC(=O)NC,1300.0,3.113943352
1914,CC(C)C(C(=O)OC(C#N)c1cc(ccc1)Oc1ccccc1)c1ccc(Cl)cc1,0.024,-1.619788758
1915,CCc1cc2cc3ccccc3cc2cc1,0.0268,-1.571865206
1916,CC1(C)C(C1C=C(Cl)Cl)C(=O)OC(C#N)c1cccc(c1)Oc1ccccc1,0.004,-2.397940009
1917,CC1(C)C(C1C=C(Cl)Cl)C(=O)OCc1cccc(c1)Oc1ccccc1,0.006,-2.22184875
1918,Clc1ccccc1-c1ccc(Cl)c(Cl)c1Cl,0.0432,-1.364516253
1919,Clc1c(-c2cccc(Cl)c2Cl)c(Cl)ccc1Cl,0.0542,-1.266000713
1920,Clc1cc(-c2c(Cl)c(Cl)ccc2Cl)c(Cl)c(Cl)c1,0.00544,-2.2644011
1921,CC(C)OC(=O)C(C)N(c1cc(Cl)c(F)cc1)C(=O)c1ccccc1,15.0,1.176091259
1922,COC(=O)C(C)N(c1cc(Cl)c(F)cc1)C(=O)c1ccccc1,35.0,1.544068044
1923,CC1(C)[C@@H]([C@@H]1C=C(Br)Br)C(=O)O[C@H](C#N)c1cccc(c1)Oc1ccccc1,0.002,-2.698970004
1924,Clc1cccc2c1cc(Cl)c(Cl)c2Cl,0.0037,-2.431798276
1925,Clc1cc(Cl)c2cc(Cl)cc(Cl)c2c1,0.004,-2.397940009
1926,CC(=O)Nc1cc(NS(=O)(=O)C(F)(F)F)c(C)cc1C,180.0,2.255272505
1927,COCCOc1c(cc(Cc2c[n]c(N)[n]c2N)cc1OC)OC,2650.0,3.423245874
1928,CC(C)(C)C(O)C(Oc1ccc(cc1)-c1ccccc1)[n]1c[n]c[n]1,5.0,0.698970004
1929,Clc1c(cccc1Cl)-c1cc(Cl)c(Cl)c(Cl)c1Cl,0.00137,-2.863279433
1930,CC(C)(C)C(O)C(Oc1ccc(Cl)cc1)[n]1c[n]c[n]1,120.0,2.079181246
1931,O=C(C1CCCCC1)N1CC2c3ccccc3CCN2C(=O)C1,400.0,2.602059991
1932,CC(=C)CN(CC)c1c(cc(cc1[N+]([O-])=O)C(F)(F)F)[N+]([O-])=O,0.3,-0.522878745
1933,OC(=O)COc1[n]c(Cl)c(Cl)cc1Cl,440.0,2.643452676
1934,Clc1c(-c2ccccc2)c(Cl)ccc1Cl,0.0833,-1.079354999
1935,Clc1cc2ccc(Cl)cc2c(Cl)c1,0.0644,-1.191114133
1936,Clc1ccc(Cl)c2cc(Cl)c(Cl)cc12,0.0081,-2.091514981
1937,CCC(=O)N(c1ccccc1)C1(COC)CCN(CCc2ccc[s]2)CC1,76.0,1.880813592
1938,CC(C)(C)S(=O)(=O)CSP(=S)(OCC)OCC,408.0,2.610660163
1939,CNC(=O)N1C=C(F)C(=O)NC1=O,620.0,2.792391689
1940,Cc1cc(Cl)c(OP(=S)(OC)OC)c(Cl)c1,1.1,0.041392685
1941,COc1c(O)cc(Cl)c(Cl)c1Cl,306.0,2.485721426
1942,COC(=O)C(C)N(c1c(C)cccc1C)C(=O)c1ccco1,230.0,2.361727836
1943,COCC(=O)N(C(C)C(=O)OC)c1c(C)cccc1C,8400.0,3.924279286
1944,CN(SN(C)C(=O)O/N=C(\C)/SC)C(=O)O/N=C(\C)/SC,35.0,1.544068044
1945,CN1C=C(C(=O)C(=C1)c1ccccc1)c1cc(ccc1)C(F)(F)F,12.0,1.079181246
1946,OC(c1ccccc1Cl)(c1ccc(Cl)cc1)c1c[n]c[n]c1,14.0,1.146128036
1947,CCCC1COC(C[n]2c[n]c[n]2)(O1)c1ccc(Cl)cc1Cl,110.0,2.041392685
1948,CCC1COC(C[n]2c[n]c[n]2)(O1)c1ccc(Cl)cc1Cl,80.0,1.903089987
1949,CCN(Cc1c(F)cccc1Cl)c1c(cc(cc1[N+]([O-])=O)C(F)(F)F)[N+]([O-])=O,0.07,-1.15490196
1950,OC(c1ccccc1Cl)(c1ccc(F)cc1)c1c[n]c[n]c1,26.0,1.414973348
1951,CCCCNC(=O)N1C=C(F)C(=O)NC1=O,820.0,2.913813852
1952,CC(C)N(C(=O)CSP(=S)(OC)OC)c1ccc(Cl)cc1,13.6,1.133538908
1953,CCCCCCCCCc1ccc(cc1)OP(=O)(Oc1ccccc1)Oc1ccccc1,0.77,-0.113509275
1954,NC(=O)COC(=O)c1ccccc1,4100.0,3.612783857
1955,CCNC(=O)COC(=O)c1ccccc1,1200.0,3.079181246
1956,CCN(CC)C(=O)COC(=O)c1ccccc1,2000.0,3.301029996
1957,Clc1cc(Cl)c(cc1)-c1ccc(Cl)c(Cl)c1Cl,0.00783,-2.106238238
1958,CCCCOC(=O)N(C)SN(C)C(=O)Oc1cccc2CC(C)(C)Oc12,11.0,1.041392685
1959,Nc1[n]c(NC2CC2)[n]c(N)[n]1,13000.0,4.113943352
1960,CC(C)Oc1cc(ccc1)NC(=O)c1ccccc1C(F)(F)F,6.53,0.814913181
1961,CCOC(=O)C(C)Oc1ccc(cc1)Oc1[n]c2ccc(Cl)cc2o1,0.9,-0.045757491
1962,Clc1cc2Oc3cc(Cl)c(Cl)c(Cl)c3Oc2cc1,0.00043,-3.366531544
1963,Cc1cccc(C)c1N(C[n]1ccc[n]1)C(=O)CCl,430.0,2.633468456
1964,"CC(Cc1ccc(cc1)C(C)(C)C)CN1C[C@@H](C)O[C@@H](C)C1 |o1:16,19|",4.3,0.633468456
1965,CCCN(CCOc1c(Cl)cc(Cl)cc1Cl)C(=O)[n]1cc[n]c1,34.0,1.531478917
1966,CCOC(=O)CNc1[n]c(Cl)[n]c(NC(C)C)[n]1,750.0,2.875061263
1967,CC(=O)Nc1cc(c(cc1N=Nc1c(Br)cc(cc1[N+]([O-])=O)[N+]([O-])=O)OC)N(CC=C)CCC#N,0.000688,-3.162411562
1968,CC(C)C(Nc1ccc(cc1Cl)C(F)(F)F)C(=O)OC(C#N)c1cccc(c1)Oc1ccccc1,0.005,-2.301029996
1969,CCCCOC(=O)C(C)Oc1ccc(cc1)Oc1ccc(c[n]1)C(F)(F)F,1.0,0.0
1970,CC(C)[C@H](C(=O)OC(C#N)c1cccc(c1)Oc1ccccc1)c1ccc(cc1)OC(F)F,0.06,-1.22184875
1971,CC1C(N=Nc2ccc(Cl)cc2[N+]([O-])=O)=C(O)N(CC)C(=O)C=1C#N,0.0739,-1.131355562
1972,COC(=O)C(C)N(c1c(C)cccc1C)C(=O)Cc1ccccc1,37.0,1.568201724
1973,CCOC(=O)NCCOc1ccc(cc1)Oc1ccccc1,6.0,0.77815125
1974,Nc1c(Cl)c(ccc1[N+]([O-])=O)Oc1ccccc1,2.5,0.397940009
1975,COC(=O)c1ccccc1S(=O)(=O)NC(=O)Nc1[n]c(C)cc(C)[n]1,244.0,2.387389826
1976,Cc1[n]c(NC(=O)NS(=O)(=O)c2ccccc2C(=O)OC)[n]c([n]1)OC,9500.0,3.977723605
1977,Clc1cc(cc(Cl)c1)-c1c(Cl)c(Cl)cc(Cl)c1Cl,0.00194,-2.71219827
1978,CC(C)(C)[C@@H](O)[C@H](Cc1ccc(Cl)cc1Cl)[n]1c[n]c[n]1,9.0,0.954242509
1979,CC(=O)Oc1ccccc1C(=O)OCSC,550.0,2.740362689
1980,CC(=O)Oc1ccccc1C(=O)OCS(C)(=O)=O,110.0,2.041392685
1981,CCOC(=O)C(C)Oc1ccc(cc1)Oc1c[n]c2cc(Cl)ccc2[n]1,0.3,-0.522878745
1982,OC(C[n]1c[n]c[n]1)(c1ccccc1F)c1ccc(F)cc1,130.0,2.113943352
1983,"CC(C)(C)[C@@H](O)[C@@H](Cc1ccc(Cl)cc1)[n]1c[n]c[n]1 |o1:4,6|",26.0,1.414973348
1984,COC(=O)c1ccccc1CS(=O)(=O)NC(=O)Nc1[n]c(cc([n]1)OC)OC,120.0,2.079181246
1985,O=C(Nc1cc(Cl)c(F)c(Cl)c1F)NC(=O)c1c(F)cccc1F,0.019,-1.721246399
1986,"C[C@@]12CC[C@@](C[C@@H]1OCc1ccccc1C)(O2)C(C)C |o1:1,4,6|",63.0,1.799340549
1987,Cc1cc(C)c(C2CC(O)=C(C(=O)C2)C(CC)=NOCC)c(C)c1,5.0,0.698970004
1988,CCCCCCCCCCCCN1CC(CC1=O)C(=O)OC,13.1,1.117271296
1989,NS(=O)(=O)c1cc2c(SCCC2=O)[s]1,70.0,1.84509804
1990,NS(=O)(=O)c1cc2c([s]1)S(=O)(=O)CCC2=O,270.0,2.431363764
1991,CNC(=O)COC(=O)c1ccccc1,3700.0,3.568201724
1992,CCCNC(=O)COC(=O)c1ccccc1,640.0,2.806179974
1993,CN(C)C(=O)COC(=O)c1ccccc1,8800.0,3.944482672
1994,NS(=O)(=O)c1ccc(cc1)SCCO,3500.0,3.544068044
1995,NS(=O)(=O)c1ccc(cc1)S(=O)(=O)CCO,6600.0,3.819543936
1996,NS(=O)(=O)c1ccc(cc1)SCCCO,1400.0,3.146128036
1997,CC(C)(O)CCSc1ccc(cc1)S(N)(=O)=O,400.0,2.602059991
1998,NS(=O)(=O)c1ccc(cc1)SCCCCCO,600.0,2.77815125
1999,NS(=O)(=O)c1ccc(cc1)S(=O)(=O)CCCO,7200.0,3.857332496
2000,CC(C)(O)CCS(=O)(=O)c1ccc(cc1)S(N)(=O)=O,3500.0,3.544068044
2001,NS(=O)(=O)c1cc(c(cc1)SCCO)[N+]([O-])=O,500.0,2.698970004
2002,NS(=O)(=O)c1cc(c(cc1)SCCCO)[N+]([O-])=O,100.0,2.0
2003,NS(=O)(=O)c1cc(F)c(cc1)SCCO,6000.0,3.77815125
2004,NS(=O)(=O)c1cc(F)c(cc1)SCCCO,900.0,2.954242509
2005,NS(=O)(=O)c1cc(F)c(cc1)SCCCCO,1000.0,3.0
2006,NS(=O)(=O)c1cc(F)c(cc1)S(=O)(=O)CCO,3300.0,3.51851394
2007,NS(=O)(=O)c1cc(F)c(cc1)S(=O)(=O)CCCO,6600.0,3.819543936
2008,CCCCCCN1CC(CC1=O)C(O)=O,7460.0,3.872738827
2009,COc1ccc(cc1)C(=O)c1cc([s]c1)S(N)(=O)=O,10.0,1.0
