,SMILES,LKoc,LogKoc
0,ClC(Cl)(Cl)C(c1ccc(Cl)cc1)c1ccc(Cl)cc1,5.31,0.725094521
1,c1c2ccccc2c2ccc3cccc4ccc1c2c34,5.95,0.774516966
2,[O-][N+](=O)c1cc(Cl)c(cc1)NC(=O)c1cc(Cl)ccc1O,3.35,0.525044807
3,CC(=O)Nc1ccc(cc1)OC,1.4,0.146128036
4,COP(=O)(OC)C(O)C(Cl)(Cl)Cl,1.9,0.278753601
5,c1c2c3ccccc3ccc2cc2c3ccccc3ccc21,6.22,0.793790385
6,CC(=O)Nc1cc2Cc3ccccc3-c2cc1,3.14,0.496929648
7,CN1CCC[C@H]1c1c[n]ccc1,2.01,0.303196057
8,NC(=O)c1ccccc1,1.46,0.164352856
9,Cc1cc(ccc1SC)OP(=S)(OC)OC,3.18,0.50242712
10,CC1=CC(=O)NC(=S)N1,2.14,0.330413773
11,ClC(Cl)(Cl)Cl,1.85,0.267171728
12,CCOP(=S)(Oc1ccc(cc1)[N+]([O-])=O)OCC,3.2,0.505149978
13,Cc1ccc2cc3c(ccc4ccccc43)c3CCc1c32,6.1,0.785329835
14,CC/C(/c1ccc(O)cc1)=C(/CC)\c1ccc(O)cc1,4.14,0.617000341
15,c1c2c3ccccc3ccc2cc2ccccc21,5.3,0.72427587
16,NC(N)=O,0.15,-0.823908741
17,CC(O)CO,0.36,-0.443697499
18,ClC1(Cl)C2(Cl)C3CC(Cl)C(Cl)C3C1(Cl)C(Cl)=C2Cl,4.78,0.679427897
19,c(c(c(c(c1)ccc2)c2)c(c(c3ccc4)c4)C)(c3C)c1,5.37,0.729974286
20,"Cl[C@@H]1[C@@H](Cl)[C@H](Cl)[C@H](Cl)[C@@H](Cl)[C@@H]1Cl |&1:1,2,4,6,8,10|",3.17,0.501059262
21,Oc1c(Cl)cc(Cl)c(Cl)c1Cl,3.35,0.525044807
22,Nc1ccc(cc1)/N=N/c1ccccc1,2.79,0.445604203
23,CN(C)c1ccc(cc1)N=Nc1ccccc1,3.87,0.587710965
24,OCCc1ccccc1,1.5,0.176091259
25,CC(N)=O,0.7,-0.15490196
26,CNC(=O)CSP(=S)(OC)OC,1.2,0.079181246
27,"ClC1(Cl)[C@@]2(Cl)[C@@H]3[C@@H]4C[C@@H]([C@H]5O[C@H]54)[C@@H]3[C@]1(Cl)C(Cl)=C2Cl |o1:3,5,6,8,9,11,12,13|",4.08,0.610660163
28,Nc1[n]c[nH][n]1,1.25,0.096910013
29,Nc1ccccc1,1.6,0.204119983
30,CC(N)=S,0.78,-0.107905397
31,NC(N)=S,0.85,-0.070581074
32,COP(=O)(OC=C(Cl)Cl)OC,1.67,0.222716471
33,O=C(Oc(c(c(ccc1)cc2)c1)c2)NC,2.4,0.380211242
34,Cc1cc(ccc1)NC(N)=O,1.56,0.193124598
35,NC(=O)Nc1ccccc1,1.35,0.130333768
36,CCO,0.2,-0.698970004
37,CC(O)=O,0.0,#NUM!
38,OC(=O)c1ccccc1,1.5,0.176091259
39,O=C1NC=C(C(=O)N1)N(CCCl)CCCl,1.46,0.164352856
40,CO,0.44,-0.356547324
41,ClC(Cl)Cl,1.6,0.204119983
42,CCCO,0.48,-0.318758763
43,CCCCO,0.5,-0.301029996
44,CCCCCO,0.7,-0.15490196
45,c1ccccc1,1.75,0.243038049
46,CC(Cl)(Cl)Cl,1.95,0.290034611
47,COc1ccc(cc1)C(c1ccc(cc1)OC)C(Cl)(Cl)Cl,4.9,0.69019608
48,ClC(Cl)C(c1ccc(Cl)cc1)c1ccc(Cl)cc1,4.21,0.624282096
49,ClC(Cl)=C(c1ccc(Cl)cc1)c1ccc(Cl)cc1,4.82,0.683047038
50,CBr,1.34,0.127104798
51,ClCCl,1.44,0.158362492
52,S=C=S,2.34,0.369215857
53,BrC(Br)Br,2.06,0.31386722
54,ClC(Cl)Br,1.78,0.250420002
55,CC(Cl)Cl,1.48,0.170261715
56,C=C(Cl)Cl,1.81,0.257678575
57,CC(Cl)(Cl)C(O)=O,0.4,-0.397940009
58,OC(=O)C(Cl)(Cl)Cl,0.3,-0.522878745
59,[O-][N+](=O)C(Cl)(Cl)Cl,1.79,0.252853031
60,ClC1(Cl)C2(Cl)C3C=CC(Cl)C3C1(Cl)C(Cl)=C2Cl,4.38,0.641474111
61,CCCCSP(=O)(SCCCC)SCCCC,3.7,0.568201724
62,CC1CC(C)(C)CC(=O)C=1,1.4,0.146128036
63,CC(Cl)CCl,1.67,0.222716471
64,ClCC(Cl)Cl,1.89,0.276461804
65,ClC=C(Cl)Cl,2.0,0.301029996
66,C=CC(N)=O,1.7,0.230448921
67,ClC(Cl)C(Cl)Cl,1.9,0.278753601
68,CC(=O)CC(C1=C(O)c2ccccc2OC1=O)c1ccccc1,2.96,0.471291711
69,Cc1ccc2c(c1N)C(=O)c1ccccc1C2=O,3.9,0.591064607
70,[O-][N+](=O)c1c(Cl)c(Cl)c(Cl)c(Cl)c1Cl,3.98,0.599883072
71,C1Cc2cccc3cccc1c23,3.59,0.555094449
72,CC(=C)[C@H]1Cc2c3O[C@@H]4COc5cc(OC)c(cc5[C@@H]4C(=O)c3ccc2O1)OC,4.0,0.602059991
73,O=C1c2ccccc2C(=O)c2ccccc12,3.57,0.552668216
74,CCOC(=O)c1ccccc1C(=O)OCC,1.84,0.264817823
75,O=C(OCC(C)C)c(c(ccc1)C(=O)OCC(C)C)c1,3.14,0.496929648
76,CCOC(=O)COC(=O)c1ccccc1C(=O)OCC,2.54,0.404833717
77,CCCCOC(=O)c1ccccc1C(=O)OCCCC,3.14,0.496929648
78,CCCCCCOC(=O)c1ccccc1C(=O)OCCCCCC,4.72,0.673941999
79,[Br-].[Br-].C1C[n+]2ccccc2-c2cccc[n+]21,2.7,0.431363764
80,c1cc2ccccc2c2ccccc21,4.35,0.638489257
81,c1cccc2c3ccc[n]c3ccc21,4.64,0.666517981
82,c(c(c(c(c1Br)Br)Br)Br)(c1Br)CC,4.92,0.691965103
83,OC(=O)Cc1c(Cl)c(Cl)ccc1Cl,1.8,0.255272505
84,O=C1OC(=O)c2ccccc12,1.56,0.193124598
85,CCCCOC(=O)c1ccccc1C(=O)OCc1ccccc1,3.72,0.57054294
86,O=C(OCC(=O)OCCCC)c(c(ccc1)C(=O)OCCCC)c1,3.7,0.568201724
87,O=NN(c1ccccc1)c1ccccc1,3.08,0.488550717
88,S=P(OC)(OC)SCN1N=Nc2ccccc2C1(=O),2.28,0.357934847
89,C1c2ccccc2-c2ccccc21,3.7,0.568201724
90,c1cccc2[nH]c3ccccc3c21,3.4,0.531478917
91,NC(=O)Cc1cccc2ccccc21,2.0,0.301029996
92,O=C(O)Cc(c(c(ccc1)cc2)c1)c2,2.2,0.342422681
93,Clc1c(Cl)cccc1Cl,3.33,0.522444234
94,Oc1c(Cl)c(Cl)c(Cl)c(Cl)c1Cl,4.3,0.633468456
95,Oc1c(Cl)cc(Cl)cc1Cl,3.03,0.481442629
96,[O-][N+](=O)c1ccc(O)cc1C(F)(F)F,2.11,0.324282455
97,CCC(C)c1cc(cc(c1O)[N+]([O-])=O)[N+]([O-])=O,2.7,0.431363764
98,O=C(O)c(c(ccc1)C(=O)O)c1,1.07,0.029383778
99,COc1ccccc1O,1.56,0.193124598
100,Cc1cccc2ccccc21,3.36,0.526339277
101,Oc1cccc2ccccc21,2.72,0.434568904
102,O=C(c(ccc(N(C)C)c1)c1)c(ccc(N(C)C)c2)c2,2.21,0.344392274
103,OC(c1ccccc1)c1ccccc1,2.34,0.369215857
104,COc1ccccc1OC,2.03,0.307496038
105,C1CCCC2CCCCC21,3.67,0.564666064
106,c1cccc2ccccc21,2.96,0.471291711
107,c1cccc2[n]cccc21,3.1,0.491361694
108,Cc1cc2ccccc2cc1,3.6,0.556302501
109,CCN(CC)c1ccccc1,2.08,0.318063335
110,CN(C)CCN(Cc1ccc[s]1)c1cccc[n]1,2.87,0.457881897
111,Nc1ccc(cc1Cl)-c1cc(Cl)c(N)cc1,4.35,0.638489257
112,c1c2cc3ccccc3cc2cc2ccccc21,5.81,0.764176132
113,c1ccccc1-c1ccccc1,3.27,0.514547753
114,c1cccc2[n]c3ccccc3[n]c21,3.37,0.527629901
115,Nc1ccc(cc1)-c1ccc(N)cc1,3.46,0.539076099
116,CC(=O)c1ccc(cc1)-c1ccccc1,3.22,0.507855872
117,CC(=O)c1cc2ccccc2cc1,2.93,0.46686762
118,COC(=O)c1ccccc1,2.1,0.322219295
119,Cc1cc(Cl)ccc1OC(C)C(O)=O,1.3,0.113943352
120,C=CCN(CC=C)C(=O)CCl,1.3,0.113943352
121,CC(Oc1cc(Cl)c(Cl)cc1Cl)C(O)=O,1.75,0.243038049
122,OC(=O)COc1cc(Cl)c(Cl)cc1Cl,1.99,0.298853076
123,CCOC(=O)c1ccccc1,2.3,0.361727836
124,O=C(Oc1ccccc1)c1ccccc1,3.16,0.499687083
125,Cc1ccc(cc1)C(=O)OCC,2.59,0.413299764
126,C=CCc1ccc2OCOc2c1,2.83,0.451786436
127,Cc1cc(Cl)ccc1OCC(O)=O,1.73,0.238046103
128,OC(=O)COc1ccc(Cl)cc1Cl,1.66,0.220108088
129,Nc1ccc(N=Nc2ccccc2)c(N)[n]1,2.32,0.365487985
130,Cc1cc(Cl)ccc1OCCCC(O)=O,2.73,0.436162647
131,c1cccc2[nH][n][n]c21,1.69,0.227886705
132,c1cccc2[s]ccc21,3.48,0.541579244
133,Cc1ccccc1C,2.25,0.352182518
134,Clc1ccccc1Cl,2.56,0.408239965
135,Oc1ccccc1Cl,2.6,0.414973348
136,Nc1cc(Cl)c(Cl)cc1,2.29,0.359835482
137,Oc1cc(Cl)c(Cl)cc1,3.09,0.489958479
138,Cc1cc(C)c(C)cc1C,3.12,0.494154594
139,Clc1cc(Cl)c(Cl)cc1Cl,4.1,0.612783857
140,Oc1cc(Cl)c(Cl)cc1Cl,3.36,0.526339277
141,ClCC(Br)CBr,1.85,0.267171728
142,Nc1cc(ccc1)C(F)(F)F,2.36,0.372912003
143,CC(O)c1ccccc1,1.5,0.176091259
144,CC(=O)c1ccccc1,1.8,0.255272505
145,[O-][N+](=O)c1ccccc1,1.94,0.28780173
146,Nc1cc(ccc1)[N+]([O-])=O,1.73,0.238046103
147,Nc1c(Cl)cc(cc1Cl)[N+]([O-])=O,3.0,0.477121255
148,[O-][N+](=O)c1cc(cc(c1)[N+]([O-])=O)C(O)=O,1.53,0.184691431
149,[O-][N+](=O)c1cc(Cl)c(Cl)cc1,2.53,0.403120521
150,O=C(OCC)c(ccc(N(=O)=O)c1)c1,2.48,0.394451681
151,Cc1ccc(cc1)C(O)=O,1.77,0.247973266
152,Oc1ccc(cc1)C(O)=O,1.43,0.155336037
153,Nc1ccc(cc1)[N+]([O-])=O,1.88,0.274157849
154,[O-][N+](=O)c1ccc(O)cc1,2.37,0.374748346
155,CCc1ccccc1,2.23,0.348304863
156,C=Cc1ccccc1,2.96,0.471291711
157,C=Cc1cc[n]cc1,1.18,0.071882007
158,OCc1ccccc1,1.1,0.041392685
159,N#Cc1c[n]ccc1,1.56,0.193124598
160,CNc1ccccc1,2.28,0.357934847
161,COc1ccccc1,1.54,0.187520721
162,Clc1ccccc1Nc1[n]c(Cl)[n]c(Cl)[n]1,3.0,0.477121255
163,CC(C)OC(=O)Nc1cccc(Cl)c1,2.6,0.414973348
164,O=C(Nc1cc(Cl)ccc1)OCC#CCCl,3.06,0.485721426
165,CN(C)C(=O)Nc1ccccc1,1.4,0.146128036
166,Brc1ccc(cc1)Oc1ccccc1,4.23,0.626340367
167,CN(C)c1ccc(Cc2ccc(cc2)N(C)C)cc1,3.96,0.597695186
168,Nc1ccc(Cc2ccc(N)cc2)cc1,1.99,0.298853076
169,c1ccccc1Oc1ccccc1,3.29,0.517195898
170,CCOC(=O)Cc1ccccc1,1.89,0.276461804
171,O=C(OCC)Nc(cccc1)c1,1.82,0.260071388
172,O=C(OCC(CCCC)CC)CCCCC(=O)OCC(CCCC)CC,4.19,0.622214023
173,c1ccccc1N=Nc1ccccc1,3.3,0.51851394
174,CC(=O)OCCc1ccccc1,1.89,0.276461804
175,CCCc1ccccc1,2.87,0.457881897
176,OCCc1cccc[n]1,1.45,0.161368002
177,OC(=O)Cc1ccccc1,1.45,0.161368002
178,CC(=O)Nc1ccccc1,1.43,0.155336037
179,CC(=O)Nc1ccc(Br)cc1,1.95,0.290034611
180,CCCCCCCCCc1ccc(O)cc1,3.84,0.584331224
181,CCCCc1ccccc1,3.39,0.530199698
182,COc1ccc(N)cc1,1.93,0.285557309
183,CCCCCCC(=O)OCC,2.61,0.416640507
184,CCCCCCCC(=O)OCC,3.02,0.480006943
185,Nc1ccc(Br)cc1,1.96,0.292256071
186,Oc1ccc(Br)cc1,2.41,0.382017043
187,Cc1ccc(C)cc1,2.41,0.382017043
188,Cc1ccc(O)cc1,2.7,0.431363764
189,Clc1ccc(Cl)cc1,2.65,0.423245874
190,Nc1ccc(Cl)cc1,1.96,0.292256071
191,Cc1ccc(N)cc1,1.9,0.278753601
192,ClCC1CO1,1.0,0
193,BrCCBr,1.71,0.23299611
194,ClCCCl,1.52,0.181843588
195,Cc1cc(C)ccc1,2.25,0.352182518
196,Oc1cc(Cl)ccc1,2.54,0.404833717
197,Cc1cc(N)ccc1,1.53,0.184691431
198,Oc1cc(O)ccc1,0.98,-0.008773924
199,O(C(CCl)C)C(CCl)C,1.67,0.222716471
200,CC1OC(C)OC(C)OC(C)O1,2.38,0.376576957
201,COCC(OC(=O)C)C,0.36,-0.443697499
202,Cc1cc(C)cc(C)c1,2.82,0.450249108
203,Cc1cc(O)cc(C)c1,2.83,0.451786436
204,Clc1cc(Cl)cc(Cl)c1,2.85,0.45484486
205,Brc1ccccc1,2.49,0.396199347
206,Cc1ccccc1,2.07,0.315970345
207,Clc1ccccc1,2.15,0.33243846
208,Oc1ccccc1,1.43,0.155336037
209,CCCCN,1.88,0.274157849
210,c1cccc[n]1,1.6,0.204119983
211,CCCCCCO,1.01,0.004321374
212,OCCNCCO,0.6,-0.22184875
213,ClCCOCCCl,1.88,0.274157849
214,SC(=S)NCCNC(S)=S,2.74,0.437750563
215,CCCCCCCO,1.14,0.056904851
216,CCCCOCCO,1.83,0.26245109
217,CCCCCCCCO,1.56,0.193124598
218,ClCCOCOCCCl,1.79,0.252853031
219,CCCCCCCCCCO,2.59,0.413299764
220,CCCCCCCCCCCCO,3.52,0.546542663
221,CNC(=O)Oc1ccccc1OC(C)C,1.67,0.222716471
222,NC(=O)Nc1ccccc1Cl,1.61,0.206825876
223,O=C(O)C(C(C(=C(C12Cl)Cl)Cl)(C1(Cl)Cl)Cl)C2C(=O)O,2.79,0.445604203
224,O=S1OCC2C(CO1)C1(Cl)C(Cl)=C(Cl)C2(Cl)C1(Cl)Cl,4.11,0.613841822
225,OC(c1ccc(Cl)cc1)(c1ccc(Cl)cc1)C(Cl)(Cl)Cl,3.7,0.568201724
226,CS(=O)c1ccc(cc1)OP(=S)(OCC)OCC,2.52,0.401400541
227,CNC(=O)ON=CC(C)(C)SC,1.5,0.176091259
228,[O-][N+](=O)c1c(Cl)c(Cl)cc(Cl)c1Cl,4.05,0.607455023
229,O=C1c2ccccc2C(=O)C(Cl)=C1Cl,3.98,0.599883072
230,O=C(OCC(CCCC)CC)c(c(ccc1)C(=O)OCC(CCCC)CC)c1,4.94,0.693726949
231,CCCCCCCCOC(=O)c1ccccc1C(=O)OCCCCCCCC,4.38,0.641474111
232,Clc1c(Cl)c(Cl)c(Cl)c(Cl)c1Cl,3.74,0.572871602
233,O=C1C(Cl)=C(Cl)C(=O)C(Cl)=C1Cl,2.32,0.365487985
234,O=C(c1ccccc1)c1ccccc1,2.63,0.419955748
235,c1cc([n]c2ccccc21)-c1ccc2ccccc2[n]1,4.02,0.604226053
236,c1c2ccccc2cc2ccccc21,4.31,0.63447727
237,CC(Oc1ccc(Cl)cc1Cl)C(O)=O,2.23,0.348304863
238,O=C(OCC)c(ccc(O)c1)c1,2.21,0.344392274
239,Clc1cc(Cl)c(Cl)cc1,3.1,0.491361694
240,Oc1ccc(Cl)cc1Cl,2.81,0.44870632
241,CN(C)c1ccccc1,2.26,0.354108439
242,CCOC(=O)C(CC(=O)OCC)SP(=S)(OC)OC,2.36,0.372912003
243,NC(=O)c1cc(cc(c1)[N+]([O-])=O)[N+]([O-])=O,2.31,0.36361198
244,Cc1cc(ccc1[N+]([O-])=O)OP(=S)(OC)OC,2.63,0.419955748
245,CC(=O)Nc1cc(ccc1)[N+]([O-])=O,1.94,0.28780173
246,CCNc1[n]c(Cl)[n]c(NCC)[n]1,2.1,0.322219295
247,c1ccccc1Nc1ccccc1,2.78,0.444044796
248,O=C(OC(C)C)Nc(cccc1)c1,1.83,0.26245109
249,c1ccccc1NNc1ccccc1,2.98,0.474216264
250,C1=CC(=O)NNC1(=O),0.45,-0.346787486
251,CCCCCC(=O)OCC,2.06,0.31386722
252,C1COCCO1,1.23,0.089905111
253,ClC(Br)Br,1.92,0.283301229
254,CCSCCSP(=O)(OCC)OCC,1.85,0.267171728
255,ClC(Cl)=C(Cl)Cl,2.4,0.380211242
256,O=C1c2ccccc2-c2ccc3c4c2c1ccc4-c1ccccc1C3=O,4.28,0.631443769
257,c1cc2cccc3ccc4cccc1c4c32,4.9,0.69019608
258,COC(=O)c1ccccc1C(=O)OC,1.6,0.204119983
259,c1cccc2oc3ccccc3c21,3.91,0.592176757
260,c1cccc2[s]c3ccccc3c21,4.05,0.607455023
261,O=C1C2CC=CCC2C(=O)N1SC(Cl)(Cl)Cl,2.3,0.361727836
262,O=C1c2ccccc2C(=O)N1SC(Cl)(Cl)Cl,3.27,0.514547753
263,Nc1cc(Cl)cc(C(O)=O)c1Cl,1.48,0.170261715
264,Nc1cccc2ccccc21,3.51,0.545307116
265,CCCCOC(=O)c1ccccc1,2.1,0.322219295
266,CN(C)C(=S)SSC(=S)N(C)C,2.83,0.451786436
267,CC(C)Nc1[n]c(Cl)[n]c(NC(C)C)[n]1,2.4,0.380211242
268,Nc1ccc(cc1)Sc1ccc(N)cc1,2.04,0.309630167
269,[Na+].CN(C)c1ccc(cc1)N=NS([O-])(=O)=O,1.18,0.071882007
270,C/C(=C\C(=O)N(C)C)/OP(=O)(OC)OC,1.66,0.220108088
271,CCCCCC(O)=O,1.46,0.164352856
272,CCCCCCCCCO,1.89,0.276461804
273,O=C1C2(Cl)C3(Cl)C4(Cl)C2(Cl)C2(Cl)C(Cl)(C3(Cl)C21Cl)C4(Cl)Cl,4.2,0.62324929
274,OC(=O)C1C(C2CCC1O2)C(O)=O,2.09,0.320146286
275,c1[n]c(c[s]1)-c1[nH]c2ccccc2[n]1,3.24,0.51054501
276,Sc1[n]c2ccccc2[s]1,2.25,0.352182518
277,Nc1ccc(cc1)C(O)=O,2.5,0.397940009
278,COc1cccc(O)c1,1.5,0.176091259
279,CN(C)C(=O)Nc1ccc(Cl)cc1,1.95,0.290034611
280,C1CN1,0.78,-0.107905397
281,O[C@H]1Cc2c(cc(O)cc2O)O[C@@H]1c1cc(O)c(O)cc1,2.03,0.307496038
282,c1c2ccccc2c2ccc3c4c2c1ccc4cc1ccccc13,5.71,0.756636108
283,c1cc2ccc3cccc4c3c2c2c3c4cccc3ccc21,4.61,0.663700925
284,c1c2c3c4c5c1cccc5ccc4ccc3-c1ccccc1-2,6.2,0.792391689
285,c1cc2[nH]c3ccc4ccccc4c3c2c2ccccc21,6.03,0.780317312
286,c1ccc2c3c(cccc31)-c1ccccc1-2,4.8,0.681241237
287,c1c2-c3cccc4cccc(c43)-c2cc2ccccc21,4.34,0.63748973
288,c1ccc2C=Cc3cccc1c32,3.75,0.574031268
289,c4ccc3nc2ccc1ccccc1c2cc3c4,4.39,0.64246452
290,c1c2ccccc2[n]c2ccccc21,4.18,0.621176282
291,COP(=S)(OC)Oc1ccc(cc1)N(=O)=O,3.0,0.477121255
292,CCSCSP(=S)(OCC)OCC,2.7,0.431363764
293,CCSCCOP(=S)(OCC)OCC,2.59,0.413299764
294,CCSCCSP(=S)(OCC)OCC,3.22,0.507855872
295,COP(=O)(OC(Br)C(Cl)(Cl)Br)OC,2.26,0.354108439
296,CCS(=O)CCSP(=O)(OC)OC,1.0,0
297,"ClC1(Cl)[C@@]2(Cl)[C@@H]3[C@@H]4C[C@@H](C=C4)[C@@H]3[C@]1(Cl)C(Cl)=C2Cl |&1:3,5,6,8,11,12|",4.69,0.671172843
298,CC1NC(=O)N(C(C)CC)C(=O)C=1Br,1.6,0.204119983
299,CC1NC(=O)N(C(C)C)C(=O)C=1Br,2.11,0.324282455
300,CN(C)c1c(C)cc(cc1C)OC(=O)NC,2.48,0.394451681
301,CCP(=S)(Oc1cc(Cl)c(Cl)cc1Cl)OCC,2.6,0.414973348
302,CN(C)C(=O)Nc1cccc(F)c1,1.73,0.238046103
303,CN(C)C(=O)Nc1cc(Cl)c(Cl)cc1,2.4,0.380211242
304,CON(C)C(=O)Nc1cc(Cl)c(Cl)cc1,2.7,0.431363764
305,CN(C)C(=O)Nc1ccc(F)cc1,1.43,0.155336037
306,Cc1cc([n]c([n]1)C(C)C)OP(=S)(OCC)OCC,2.75,0.439332694
307,CC(=O)Nc1cccc(F)c1,1.57,0.195899652
308,CC(=O)Nc1cccc(c1)C(F)(F)F,1.75,0.243038049
309,CC(=O)Nc1ccc(F)cc1,1.48,0.170261715
310,c1ccc[n]c1-c1cccc[n]1,1.6,0.204119983
311,CCOP(=O)(OC(=CCl)c1ccc(Cl)cc1Cl)OCC,2.47,0.392696953
312,CN(C)c1ccc(cc1)C(=N)c1ccc(cc1)N(C)C,3.31,0.519827994
313,[O-][N+](=Nc1ccccc1)c1ccccc1,3.5,0.544068044
314,CCOC(=O)C(O)(c1ccc(Cl)cc1)c1ccc(Cl)cc1,3.3,0.51851394
315,Cc1c(C)cccc1C,2.8,0.447158031
316,Nc1c(Cl)c(Cl)c(Cl)c(Cl)c1Cl,4.62,0.664641976
317,[O-][N+](=O)c1ccc(cc1[N+]([O-])=O)C(O)=O,1.53,0.184691431
318,O=C(Nc(c(ccc1)Cl)c1)C,1.58,0.198657087
319,N(CSC(N1C)=S)(C1)C,1.0,0
320,Cc1cc(cc(c1O)[N+]([O-])=O)[N+]([O-])=O,2.41,0.382017043
321,Cc1cccc(c1)NC(C)=O,1.45,0.161368002
322,CCCCC(=O)OCC,1.97,0.294466226
323,BrC=CBr,1.65,0.217483944
324,c(cccc1Cl)(c1)Cl,2.58,0.411619706
325,C(=CCl)CCl,1.665,0.221414238
326,Nc1ccc(Cl)cc1Cl,2.72,0.434568904
327,CCCCN(C)C(=O)Nc1cc(Cl)c(Cl)cc1,3.4,0.531478917
328,CN=C=S,0.97,-0.013228266
329,CCOP(=S)(OCC)SCSP(=S)(OCC)OCC,4.06,0.608526034
330,Oc1cccc(Cl)c1Cl,2.66,0.424881637
331,[O-][N+](=O)c1ccc(Br)cc1,2.42,0.383815366
332,CN(C)C(=O)Nc1cccc(Cl)c1,1.79,0.252853031
333,CC(=O)Nc1cccc(Cl)c1,1.86,0.269512944
334,Oc1cc(Cl)cc(Cl)c1,2.83,0.451786436
335,Ic1ccccc1,3.1,0.491361694
336,NC(=O)C(Cl)(Cl)Cl,0.99,-0.004364805
337,c1ccccc1N(c1ccccc1)c1ccccc1,2.26,0.354108439
338,Nc1c(Cl)cccc1Cl,3.25,0.511883361
339,Clc1c(Cl)c(Cl)cc(Cl)c1Cl,3.5,0.544068044
340,Oc1cc(Cl)c(Cl)c(Cl)c1,3.56,0.551449998
341,NC(=O)c1ccccc1Cl,1.51,0.178976947
342,NC(=O)c1ccccc1[N+]([O-])=O,1.45,0.161368002
343,[O-][N+](=O)c1ccc(cc1C(O)=O)[N+]([O-])=O,2.3,0.361727836
344,CN(C)C(=O)c1ccccc1,1.6,0.204119983
345,Nc1cc2cc3ccccc3cc2cc1,4.45,0.648360011
346,CNC(=O)c1ccccc1,1.68,0.225309282
347,CCOC(=O)c1cc(cc(c1)[N+]([O-])=O)[N+]([O-])=O,2.74,0.437750563
348,Nc1cc(cc(c1)[N+]([O-])=O)[N+]([O-])=O,2.55,0.40654018
349,Cc1ccc(cc1)C(N)=O,1.78,0.250420002
350,NC(=O)c1ccc(cc1)[N+]([O-])=O,1.93,0.285557309
351,CC(=O)Nc1cccc(Br)c1,2.01,0.303196057
352,Nc1cc(Cl)cc(Cl)c1,2.49,0.396199347
353,OC(=O)c1c(c(Cl)c(Cl)c(Cl)c1Cl)C(O)=O,3.3,0.51851394
354,Clc1ccc(Cl)c(Cl)c1Cl,3.84,0.584331224
355,Nc1ccc(Cl)c(Cl)c1Cl,2.6,0.414973348
356,Nc1cc(Cl)c(Cl)c(Cl)c1Cl,3.03,0.481442629
357,Clc1cc(Cl)c(Cl)c(Cl)c1,3.2,0.505149978
358,NC(=O)c1cc(ccc1)[N+]([O-])=O,1.95,0.290034611
359,Fc1c(F)c(F)c(F)c(F)c1S(=O)(=O)C,1.46,0.164352856
360,NC(=O)Nc1ccccc1F,1.32,0.120573931
361,NC(=O)Nc1ccc(F)cc1,1.52,0.181843588
362,COc1[n]c(NCC)[n]c(NCC)[n]1,2.34,0.369215857
363,O=C(N(CC)CC)C,1.84,0.264817823
364,Cc1cc(O)c(C)c(C)c1,3.61,0.557507202
365,CCC(=O)Nc1cc(Cl)c(Cl)cc1,2.17,0.336459734
366,OC(=O)c1c2ccccc2cc2ccccc21,2.74,0.437750563
367,COP(=S)(OC)SCN1C(=O)c2ccccc2C1=O,2.91,0.463892989
368,CC(C)OP(=S)(OC(C)C)SCCNS(=O)(=O)c1ccccc1,3.0,0.477121255
369,O=C(N(CCC)CCC)SCC,2.38,0.376576957
370,NC(=O)Nc1cccc(F)c1,1.77,0.247973266
371,Cc1c2ccccc2cc2ccccc21,4.81,0.682145076
372,CCOP(=S)(OCC)SCSc1ccc(Cl)cc1,4.66,0.668385917
373,CCNc1[n]c(NC(C)C)[n]c([n]1)SC,2.59,0.413299764
374,Oc1ccc2ccccc2c1/N=N/c1ccccc1,3.58,0.553883027
375,[O-][N+](=O)c1cc(Cl)c(Cl)c(Cl)c1Cl,4.23,0.626340367
376,CCNc1[n]c(NC(C)(C)C)[n]c([n]1)SC,2.85,0.45484486
377,O=C(NC1CCCCC1)Nc2ccccc2,2.07,0.315970345
378,CCSCCSP(=O)(OC)OC,1.49,0.173186268
379,Oc1cc(Cl)cc(Cl)c1Cl,3.61,0.557507202
380,CCc1cc2ccccc2cc1,3.76,0.575187845
381,CCP(=S)(OCC)Sc1ccccc1,2.94,0.46834733
382,COC1=NN(CSP(=S)(OC)OC)C(=O)S1,1.53,0.184691431
383,COP(=S)(OC)SCSc1ccc(Cl)cc1,4.67,0.669316881
384,CN(C)C(=O)C(c1ccccc1)c1ccccc1,2.32,0.365487985
385,COP(=O)(OC(=CCl)c1cc(Cl)c(Cl)cc1Cl)OC,3.01,0.478566496
386,CNC(=O)Nc1ccccc1,1.29,0.11058971
387,CCNc1nc(NCC)nc(SC)n1,2.3,0.361727836
388,ClC1(Cl)C2(Cl)C3C4OC4C(Cl)C3C1(Cl)C(Cl)=C2Cl,4.02,0.604226053
389,OC(=O)CNCP(O)(O)=O,3.32,0.521138084
390,CCN(CCCC)C(=O)SCCC,2.8,0.447158031
391,CCc1cccc2ccccc12,3.78,0.5774918
392,CCCC(=O)Nc1ccccc1,1.71,0.23299611
393,CCN(C1CCCCC1)C(=O)SCC,2.54,0.404833717
394,N#Cc1c(Cl)cccc1Cl,2.5,0.397940009
395,O(C1C(O2)C2)C1,0.4,-0.397940009
396,OCc1c2ccccc2cc2ccccc21,3.61,0.557507202
397,Oc1cc2CCCc2cc1,3.4,0.531478917
398,CCCCOC(=O)Nc1ccccc1,2.26,0.354108439
399,CC1(C)Cc2cccc(OC(=O)NC)c2O1,1.75,0.243038049
400,CCCN(CCC)c1c(cc(cc1[N+]([O-])=O)C(F)(F)F)[N+]([O-])=O,4.2,0.62324929
401,CN(C)NC(=O)CCC(O)=O,0.95,-0.022276395
402,CCNc1[n]c(NC(C)C)[n]c([n]1)OC,2.64,0.421603927
403,COc1[n]c(NC(C)C)[n]c(NC(C)C)[n]1,2.6,0.414973348
404,CCNNCC,1.18,0.071882007
405,CNC(=O)O/N=C/C(C)(C)S(C)=O,0.56,-0.251811973
406,CNC(=O)O/N=C/C(C)(C)S(C)(=O)=O,0.42,-0.37675071
407,CCCCCCCC(=O)Oc1c(Br)cc(cc1Br)C#N,4.0,0.602059991
408,NC1C=NN(C(=O)C=1Cl)c1ccccc1,2.08,0.318063335
409,OC(=O)c1[n]c(Cl)ccc1Cl,1.56,0.193124598
410,Clc1cc2Oc3cc(Cl)c(Cl)cc3Oc2cc1Cl,6.5,0.812913357
411,CN(OC)C(=O)Nc1ccc(Cl)cc1,2.1,0.322219295
412,O=P(NC)(NC)Oc1ccccc1,1.51,0.178976947
413,[O-][N+](=O)c1ccc(cc1)Oc1ccc(Cl)cc1Cl,4.0,0.602059991
414,[O-][N+](=O)c1ccc(cc1)Oc1c(Cl)cc(Cl)cc1Cl,3.9,0.591064607
415,COC(=O)c1c(Cl)c(Cl)c(c(Cl)c1Cl)C(=O)OC,3.7,0.568201724
416,CCCCN(CC)c1c(cc(cc1[N+]([O-])=O)C(F)(F)F)[N+]([O-])=O,4.03,0.605305046
417,N#Cc1c(Cl)c(Cl)c(Cl)c(C#N)c1Cl,3.26,0.5132176
418,CCNc1[n]c(Cl)[n]c(NC(C)C)[n]1,2.24,0.350248018
419,CC(C)Nc1[n]c([n]c(Cl)[n]1)N(CC)CC,2.91,0.463892989
420,CCNc1[n]c([n]c(Cl)[n]1)N(CC)CC,2.76,0.440909082
421,COc1c(C(O)=O)c(Cl)ccc1Cl,1.5,0.176091259
422,Nc1c(Cl)c([n]c(Cl)c1Cl)C(O)=O,1.3,0.113943352
423,NC(=S)c1c(Cl)cccc1Cl,2.26,0.354108439
424,CC(C)N(C(=O)CCl)c1ccccc1,2.42,0.383815366
425,COC(=O)Nc1cc(Cl)c(Cl)cc1,2.74,0.437750563
426,CCCSC(=O)N(CCC)CCC,2.33,0.367355921
427,Clc1cccc([n]1)C(Cl)(Cl)Cl,2.62,0.418301291
428,CC(C#C)OC(=O)Nc1cccc(Cl)c1,2.21,0.344392274
429,NC(=O)Nc1ccc(Br)cc1,2.06,0.31386722
430,NC(=O)Nc1cccc(Cl)c1,2.01,0.303196057
431,CN(C)C(=O)Nc1ccc(cc1)Oc1ccc(Cl)cc1,3.55,0.550228353
432,CC1CCCCC1NC(=O)Nc1ccccc1,2.31,0.36361198
433,CCSC(=O)N(CC(C)C)CC(C)C,2.11,0.324282455
434,NC(=O)c1c(Cl)cccc1Cl,0.53,-0.27572413
435,Cc1cc(ccc1N(C)C)OC(=O)NC,2.0,0.301029996
436,CNC(=O)Oc1cc(C)c(SC)c(C)c1,2.32,0.365487985
437,Clc1ccccc1-c1ccccc1,3.47,0.540329475
438,CCCNc1c(cc(cc1N(=O)=O)C(F)(F)F)N(=O)=O,3.61,0.557507202
439,CCOP(=S)(Oc1ccc(cc1)[N+]([O-])=O)c1ccccc1,3.12,0.494154594
440,CCOC(=O)Cc1cccc2ccccc21,2.48,0.394451681
441,Clc1cc(Cl)c(Cl)c(-c2c(Cl)c(Cl)cc(Cl)c2Cl)c1Cl,6.36,0.803457116
442,COC(=O)Nc1cccc(Cl)c1,2.15,0.33243846
443,CC(=O)Nc1cc(Cl)c(Cl)cc1,2.34,0.369215857
444,O=C1C2CCCC=2NC(=O)N1C1CCCCC1,2.14,0.330413773
445,CN(C)C(=O)Nc1cc(ccc1)C(F)(F)F,1.9,0.278753601
446,CCSC(=O)N1CCCCCC1,1.92,0.283301229
447,ClC1(C(Cl)=C(Cl)C(Cl)=C1Cl)C1(Cl)C(Cl)=C(Cl)C(Cl)=C1Cl,4.52,0.655138435
448,Clc1c2c(c(Cl)c(Cl)c1Cl)c(Cl)c(Cl)c(Cl)c2Cl,5.89,0.770115295
449,CC(C)N(C(C)C)C(=O)SCC(Cl)=CCl,3.28,0.515873844
450,CC(C)N(C(C)C)C(=O)SCC(Cl)=C(Cl)Cl,3.35,0.525044807
451,Cc1ccc(cc1Cl)NC(=O)C(C)CCC,2.76,0.440909082
452,CCOP(=S)(OCC)SCN1C(=O)Oc2cc(Cl)ccc12,2.63,0.419955748
453,CC(C)(C)c1ccc(cc1)OC1CCCCC1OS(=O)OCC#C,3.6,0.556302501
454,NC(=O)Nc1cc(Cl)c(Cl)cc1,2.53,0.403120521
455,ClC1(Cl)C2(Cl)C3(Cl)C4(Cl)C2(Cl)C2(Cl)C(Cl)(C3(Cl)C12Cl)C4(Cl)Cl,6.0,0.77815125
456,O=C1C2CC=CCC2C(=O)N1SC(Cl)(Cl)C(Cl)Cl,3.32,0.521138084
457,Cc1cc2[n]c3SC(=O)Sc3[n]c2cc1,3.36,0.526339277
458,CCS(=O)(=O)CCSP(=S)(OCC)OCC,3.22,0.507855872
459,COc1c(O)c(Cl)c(Cl)c(Cl)c1Cl,2.85,0.45484486
460,CCOc1nc(ns1)C(Cl)(Cl)Cl,3.0,0.477121255
461,CCOC(=O)C(SP(=S)(OC)OC)c1ccccc1,3.0,0.477121255
462,COC(=O)Nc1ccccc1,1.73,0.238046103
463,CNC(=O)Oc1cc(C)cc(c1)C(C)C,2.48,0.394451681
464,Nc1cc2c3ccccc3ccc2c2ccccc21,5.21,0.716837723
465,CNC(=O)Oc1cc(C)cc(C)c1,1.71,0.23299611
466,COc1cc(Cl)c(Cl)c(Cl)c1O,2.8,0.447158031
467,COc1cc(Cl)c(cc1Cl)OC,3.1,0.491361694
468,CNC(=O)Oc1cc(C)c(C)c(C)c1,2.6,0.414973348
469,CCOP(=S)(Oc1[n]c(Cl)c(Cl)cc1Cl)OCC,3.7,0.568201724
470,NC(=O)Nc1cccc(Br)c1,2.12,0.326335861
471,CN(OC)C(=O)Nc1ccc(Br)cc1,2.1,0.322219295
472,O(P(OCC)(Oc(ccc(SC)c1)c1)=S)CC,3.18,0.50242712
473,COC(=O)NS(=O)(=O)c1ccc(N)cc1,1.6,0.204119983
474,COP(=S)(Oc1ccc(cc1)Sc1ccc(cc1)OP(=S)(OC)OC)OC,5.0,0.698970004
475,Oc1c(c(Cl)ccc1Cl)C(O)=O,2.3,0.361727836
476,ClC(Cl)=C(c1ccccc1Cl)c1ccc(Cl)cc1,5.49,0.739572344
477,CC1CCCCN1CCCOC(=O)c1cc(Cl)c(Cl)cc1,3.7,0.568201724
478,Nc1c(Cl)c(Cl)cc(Cl)c1Cl,3.94,0.595496222
479,CNC(=O)Nc1ccc(Cl)c(Cl)c1,2.46,0.390935107
480,OCc1ccc(cc1)-c1ccccc1,2.54,0.404833717
481,O=C(Oc(c(ccc1)C(CC)C)c1)NC,1.71,0.23299611
482,OC(=O)CN1c2c(Cl)cccc2SC1=O,1.52,0.181843588
483,CCCC(=O)Oc1c(Br)cc(cc1Br)C#N,3.03,0.481442629
484,CCSc1[n]c(NC(C)C)[n]c(NC(C)C)[n]1,3.07,0.487138375
485,OC(=O)c1cccc(Cl)[n]1,1.37,0.136720567
486,CS(=O)(=O)c1cc(c(c(c1)[N+]([O-])=O)N(CCC)CCC)[N+]([O-])=O,2.92,0.465382851
487,OCc1cccc2ccccc21,2.17,0.336459734
488,Oc1cc(Cl)c(Cl)c(Cl)c1Cl,4.12,0.614897216
489,Cc1[n]c([n]c(O)c1CCCC)N(C)C,1.95,0.290034611
490,CC1OCCSC=1C(=O)Nc1ccccc1,2.41,0.382017043
491,CC1OCCS(=O)(=O)C=1C(=O)Nc1ccccc1,1.98,0.29666519
492,COc1ccc(N)cc1Cl,1.93,0.285557309
493,CCCOC(=O)Nc1ccccc1,2.06,0.31386722
494,COP(=S)(Oc1[n]c(Cl)c(Cl)cc1Cl)OC,3.52,0.546542663
495,CC1NC(=O)N(C(=O)C=1Cl)C(C)(C)C,1.66,0.220108088
496,CCNc1[n]c(Cl)[n]c(NC(C)(C)C)[n]1,2.32,0.365487985
497,Cc1cc(Cl)ccc1N=CN(C)C,2.91,0.463892989
498,CCCCC(COC(=O)c1ccc(cc1)C(=O)OCC(CCCC)CC)CC,4.16,0.619093331
499,C/C(=C\C(=O)NC)/OP(=O)(OC)OC,0.0,#NUM!
500,Cc1cc(N)ccc1Br,2.26,0.354108439
501,CNC(=O)Oc1ccccc1C1OCCO1,1.6,0.204119983
502,Clc1cc(Cl)ccc1-c1ccc(Cl)cc1,4.63,0.665580991
503,CC(=O)Nc1cc(Cl)c(cc1)OC,1.95,0.290034611
504,c1c(OC)nc(Cl)cc1C(Cl)(Cl)Cl,3.48,0.541579244
505,Cc1ccc(cc1)NC(=O)N(C)C,1.51,0.178976947
506,COc1ccc(NC(=O)N(C)C)cc1,1.4,0.146128036
507,O=C(OC)c(c(c(N)cc1Cl)Cl)c1,2.74,0.437750563
508,CSc1[n]c(NC(C)C)[n]c(NC(C)C)[n]1,2.85,0.45484486
509,C/C(=C\C(=O)OC(C)c1ccccc1)/OP(=O)(OC)OC,2.0,0.301029996
510,COP(N)(=O)SC,0.7,-0.15490196
511,CC(C)=CC1C(C(=O)OCc2coc(Cc3ccccc3)c2)C1(C)C,5.0,0.698970004
512,CCOP(=S)(OCC)SCS(=O)C(C)(C)C,2.18,0.338456494
513,COC(=O)Nc1[nH]c2ccccc2[n]1,2.35,0.371067862
514,[Zn+2].[S-]C(=S)NCCNC([S-])=S,3.0,0.477121255
515,[Mn+2].[S-]C(=S)NCCNC([S-])=S,2.38,0.376576957
516,COc1ccc(cc1)C(O)(C1CC1)c1c[n]c[n]c1,2.08,0.318063335
517,Clc1ccccc1-c1ccccc1Cl,3.92,0.593286067
518,CC(C)(C)SCSP(=S)(OCC)OCC,2.82,0.450249108
519,NC(=O)Nc1cc(ccc1)C(F)(F)F,1.98,0.29666519
520,O=C(Nc1ccccc1)NC1CC1,1.74,0.240549248
521,O=C(Nc1ccccc1)NC1CCCC1,1.93,0.285557309
522,CCN(CC)C(=O)C(Cl)=C(C)OP(=O)(OC)OC,0.85,-0.070581074
523,CCOP(=O)(SCCC)SCCC,1.85,0.267171728
524,O=P(OCC)(OCC)SCc1ccccc1,2.4,0.380211242
525,CON(C)C(=O)Nc1ccc(Br)c(Cl)c1,2.7,0.431363764
526,CCOC(=O)Nc1cccc(c1)OC(=O)Nc1ccccc1,3.18,0.50242712
527,Cc1cc(ccc1)NC(=O)Oc1cc(ccc1)NC(=O)OC,3.38,0.5289167
528,CS(=O)(=O)c1ccc(cc1)OP(=S)(OCC)OCC,2.17,0.336459734
529,CC(Oc1cccc2ccccc21)C(=O)N(CC)CC,2.76,0.440909082
530,O=C(Nc1ccccc1)c1ccccc1I,2.82,0.450249108
531,Cc1ccc(cc1Cl)NC(=O)N(C)C,2.02,0.305351369
532,Clc1cccc(Cl)c1-c1c(Cl)cccc1Cl,4.9,0.69019608
533,COCN(C(=O)CCl)c1c(CC)cccc1CC,2.28,0.357934847
534,OP(O)(=O)CCCl,0.0,#NUM!
535,CC(=NOC(=O)NC)SC,1.3,0.113943352
536,CCCCNC(=O)[n]1c(NC(=O)OC)[n]c2ccccc12,2.71,0.432969291
537,CNC(=O)N(C)c1[n]c2ccccc2[s]1,2.8,0.447158031
538,CCCN(CCC)c1c(cc(cc1[N+]([O-])=O)S(N)(=O)=O)[N+]([O-])=O,3.4,0.531478917
539,O=C(Nc1ccccc1)NC1CCCCCC1,2.37,0.374748346
540,CC(C)Oc1cc(c(Cl)cc1Cl)N1N=C(OC1=O)C(C)(C)C,3.51,0.545307116
541,COc1ccc(cc1Cl)NC(=O)N(C)C,1.72,0.235528447
542,CN1C(=O)N(OC1=O)c1cc(Cl)c(Cl)cc1,3.48,0.541579244
543,CNC(=O)Nc1ccc(OC)c(Cl)c1,1.84,0.264817823
544,CNC(=O)Nc1cc(Cl)ccc1,1.93,0.285557309
545,CSC1=NN=C(C(=O)N1N)C(C)(C)C,1.71,0.23299611
546,COP(=S)(Oc1cc(Cl)c(Br)cc1Cl)c1ccccc1,4.5,0.653212514
547,CCNc1[n]c(Cl)[n]c(NC(C)(C)C#N)[n]1,2.28,0.357934847
548,Cc1ccc(cc1Cl)NC(=O)NC,2.1,0.322219295
549,Cc1cc(ccc1SC)OP(=O)(NC(C)C)OCC,2.51,0.399673721
550,CNC(=O)Oc1cccc2OC(C)(C)Oc21,2.75,0.439332694
551,Cc1[n]c([n]c(OC(=O)N(C)C)c1C)N(C)C,1.9,0.278753601
552,CNC(=O)ON=C(SC)C(=O)N(C)C,1.0,0
553,CCCCOCN(C(=O)CCl)c1c(CC)cccc1CC,2.86,0.456366033
554,Cl.CNC(=O)Oc1cc(ccc1)N=CN(C)C,2.44,0.387389826
555,CCOP(=S)(OCC)Oc1cc(C)nc(n1)N(CC)CC,2.48,0.394451681
556,COC(=O)NC(=S)Nc1ccccc1NC(=S)NC(=O)OC,3.25,0.511883361
557,CC(C)(C#C)NC(=O)c1cc(Cl)cc(Cl)c1,2.31,0.36361198
558,CC1CCCCN1C(=O)CSP(=S)(OCCC)OCCC,3.44,0.536558443
559,[Cl-].C[N+]1(C)CCCCC1,6.0,0.77815125
560,Cc1occc1C(=O)Nc1ccccc1,2.48,0.394451681
561,CC(C)(C#C)NC(=O)c1ccc(Cl)cc1,1.9,0.278753601
562,CC(C)N1C(=O)c2ccccc2NS1(=O)=O,1.52,0.181843588
563,COc1ccc(cc1Cl)NC(N)=O,2.0,0.301029996
564,CCOP(=S)(NC(C)C)Oc1ccccc1C(=O)OC(C)C,2.78,0.444044796
565,Cl.CCCOC(=O)NCCCN(C)C,2.49,0.396199347
566,CC(C)OP(=O)(OC(C)C)SCc1ccccc1,2.26,0.354108439
567,CCOC1Oc2ccc(cc2C1(C)C)OS(C)(=O)=O,2.53,0.403120521
568,COc1[n]c(NCC)[n]c(NC(C)CC)[n]1,2.78,0.444044796
569,O=N(=O)c1c(c(cc(c1)C)N(=O)=O)N(CCCl)CCCl,3.94,0.595496222
570,CCCN(CC1CC1)c1c(cc(cc1[N+]([O-])=O)C(F)(F)F)[N+]([O-])=O,4.01,0.603144373
571,O=CNC(N1CCN(CC1)C(NC=O)C(Cl)(Cl)Cl)C(Cl)(Cl)Cl,2.3,0.361727836
572,CNC1C=NN(C(=O)C=1Cl)c1cc(ccc1)C(F)(F)F,3.28,0.515873844
573,Clc1c(Cl)c(Cl)c2COC(=O)c2c1Cl,3.3,0.51851394
574,C(C)(C)CCCCCOC(=O)c1ccccc1C(=O)OCCCCCC(C)C,3.21,0.506505032
575,COc1cc(ccc1)NC(=O)N(C)C,1.72,0.235528447
576,CCN(CC)C(=O)SCc1ccc(Cl)cc1,3.27,0.514547753
577,CCN(CC)c1c(cc(c(N)c1[N+]([O-])=O)C(F)(F)F)[N+]([O-])=O,3.63,0.559906625
578,CCCN(CCC)c1c(cc(c(N)c1[N+]([O-])=O)C(F)(F)F)[N+]([O-])=O,4.11,0.613841822
579,Cc1cc([n]c([n]1)N(CC)CC)OP(=S)(OC)OC,3.0,0.477121255
580,[O-][N+](=O)c1ccc(Br)c(Cl)c1,2.6,0.414973348
581,COP(=O)(NC(C)=O)SC,0.3,-0.522878745
582,COc1[n]c(Cl)c(Cl)cc1Cl,2.96,0.471291711
583,O=P(NC(C)C)(Oc1ccc(c(c1)C)S(=O)C)OCC,1.57,0.195899652
584,O=S(=O)(c1ccc(cc1C)OP(=O)(NC(C)C)OCC)C,1.64,0.214843848
585,O=C(OCCOCCCC)CCCOc(c(cc(c1)Cl)Cl)c1,2.7,0.431363764
586,Clc1cc(-c2cc(Cl)c(Cl)cc2)c(Cl)cc1,4.86,0.686636269
587,CC12CC1(C)C(=O)N(c1cc(Cl)cc(Cl)c1)C2=O,3.18,0.50242712
588,CN(/C=N/c1ccc(C)cc1C)/C=N/c1ccc(C)cc1C,3.0,0.477121255
589,c1c(C)cccc1OC(=O)N,1.48,0.170261715
590,CC(C)(C#C)NC(=O)c1ccccc1,1.54,0.187520721
591,CCCN(CCCl)c1c(cc(cc1[N+]([O-])=O)C(F)(F)F)[N+]([O-])=O,3.55,0.550228353
592,CCC(C)Nc1c(cc(cc1[N+]([O-])=O)C(C)(C)C)[N+]([O-])=O,3.98,0.599883072
593,CC(C)c1cc(c(c(c1)[N+]([O-])=O)N(CCC)CCC)[N+]([O-])=O,4.0,0.602059991
594,Clc1cc(Cl)c(-c2c(Cl)cc(Cl)cc2Cl)c(Cl)c1,6.08,0.783903579
595,CNC(=O)N(C)c1[n][n]c([s]1)C(C)(C)C,1.83,0.26245109
596,Cc1cccc(CC)c1N(COCC)C(=O)CCl,2.32,0.365487985
597,Clc1ccc(cc1)-c1ccccc1Cl,4.34,0.63748973
598,Clc1cc(Cl)c(Cl)cc1-c1cc(Cl)c(Cl)cc1Cl,5.58,0.746634199
599,Clc1ccc(-c2cc(Cl)c(Cl)cc2Cl)c(Cl)c1Cl,5.93,0.773054693
600,O=C(Nc1ccc(Cl)cc1)NC(=O)c1c(F)cccc1F,3.83,0.583198774
601,CSc1ccc(cc1)OP(=S)(OCC)SCCC,4.08,0.610660163
602,C=CCOC(C[n]1c[n]cc1)c1ccc(Cl)cc1Cl,3.73,0.571708832
603,Clc1cc(-c2cc(Cl)ccc2Cl)c(Cl)cc1,5.12,0.709269961
604,Clc1cc(Cl)c(Cl)c(c1)-c1cc(Cl)cc(Cl)c1Cl,6.48,0.811575006
605,Clc1cc(-c2cc(Cl)c(Cl)c(Cl)c2Cl)c(Cl)c(Cl)c1Cl,6.41,0.80685803
606,CN(C)C(=O)Nc1cc(C)cc(C)c1,1.73,0.238046103
607,c1c(Cl)cc(Cl)cc1N2C(=O)CN(C(=O)NC(C)C)C2(=O),2.85,0.45484486
608,Clc1cc(-c2ccccc2Cl)c(Cl)cc1,4.4,0.643452676
609,Clc1cc(Cl)c(cc1)-c1ccccc1Cl,4.84,0.684845362
610,Clc1cc(-c2cc(Cl)c(Cl)cc2Cl)c(Cl)cc1,5.22,0.717670503
611,C=CCN(CC=C)C(=O)C(Cl)Cl,1.6,0.204119983
612,Cc1cc(ccc1NS(=O)(=O)C(F)(F)F)S(=O)(=O)c1ccccc1,3.08,0.488550717
613,Clc1cc(-c2c(Cl)c(Cl)ccc2Cl)c(Cl)cc1,5.55,0.744292983
614,Clc1cc(-c2ccc(Cl)c(Cl)c2Cl)c(Cl)cc1,4.62,0.664641976
615,Clc1ccc(Cl)c(-c2cc(Cl)c(Cl)cc2Cl)c1Cl,5.79,0.762678564
616,Clc1ccc(-c2ccc(Cl)c(Cl)c2Cl)c(Cl)c1Cl,5.66,0.752816431
617,Clc1ccc(Cl)c(Cl)c1-c1c(Cl)c(Cl)ccc1Cl,6.01,0.778874472
618,CCOC(=O)CN(c1c(CC)cccc1CC)C(=O)CCl,2.0,0.301029996
619,COc1ccc(cc1)C(=O)NC(C)(C)C#C,1.83,0.26245109
620,C#CC(NC(=O)c1ccc(cc1)C)(C)C,1.76,0.245512668
621,Cc1c(c(NC(CC)CC)c(cc1C)[N+]([O-])=O)[N+]([O-])=O,3.7,0.568201724
622,CCCSP(=O)(Oc1ccc(Br)cc1Cl)OCC,3.03,0.481442629
623,CC1=NN=C(C(=O)N1N)c1ccccc1,2.17,0.336459734
624,Clc1cc(Cl)c(Cl)cc1-c1cccc(Cl)c1Cl,5.69,0.755112266
625,Cc1cccc2[s]c3[n][n]c[n]3c21,3.09,0.489958479
626,CC(C)[n]1[n]c([n]c1Cl)OP(=S)(OCC)OCC,2.01,0.303196057
627,COC(=O)c1cc(ccc1[N+]([O-])=O)Oc1ccc(Cl)cc1Cl,4.0,0.602059991
628,CCOc1cc(ccc1[N+]([O-])=O)Oc1ccc(cc1Cl)C(F)(F)F,5.0,0.698970004
629,CC(C)(C)C(=O)C(Oc1ccc(Cl)cc1)[n]1c[n]c[n]1,2.71,0.432969291
630,CC1(C=C)OC(=O)N(c2cc(Cl)cc(Cl)c2)C1=O,2.7,0.431363764
631,Cc1cccc(CC)c1N(C(C)COC)C(=O)CCl,2.46,0.390935107
632,CN(C)C1=NC(=O)N(C2CCCCC2)C(=O)N1C,1.73,0.238046103
633,COC(=O)C(C)Oc1ccc(cc1)Oc1ccc(Cl)cc1Cl,4.2,0.62324929
634,CC(C)C(C(=O)OC(C#N)c1cc(ccc1)Oc1ccccc1)c1ccc(Cl)cc1,3.73,0.571708832
635,O=C(Nc1ccccc1)Nc1c[n][n][s]1,2.04,0.309630167
636,CC1(C)C(C1C=C(Cl)Cl)C(=O)OC(C#N)c1cccc(c1)Oc1ccccc1,5.0,0.698970004
637,CC1(C)C(C1C=C(Cl)Cl)C(=O)OCc1cccc(c1)Oc1ccccc1,4.8,0.681241237
638,Clc1cc(-c2c(Cl)c(Cl)c(Cl)c(Cl)c2Cl)c(Cl)cc1,5.95,0.774516966
639,O=C(OCCOCCCC)C(Oc(c(cc(c1)Cl)Cl)c1)C,3.0,0.477121255
640,CC(=O)Nc1cc(NS(=O)(=O)C(F)(F)F)c(C)cc1C,2.3,0.361727836
641,CCOP(=S)(OC(Cl)C(Cl)(Cl)Cl)OCC,3.6,0.556302501
642,CC(C)(C)C(O)C(Oc1ccc(Cl)cc1)[n]1c[n]c[n]1,2.7,0.431363764
643,CC(=C)CN(CC)c1c(cc(cc1[N+]([O-])=O)C(F)(F)F)[N+]([O-])=O,3.6,0.556302501
644,CC1=C(C)S(=O)(=O)CCS1(=O)=O,0.48,-0.318758763
645,OC(=O)COc1[n]c(Cl)c(Cl)cc1Cl,1.67,0.222716471
646,CN(C)C(=O)Nc1cc(o[n]1)C(C)(C)C,2.47,0.392696953
647,CCOP(=S)(OCC)SCS(=O)(=O)C(C)(C)C,2.18,0.338456494
648,Cc1cc(Cl)c(OP(=S)(OC)OC)c(Cl)c1,3.7,0.568201724
649,COc1c(O)cc(Cl)c(Cl)c1Cl,2.8,0.447158031
650,COCC(=O)N(C(C)C(=O)OC)c1c(C)cccc1C,1.57,0.195899652
651,CCNC(=O)NC(=O)/C(/C#N)=N/OC,2.09,0.320146286
652,ClC(Cl)(Cl)CC1(OC1)c2cc(Cl)cc(Cl)c2,3.75,0.574031268
653,Brc1cc(Br)c(-c2c(Br)cc(Br)cc2Br)c(Br)c1,4.87,0.687528961
654,CN(SN(C)C(=O)O/N=C(\C)/SC)C(=O)O/N=C(\C)/SC,2.54,0.404833717
655,CN1C=C(C(=O)C(=C1)c1ccccc1)c1cc(ccc1)C(F)(F)F,2.85,0.45484486
656,OC(c1ccccc1Cl)(c1ccc(Cl)cc1)c1c[n]c[n]c1,2.78,0.444044796
657,CCCC1COC(C[n]2c[n]c[n]2)(O1)c1ccc(Cl)cc1Cl,3.39,0.530199698
658,[Na+].[O-]C(=O)c1cc(ccc1[N+]([O-])=O)Oc1ccc(cc1Cl)C(F)(F)F,2.05,0.311753861
659,CCN(Cc1c(F)cccc1Cl)c1c(cc(cc1[N+]([O-])=O)C(F)(F)F)[N+]([O-])=O,4.0,0.602059991
660,CCCCCOC(=O)Nc1ccccc1,2.61,0.416640507
661,O=P(Oc1ccccc1)(Oc2ccccc2)Oc3ccc(CCCCCCCCC)cc3,4.06,0.608526034
662,Cc1[n]c(NC(=O)NS(=O)(=O)c2ccccc2Cl)[n]c([n]1)OC,2.19,0.340444115
663,Nc1[n]c(NC2CC2)[n]c(N)[n]1,2.3,0.361727836
664,o1c2cc(Cl)ccc2nc1Oc3ccc(OC(C)C(=O)OCC)cc3,3.98,0.599883072
665,CC1(C)[C@H]([C@H]1C(=O)O[C@H](C#N)c1cccc(c1)Oc1ccccc1)C(Br)C(Br)(Br)Br,5.0,0.698970004
666,CC1(C)CNC(NC1)=NN=C(/C=C/c1ccc(cc1)C(F)(F)F)/C=C/c1ccc(cc1)C(F)(F)F,5.86,0.767897616
667,CCCN(CCOc1c(Cl)cc(Cl)cc1Cl)C(=O)[n]1cc[n]c1,2.7,0.431363764
668,CC1(C)[C@H]([C@H]1/C=C(\Cl)/C(F)(F)F)C(=O)O[C@H](C#N)c1cccc(c1)Oc1ccccc1,5.26,0.720985744
669,CC1(C)C(C1C=C(Cl)Cl)C(=O)OC(C#N)c1ccc(F)c(c1)Oc1ccccc1,5.0,0.698970004
670,CSc1c(Cl)[n]c(N)[n]c1N,2.08,0.318063335
671,CC(C)C(Nc1ccc(cc1Cl)C(F)(F)F)C(=O)OC(C#N)c1cccc(c1)Oc1ccccc1,5.705,0.756255649
672,COC(=O)C(C)Oc1ccc(cc1)Oc1[n]cc(cc1Cl)C(F)(F)F,1.88,0.274157849
673,n1cc(C(F)(F)F)ccc1Oc2ccc(OC(C)C(=O)OCCCC)cc2,3.62,0.558708571
674,CC(C)[C@H](C(=O)OC(C#N)c1cccc(c1)Oc1ccccc1)c1ccc(cc1)OC(F)F,5.0,0.698970004
675,COC(=O)C(C)N(c1c(C)cccc1C)C(=O)Cc1ccccc1,3.54,0.549003262
676,CS(=O)(=O)NC(=O)c1cc(ccc1[N+]([O-])=O)Oc1ccc(cc1Cl)C(F)(F)F,1.78,0.250420002
677,CCOC(=O)NCCOc1ccc(cc1)Oc1ccccc1,3.0,0.477121255
678,CC(CC1CC(O)=C(C(=O)C1)C(CCC)=NOCC)SCC,2.0,0.301029996
679,Clc1ccccc1-c1[n][n]c([n][n]1)-c1ccccc1Cl,4.66,0.668385917
680,n1c(C)cc(C)nc1NC(=O)NS(=O)(=O)c2ccccc2C(=O)OC,1.62,0.209515015
681,Cc1cc(C)[n]c(NC(=O)NS(=O)(=O)c2ccccc2C(O)=O)[n]1,1.8,0.255272505
682,Cc1[n]c(NC(=O)NS(=O)(=O)c2ccccc2C(=O)OC)[n]c([n]1)OC,1.54,0.187520721
683,CCOC(=O)C(C)Oc1ccc(cc1)Oc1c[n]c2cc(Cl)ccc2[n]1,2.71,0.432969291
684,n1cncn1CC(O)(c2ccc(F)cc2)c3ccccc3F,1.88,0.274157849
685,"CC(C)(C)[C@@H](O)[C@@H](Cc1ccc(Cl)cc1)[n]1c[n]c[n]1 |o1:4,6|",2.7,0.431363764
686,[NH4+].CP(O)(=O)CCC(N)C([O-])=O,2.63,0.419955748
687,CCOC(=O)C(C)OC(=O)c1cc(ccc1[N+]([O-])=O)Oc1ccc(cc1Cl)C(F)(F)F,4.0,0.602059991
688,NC(=O)Nc1ccc(Oc2ccccc2)cc1,2.56,0.408239965
689,c1c(F)c(C)cc(NC(=O)N)c1,1.75,0.243038049
690,Cc1cc(ccc1Br)NC(N)=O,2.37,0.374748346
691,"C[C@@H]1[C@H](SC(=O)N1C(=O)NC1CCCCC1)c1ccc(Cl)cc1 |o1:1,2|",3.79,0.57863921
692,Cc1[n]c(NC(=O)NS(=O)(=O)c2cc[s]c2C(=O)OC)[n]c([n]1)OC,1.45,0.161368002
693,C#CC(NC(=O)c1ccc(cc1)Br)(C)C,2.01,0.303196057
694,C#CC(NC(=O)c1ccc(cc1)F)(C)C,1.68,0.225309282
695,C#CC(NC(=O)c1ccc(cc1)C(C)C)(C)C,2.17,0.336459734
696,CC1(N=C(NC1=O)c1[n]cccc1C(O)=O)C(C)C,2.0,0.301029996
697,CC(C)C1(C)N=C(NC1=O)c1[n]c2ccccc2cc1C(O)=O,1.3,0.113943352
698,CCc1cc(C(O)=O)c([n]c1)C1NC(=O)C(C)(N=1)C(C)C,0.85,-0.070581074
699,CC1(C)CON(Cc2ccccc2Cl)C1=O,2.44,0.387389826
700,Cc1[n]c(NC(=O)NS(=O)(=O)c2ccccc2OCCCl)[n]c([n]1)OC,2.02,0.305351369
701,CC(CC)(CC)c1cc(NC(=O)c2c(cccc2OC)OC)o[n]1,2.4,0.380211242
702,"CC1(C)[C@@H]([C@@H]1/C=C(\Cl)/C(F)(F)F)C(=O)OCc1cccc(-c2ccccc2)c1C |&1:3,4|",5.35,0.728353782
703,n1c(OC)cc(OC)nc1NC(=O)NS(=O)(=O)Cc2ccccc2C(=O)OC,2.5,0.397940009
704,C[Si](C[n]1c[n]c[n]1)(c1ccc(F)cc1)c1ccc(F)cc1,3.22,0.507855872
705,COC(=O)c1ccccc1S(=O)(=O)NC(=O)Nc1[n]c(cc([n]1)OC(F)F)OC(F)F,1.08,0.033423755
706,"C[C@@]12CC[C@@](C[C@@H]1OCc1ccccc1C)(O2)C(C)C |o1:1,4,6|",2.6,0.414973348
707,c1cc(Cl)ccc1C(C#N)(CCCC)Cn2ncnc2,2.7,0.431363764
708,n1c(Cl)cc(OC)nc1NC(=O)NS(=O)(=O)c2ccccc2C(=O)OCC,2.04,0.309630167
709,COC(=O)c1ccccc1S(=O)(=O)NC(=O)Nc1[n]c(NC)[n]c([n]1)OCC,1.93,0.285557309
710,Fc1cccc(F)c1NS(=O)(=O)c2nc3nc(C)ccn3n2,1.45,0.161368002
711,Cc1[n]c([n]c([n]1)OC)N(C)C(=O)NS(=O)(=O)c1ccccc1C(=O)OC,1.72,0.235528447
712,CN(C)C(=O)c1ccc[n]c1S(=O)(=O)NC(=O)Nc1[n]c(cc([n]1)OC)OC,1.48,0.170261715
713,C[n]1[n][n]c([n]1)-c1c[n][n](C)c1S(=O)(=O)NC(=O)Nc1[n]c(cc([n]1)OC)OC,1.89,0.276461804
714,CCS(=O)(=O)c1ccc[n]c1S(=O)(=O)NC(=O)Nc1[n]c(cc([n]1)OC)OC,1.71,0.23299611
715,COC(=O)c1cccc(C)c1S(=O)(=O)NC(=O)Nc2nc(N(C)C)nc(OCC(F)(F)F)n2,1.84,0.264817823
