SMILES,LogHL
C=O,-6.472370099
CC(O)C(O)=O,-7.089909454
ClC1=CC=C(C=C1)C(C1=CC=C(Cl)C=C1)C(Cl)(Cl)Cl,-5.079876674
OC(=O)C1=C(Cl)C(Cl)=CC=C1Cl,-7.673664139
C1=CC2=CC3=CC=C4C=CC=C5C=CC(=C2C=C1)C3=C45,-6.3400838
COC(=O)[C@@H]1[C@H]2CC[C@@H](C[C@@H]1OC(=O)C1=CC=CC=C1)N2C,-10.37263414
OC1=C(C=C(Cl)C=C1)C(=O)NC1=CC=C(C=C1Cl)[N+]([O-])=O,-11.39794001
CC(=O)OC1=C(C=CC=C1)C(O)=O,-8.886056648
OC1=C(C=C(C=C1)[N+]([O-])=O)[N+]([O-])=O,-7.065501549
CN(CCCl)CCCl,-5.536107011
CCOC(N)=O,-7.191789027
OCC(Br)(CO)[N+]([O-])=O,-10.87614836
COP(=O)(OC)C(O)C(Cl)(Cl)Cl,-10.76955108
ClC(Cl)C(C1=CC=C(Cl)C=C1)C1=C(Cl)C=CC=C1,-5.087777943
C1=CC2=CC=C3C=C4C(C=CC5=CC=CC=C45)=CC3=C2C=C1,-6.850780887
CCN(CC)N=O,-5.440093375
NC(=O)C1=CC=CC=C1,-9.610833916
COP(=S)(OC)OC1=CC(C)=C(SC)C=C1,-5.835647144
[O-][N+](=O)OCC(CO[N+]([O-])=O)O[N+]([O-])=O,-7.062482108
CC(C)OP(F)(=O)OC(C)C,-5.040481623
ClC(Cl)(Cl)Cl,-1.559090918
CCOP(=S)(OCC)OC1=CC=C(C=C1)[N+]([O-])=O,-6.525783736
CC1=C2CCC3=C4C=CC5=CC=CC=C5C4=CC(C=C1)=C23,-5.280668713
C1=CC2=C(C=C1)C=C1C(C=CC3=C1C=CC=C3)=C2,-4.920818754
CCOP(=S)(OCC)OC1=CC2=C(C=C1)C(C)=C(Cl)C(=O)O2,-7.510041521
OCC(O)CO,-7.761953897
C=CCN=C=S,-3.617982957
CCCCCCCCCCCCCCCC(O)=O,-4.698970004
CCCCCCCCCCCCCCCCCC(O)=O,-6.322393047
NC(N)=O,-11.75945075
CC(O)CO,-7.88941029
CC1=C2C=CC=CC2=C(C)C2=C3C=CC=CC3=CC=C12,-5.424812155
OC1=C(Cl)C(Cl)=C(Cl)C=C1Cl,-5.053547735
CC1=C(Cl)C=CC(O)=C1,-5.610833916
OCC(S)CS,-8.027334408
O=NN1CCOCC1,-7.610833916
OC(=O)CN(CCN(CC(O)=O)CC(O)=O)CC(O)=O,-15.23882419
OCCC1=CC=CC=C1,-6.591760035
OCCS,-6.744727495
CCOCC,-2.910094889
CNC(=O)CSP(=S)(OC)OC,-9.614393726
NC1=NNC=N1,-12.65560773
CCOC1=CC=C(NC(C)=O)C=C1,-9.671620397
CCOS(C)(=O)=O,-6.586700236
NC1=CC=CC=C1,-5.694648631
NC(N)=S,-8.70333481
COP(=O)(OC)OC=C(Cl)Cl,-6.241088108
CN(C)N=O,-5.739928612
CNC(=O)OC1=C2C=CC=CC2=CC=C1,-8.485452247
CCO,-5.301029996
OC=O,-6.777283529
CC(O)=O,-7
CCOS(=O)(=O)OCC,-5.211831629
OC(=O)C1=CC=CC=C1,-7.419075024
O=C1NC=CC(=O)N1,-8.718966633
CCCCCC=O,-3.671620397
CO,-5.341988603
CC(C)O,-5.091514981
CC(C)=O,-4.455931956
ClC(Cl)Cl,-2.435333936
CS(C)=O,-8.821023053
ClC(Cl)(Cl)C(Cl)(Cl)Cl,-2.410050399
CN(C)C=O,-7.131355562
OC(=O)C1=C(O)C=CC=C1,-8.13430394
CCCO,-5.130181792
CCCCO,-5.055024092
CCCCCO,-4.886056648
C1=CC=CC=C1,-2.255707017
CC(Cl)(Cl)Cl,-1.764471553
COC1=CC=C(C=C1)C(C1=CC=C(OC)C=C1)C(Cl)(Cl)Cl,-6.692503962
ClC(Cl)C(C1=CC=C(Cl)C=C1)C1=CC=C(Cl)C=C1,-5.180456064
ClC(Cl)=C(C1=CC=C(Cl)C=C1)C1=CC=C(Cl)C=C1,-4.380906669
NC1=NC=NC2=C1N=CN2,-14.11350927
C,-0.182038195
CBr,-2.13430394
CC,-0.301464507
C=C,-0.642065153
C#C,-1.663540266
CCl,-2.054531415
CI,-2.279014256
CN,-4.954677021
C#N,-3.876148359
CS,-2.505288975
BrCBr,-3.085128182
CCBr,-2.13076828
ClCBr,-2.836242476
CCC,-0.150764909
CC#C,-1.958212681
CCCl,-1.954677021
ClC=C,-1.555955204
CCI,-2.156144577
CCN,-4.910094889
CC#N,-4.462180905
CC=O,-4.175874166
CCS,-2.343901798
ClCCl,-2.488116639
ICI,-3.490797478
NC=O,-8.8569852
S=C=S,-1.841637508
CSC,-2.793174124
C1CC1,-0.102372909
C1CO1,-3.829738285
BrC(Br)Br,-3.271646218
CC(C)Br,-1.958607315
ClC(Cl)Br,-2.673664139
CC(C)C,0.075181855
CC(C)Cl,-1.756961951
CC(C)I,-2.162032982
CC(C)N,-4.345823458
CC(Cl)Cl,-2.250263684
ClC(Cl)=C,-1.583359493
CC(F)F,-1.692503962
FC(F)=C,-0.42136079
FC(Cl)Cl,-1.966576245
ClC(Cl)=O,-1.777283529
FC(F)Cl,-1.391473966
FC(F)F,-1.021363052
CN(C)C,-3.982966661
C[N+]([O-])=O,-4.543633967
CC1CN1,-5
CC1CO1,-4.15739076
FC(F)(F)Br,-0.301899454
CC(C)(C)N,-4.446116973
CC(C)(C)O,-5.043351421
CC(F)(F)Cl,-1.230622674
FC(Cl)(Cl)Cl,-1.013228266
FC(F)(Cl)Cl,-0.46470588
FC(F)(F)Cl,0.139879086
FC(F)(F)F,0.711807229
C[Si](C)(C)C,0.628695383
CCC(C)(C)C,0.181843588
CC(C)(C)CO,-4.27572413
CCC(C)(C)O,-4.860120914
ClC(Cl)(Cl)C=O,-8.536107011
OCC(F)(F)F,-4.761953897
OC(=O)C(Br)(Br)Br,-8.476253533
CC(=O)C(C)(C)C,-3.661543506
CC(C)(C)C(O)=O,-5.555955204
CC(Cl)(Cl)C(O)=O,-7.247183569
ClC(Cl)C(Cl)(Cl)Cl,-2.71219827
ClC(=O)C(Cl)(Cl)Cl,-3.294992041
OC(=O)C(Cl)(Cl)Cl,-7.869666232
OC(=O)C(F)(F)Cl,-7.387216143
OC(=O)C(F)(F)F,-6.954677021
[O-][N+](=O)C(Cl)(Cl)Cl,-2.688246139
FC(F)(Cl)C(Cl)(Cl)Cl,-0.793174124
FC(Cl)(Cl)C(F)(Cl)Cl,-0.946921557
FC(F)(Cl)C(F)(Cl)Cl,-0.279014256
FC(F)(Cl)C(F)(F)Cl,0.447158031
FC(F)(F)C(F)(F)Cl,0.746634199
FC(F)(F)C(F)(F)F,1.307496038
FC(F)(F)C(F)(F)C(F)(F)F,1.518382316
CC1(C)C2CCC1(C)C(=O)C2,-4.091514981
OCC(F)(F)C(F)F,-5.201349355
COC(F)(F)C(Cl)Cl,-2.431798276
ClC1C=CC2C1C1(Cl)C(Cl)=C(Cl)C2(Cl)C1(Cl)Cl,-3.53165267
ClC1=C(Cl)C(Cl)(Cl)C(Cl)=C1Cl,-1.568636236
CCC(C)(O)CC,-4.754487332
CCC(C)(O)C#C,-5.164309429
COS(=O)(=O)OC,-5.397940009
CCOP(=O)(C#N)N(C)C,-6.818156412
OC(=O)CC(O)(CC(O)=O)C(O)=O,-13.3635121
CCOC(=O)CC(O)(CC(=O)OCC)C(=O)OCC,-8.415668776
CCC(C)(CC)OC(N)=O,-4.476253533
CCOP(=O)(OCC)OCC,-7.443697499
CCCCC(CC)COP(=O)(OCC(CC)CCCC)OCC(CC)CCCC,-7.104577454
CCCCSP(=O)(SCCCC)SCCCC,-6.53165267
COP(=S)(OC)SCC1=NC(N)=NC(N)=N1,-8.798602876
CC1=CC(=O)CC(C)(C)C1,-5.177831921
CC(C)(N=NC(C)(C)C#N)C#N,-5.382999659
CC(C)=CCCC(C)(O)C=C,-4.66756154
CC(Br)CBr,-2.836838625
CCC(C)C,0.146128036
CC(=C)C=C,-1.115204636
CC(C)CN,-4.866461092
CC(C)CO,-5.009661145
CC(C)C=O,-3.744727495
CC(=C)C=O,-3.634512015
CCC(C)Cl,-1.617982957
CC(Cl)CCl,-2.549750892
ClCC(Cl)=C,-2.381219975
CCC(C)O,-5.042871802
CCC(C)=O,-4.244887734
CC(=O)C=C,-4.332547047
CC(=O)CCl,-4.782516056
CC(=O)C=O,-6.568636236
CCC(Cl)Cl,-2.424812155
ClCC(Cl)Cl,-3.084072788
ClC=C(Cl)Cl,-2.00656377
NC(=O)C=C,-8.769551079
OC(=O)CBr,-8.185752404
CCC(O)=O,-6.351639989
OC(=O)C=C,-6.431798276
OC(=O)CCl,-8.033389013
CNC(C)=O,-7.373659633
COC(C)=O,-3.93930216
CC(=O)OO,-5.669586227
CC[N+]([O-])=O,-4.322393047
BrC(Br)C(Br)Br,-4.872895202
CC(C)C(C)C,0.071882007
CC(C)C(O)=O,-6.053056729
ClC(Cl)C(Cl)Cl,-3.435333936
CC(=C)C(O)=O,-6.411168274
OC(=O)C(Cl)Cl,-8.076755981
CC(C)[N+]([O-])=O,-3.924453039
CC(C)(OO)C1=CC=CC=C1,-7.326979093
CC1=CCC2CC1C2(C)C,-0.872895202
COC(=O)C(C)=C,-3.496209317
OC1=CC=C(O)C2=C1C(=O)C1=C(C=CC=C1)C2=O,-7.097453221
CC(=O)CC(C1=CC=CC=C1)C1=C(O)C2=CC=CC=C2OC1=O,-8.557520231
NC1=C2C(=O)C3=C(C=CC=C3)C(=O)C2=CC=C1,-8.30980392
O=C(C(C1=CC=CC=C1)C1=CC=CC=C1)C1C(=O)C2=C(C=CC=C2)C1=O,-9.812479279
[O-][N+](=O)C1=C(Cl)C(Cl)=C(Cl)C(Cl)=C1Cl,-4.354577731
C1CC2=C3C1=CC=CC3=CC=C2,-3.735182177
C1=CC=C(C=C1)C1=CC=CC=C1C1=CC=CC=C1,-4.21395879
O=C(OC1CCCCC1)C1=C(C=CC=C1)C(=O)OC1CCCCC1,-7
O=C1C2=C(C=CC=C2)C(=O)C2=C1C=CC=C2,-7.628932138
CCOC(=O)C1=CC=CC=C1C(=O)OCC,-6.214670165
CCCCOC(=O)C1=CC=CC=C1C(=O)OCCCC,-5.742321425
CCCCCCOC(=O)C1=C(C=CC=C1)C(=O)OCCCCCC,-4.590066877
C1=CC2=C(C=C1)C1=C(C=CC=C1)C=C2,-4.373659633
C1=CC=C2C(C=CC3=C2C=CC=N3)=C1,-6.759450752
O=C1OC(=O)C2=C1C=CC=C2,-7.787812396
CCCCOC(=O)C1=C(C=CC=C1)C(=O)OCC1=CC=CC=C1,-5.899629455
COP(=S)(OC)SCN1N=NC2=C(C=CC=C2)C1=O,-7.621602099
[O-][N+](=O)C1=C2C=CC=CC2=CC=C1,-5.754487332
C1C2=C(C=CC=C2)C2=C1C=CC=C2,-4.016824928
N1C2=CC=CC=C2C2=C1C=CC=C2,-6.935542011
ClC1=CC=CC(Cl)=C1Cl,-2.903089987
CC1=CC=CC(C)=C1N,-5.598599459
OC1=C(Cl)C=CC=C1Cl,-5.573488739
ClC(Cl)=C(Cl)C(Cl)=C(Cl)Cl,-1.987162775
CC1=C(C)C(C)=C(C)C(C)=C1C,-3.107348966
OC1=C(Cl)C(Cl)=C(Cl)C(Cl)=C1Cl,-7.610833916
OC1=C(Cl)C=C(Cl)C=C1Cl,-5.585026652
CCC(CC)C(O)=O,-5.795880017
CC(C)(C)C1=C(O)C=CC=C1,-4.595166283
CC1=CC=CC=C1[N+]([O-])=O,-4.903089987
[O-][N+](=O)C1=C(Cl)C=CC=C1,-5.031517051
NC1=CC=CC=C1[N+]([O-])=O,-7.229147988
OC1=C(C=CC=C1)[N+]([O-])=O,-4.89279003
CCC(C)C1=CC(=CC(=C1O)[N+]([O-])=O)[N+]([O-])=O,-6.341035157
OC1=C(C=C(C=C1[N+]([O-])=O)[N+]([O-])=O)[N+]([O-])=O,-10.76955108
OC(=O)C1=CC=CC=C1C(O)=O,-10.69897
[O-][N+](=O)C1=C(Cl)C=CC(Cl)=C1,-4.920818754
OC1=C(C=C(Cl)C=C1)[N+]([O-])=O,-4.899629455
CC(C)C1=CC=C(C)C=C1O,-6.316052869
CCC1=C(O)C=CC=C1,-5.336299075
OC1=CC=CC=C1C=O,-5.251037139
COC1=CC=CC=C1N,-6.033389013
COC1=C(O)C=CC=C1,-5.920818754
BrC1=C2C=CC=CC2=CC=C1,-3.54668166
CC1=C2C=CC=CC2=CC=C1,-3.289036881
ClC1=C2C=CC=CC2=CC=C1,-3.449771647
OC1=CC=CC2=CC=CC=C12,-7.22184875
OC1=C(C=CC=C1)C1=CC=CC=C1,-6.193820026
OC(C1=CC=CC=C1)C1=CC=CC=C1,-7.879426069
COC1=CC=CC(OC)=C1O,-6.63638802
C1CCC2CCCCC2C1,-0.327902142
C1=CC2=CC=CC=C2C=C1,-3.356547324
C1=CC2=C(C=C1)N=CC=C2,-5.777283529
COC1=C(C=CC=C1)[N+]([O-])=O,-6.367542708
CC1=CC2=CC=CC=C2C=C1,-3.28567024
ClC1=CC=C2C=CC=CC2=C1,-3.494850022
NC1=CC2=C(C=CC=C2)C=C1,-7.091514981
O=C1OC2=C(C=CC=C2)C=C1,-7.003488328
CCN(CC)C1=CC=CC=C1,-3.716698771
C1=CC=C(C=C1)C1=CC(=CC=C1)C1=CC=CC=C1,-5.454692884
C1=CC2=CC3=CC4=CC=CC=C4C=C3C=C2C=C1,-6.305394801
C1=CC=C(C=C1)C1=CC=CC=C1,-3.511449283
C1=CC=C(C=C1)C1=CC=C(C=C1)C1=CC=CC=C1,-5.785156152
COC1=CC=C(CC=C)C=C1OC,-5.251811973
COC1=CC(C)=CC=C1O,-5.876148359
CCC(=O)C1=CC=CC=C1,-4.823908741
COC(=O)C1=CC=CC=C1,-4.48945499
ClCC(=O)N(CC=C)CC=C,-6.970616222
CCOC(=O)C1=CC=CC=C1,-4.134896025
CC(C)OC(=O)COC1=C(Cl)C=C(Cl)C=C1,-5.66756154
CC1=C(OCC(O)=O)C=CC(Cl)=C1,-8.876148359
OC(=O)COC1=C(Cl)C=C(Cl)C=C1,-7.450996738
CCCCOC(=O)COC1=C(Cl)C=C(Cl)C=C1,-6.311580178
CC1=C(OCCCC(O)=O)C=CC(Cl)=C1,-8.567030709
CCCC(O)C(CC)CO,-7.863279433
CCN(CC)C(=S)SCC(Cl)=C,-5.188424994
CC1=C(C)C=CC=C1,-2.28567024
CC1=C(O)C=CC=C1,-5.920818754
CC1=C(Cl)C=CC=C1,-2.447331784
ClC1=C(Cl)C=CC=C1,-2.716698771
NC1=C(Cl)C=CC=C1,-5.268411235
CC1=C(N)C=CC=C1,-5.70333481
NC1=C(N)C=CC=C1,-8.142667504
OC1=CC=CC=C1Cl,-4.950781977
CC1=CC(C)=C(C)C=C1,-2.210419288
CC1=CC=C(N)C=C1C,-5.730487056
CC1=C(C)C=C(O)C=C1,-6.381951903
CC1=CC(Cl)=C(Cl)C=C1,-2.590574131
NC1=CC(Cl)=C(Cl)C=C1,-4.835647144
CC1=CC(N)=C(C)C=C1,-5.369572125
CC1=CC(O)=C(C)C=C1,-5.950781977
CCOC(=O)C(=O)OCC,-5.655607726
ClC1=CC(Cl)=C(Cl)C=C1Cl,-3
OC1=C(Cl)C=C(Cl)C(Cl)=C1,-5.790484985
C1OC1C1=CC=CC=C1,-4.801342913
ClCC(Br)CBr,-3.832682665
CCC(C)CC,0.226084116
ClCC(Cl)CCl,-3.46470588
CCC(=O)CC,-4.301029996
OC(CCl)CCl,-5.88941029
OCC(O)CCl,-7.536107011
COC(=O)C=C,-3.701146924
COC(=O)CCl,-4.625251654
CC1CCCC1,-0.440093375
CC1CCCO1,-4.031517051
O=C1CCCO1,-7.278189385
CC(OP(C)(F)=O)C(C)(C)C,-5.3400838
CC(C)N(CCO)C(C)C,-5.896196279
[O-][N+](=O)C1=CC(=C(Cl)C=C1)[N+]([O-])=O,-5.549750892
OC1=CC=C(Cl)C=C1CC1=CC(Cl)=CC=C1O,-11.93930216
COC1=C(O)C=CC(CC=C)=C1,-5.701146924
CCOC(=O)C(C)=C,-3.241845378
CCOC(=O)C(C)O,-6.234331445
CC(C)COC(=O)C(C)C,-3.085128182
CC(C)COC(=O)C(C)=C,-3.281498311
CCCCOC(=O)C(C)=C,-3.304518324
CCC(CC)CO,-4.289036881
OCC1=CC=CO1,-7.104577454
O=CC1=CC=CO1,-5.42365865
CC(C)(C)C1=CC=CC=C1,-1.880414225
FC(F)(F)C1=CC=CC=C1,-1.782516056
CC(C)(C)C1=CC=C(O)C=C1,-5.924453039
CC1=CCC(CC1)C(C)(C)O,-5.651695137
CC(C)C1=CC=CC=C1,-1.93930216
CC(=C)C1=CC=CC=C1,-2.59345982
CC(=O)C1=CC=CC=C1,-4.982966661
ClC(Cl)C1=CC=CC=C1,-3.400116928
CN(C)C1CCCCC1,-4.628932138
[O-][N+](=O)C1=CC=CC=C1,-4.619788758
CC1=CC(=CC=C1)[N+]([O-])=O,-5.031517051
NC1=CC(=CC=C1)[N+]([O-])=O,-8.101823517
NC1=C(Cl)C=C(C=C1Cl)[N+]([O-])=O,-7.330683119
[O-][N+](=O)C1=CC(=CC(=C1)[N+]([O-])=O)[N+]([O-])=O,-8.187086643
[O-][N+](=O)C1=CC=C(Cl)C(Cl)=C1,-5.093126465
[O-][N+](=O)C1=CC(=CC=C1)[N+]([O-])=O,-7.30980392
CC(C)C1CCC(C)CC1,0.245512668
CC(C)C1=CCC(C)=CC1,-1.588380294
OC(=O)C1=CC=C(O)C=C1,-11.15614458
CN(C)C1=CC=C(C)C=C1,-4.312471039
CC1=CC=C(C=C1)[N+]([O-])=O,-5.249491605
[O-][N+](=O)C1=CC=C(Cl)C=C1,-5.310691141
NC1=CC=C(C=C1)[N+]([O-])=O,-8.899629455
OC1=CC=C(C=C1)[N+]([O-])=O,-9.381951903
C=CC1CCC=CC1,-1.348625056
CCC1=CC=CC=C1,-2.103473783
C=CC1=CC=CC=C1,-2.560667306
C=CC1=CC=NC=C1,-5.092588639
ClCC1=CC=CC=C1,-3.385102784
N#CC1=CC=CC=C1,-4.283162277
N#CC1=CC=NC=C1,-6.031984286
OCC1=CC=CC=C1,-6.472370099
O=CC1=CC=CC=C1,-4.573488739
N#CC1=CN=CC=C1,-6.562249437
CNC1=CC=CC=C1,-5.051587034
NNC1=CC=CC=C1,-8.354577731
ON=C1CCCCC1,-6.634512015
COC1=CC=CC=C1,-3.315154638
C=CC1=NC=CC=C1,-4.853871964
CCC1=NC=CC=C1,-4.782516056
O=NN1CCCCC1,-6.073657553
OC1=CC=CC(C=O)=C1,-8.602059991
C1N2CN3CN1CN(C2)C3,-8.785156152
ClC1=CC=CC=C1NC1=NC(Cl)=NC(Cl)=N1,-9.55129368
CC(C)OC(=O)NC1=CC=CC(Cl)=C1,-6.244887734
ClCC#CCOC(=O)NC1=CC=CC(Cl)=C1,-7.931814138
CN(C)C(=O)NC1=CC=CC=C1,-8.696803943
C(C1=CC=CC=C1)C1=CC=CC=C1,-3.88941029
O(C1=CC=CC=C1)C1=CC=CC=C1,-3.554395797
CCCN(CCC)CCC,-3.419075024
C=CCN(CC=C)CC=C,-3.580044252
OCCN(CCO)CCO,-12.15181088
CC(=O)OCC(COC(C)=O)OC(C)=O,-7.910094889
CCCCN(CCCC)CCCC,-3.795880017
CCCCC(CC)COC(=O)C=C,-3.364516253
CCCCC(CC)COC(=O)CCCCC(=O)OCC(CC)CCCC,-6.36251027
C(=C/C1=CC=CC=C1)\C1=CC=CC=C1,-3.142064735
C1=CC=C(C=C1)N=NC1=CC=CC=C1,-4.869666232
CCOC(=O)C=CC1=CC=CC=C1,-5.370590401
C(OCC1=CC=CC=C1)C1=CC=CC=C1,-5.172630727
BrCCC1=CC=CC=C1,-2.818156412
CCCC1=CC=CC=C1,-1.978810701
CCNC1=CC=CC=C1,-5.009661145
CCOC1=CC=CC=C1,-3.355561411
OC(=O)CC1=CC=CC=C1,-7.387216143
CCCCCCCCCC1=CC=C(O)C=C1,-4.468521083
CCCCC1=CC=CC=C1,-1.799696817
CCCCCCCCCCC1=CC=CC=C1,-0.815308569
CCCCC(CC)CN,-4.021363052
CCCCC(CC)CO,-4.576754126
CC1=CC=C(C=O)C=C1,-4.759450752
CCC1=CN=C(C)C=C1,-4.721246399
COC1=CC=C(N)C=C1,-7.180456064
CCC1=CC=C(CC)C=C1,-2.122168109
CCCC(C)CO,-4.366531544
CCOC(=O)CC,-3.600326279
CCOC(=O)CCl,-4.391473966
COC(=O)CC(C)=O,-6.563837353
CCC(C)OC(C)=O,-3.377785977
CCOC(=O)CC(=O)OCC,-5.677780705
CCCC(=O)OCC,-3.399027104
CCOC(=O)CC#N,-6.539102157
CCOC(C)OCC,-4.010995384
CCOC(=O)OCC,-4.049148541
CN(CCO)CCO,-10.50307035
CCCOC(=O)CCC,-3.196542884
CC1=CC(C)=C(O)C=C1,-6.021819483
CCCCOC(=O)\C=C/C(=O)OCCCC,-6.427128398
CC(C)=CCC\C(C)=C/CO,-4.93930216
CCCCCCC(=O)OCC,-3.301899454
CCCCC(=O)CC,-4.041914151
CCCOC(=O)CC,-3.396855627
BrC1=CC=C(Br)C=C1,-3.049148541
CC1=CC=C(Br)C=C1,-2.632644079
ClC1=CC=C(Br)C=C1,-2.839231438
OC1=CC=C(Br)C=C1,-6.821023053
CC1=CC=C(C)C=C1,-2.161150909
CC1=CC=C(Cl)C=C1,-2.358525889
CC1=CC=C(O)C=C1,-6
ClC1=CC=C(Cl)C=C1,-2.617982957
NC1=CC=C(Cl)C=C1,-5.935542011
OC1=CC=C(Cl)C=C1,-6.202732459
CC1=CC=C(N)C=C1,-5.694648631
O=C1C=CC(=O)C=C1,-3.319664487
CC(C)COC(=O)C=C,-3.22475374
CCCCCC(=O)CC,-3.886056648
CCCCCC(=O)OC,-3.435333936
CCC1CO1,-3.744727495
ClCC1CO1,-4.517126416
BrCCBr,-3.187086643
CCCBr,-2.135488919
BrCC#C,-2.946921557
CCCC,-0.022413562
CCC=C,-0.632644079
C=CC=C,-1.133122186
C=CC=O,-3.913640169
CCCS,-2.389339837
ClCCBr,-3.041436117
ClCC=C,-1.958607315
ClCCCl,-2.928117993
OCCCl,-6.118615343
CCCI,-2.045275209
CCCN,-4.829738285
NCC=C,-4.739928612
CCC#N,-4.431798276
C=CC#N,-3.860120914
NCCN,-8.761953897
OCC=C,-5.301899454
OCC#C,-5.93930216
OCCO,-7.22184875
O=CC=O,-8.477555766
COC=C,-2.17327748
COC=O,-3.651695137
CC(C)OP(C)(F)=O,-6.242603971
C[Si](C)(C)O[Si](C)(C)C,0.985426474
CCOP(=O)(OCC)OP(=O)(OCC)OCC,-10
C[Si](C)(C)O[Si](C)(C)O[Si](C)(C)C,1.485721426
C[Si](C)(C)O[Si](C)(C)O[Si](C)(C)O[Si](C)(C)O[Si](C)(C)O[Si](C)(C)C,3.133538908
COC(C)(C)CC(C)=O,-5.714442691
CC(C)CCBr,-1.460923901
CCCC(C)C,0.23299611
CCCC(C)=O,-4.077793723
CC(O)CCO,-8.623423043
CCCC(O)=O,-6.271646218
COCC(C)O,-6.036212173
CN(C)CCO,-6.428291168
CCC[N+]([O-])=O,-4.060480747
CC(=O)OC=C,-3.2915791
CC(C)CC(C)C,0.279666944
CC(C)CC(C)N,-4.505845406
CC(C)CC(C)=O,-3.860120914
CC(C)CC(C)O,-4.351639989
CC(C)NC(C)C,-4.017728767
CC(C)OC(C)C,-2.591760035
CC(C)OC(C)=O,-3.555955204
CC(=O)OC(C)=O,-5.243363892
CC1COC(=O)O1,-7.462180905
BrC1=CC(Br)=CC=C1,-2.9076303
CC1=CC(C)=CC=C1,-2.143875556
CC1=CC(O)=CC=C1,-6.067526235
CC1=CC(Cl)=CC=C1,-1.792365633
NC1=CC(Cl)=CC=C1,-6
OC1=CC(Cl)=CC=C1,-6.462180905
CC1=CC(N)=CC=C1,-5.779891912
NC1=CC(N)=CC=C1,-8.903089987
OC1=CC(O)=CC=C1,-10.00524306
CC1=CC=NC(C)=C1,-5.171340103
CC1=CC=CC(C)=N1,-4.982966661
CC(CCl)OC(C)CCl,-4.129596095
CCOC(=O)CC(C)C,-3.148130399
COCC(C)OC(C)=O,-5.463441557
CC1=CC(C)=CC(C)=C1,-2.057000407
CC1=CC(O)=CC(C)=C1,-6.211831629
ClC1=CC(Cl)=CC(Cl)=C1,-2.723538196
CC1=CC(C)=NC(C)=C1,-5.055024092
NC1=NC(N)=NC(N)=N1,-13.73518218
CC(C)CC(O)CC(C)C,-3.88941029
CC(C)CC(=O)CC(C)C,-3.931814138
CC(C)CC(C)OC(C)=O,-3.233587153
BrC1=CC=CC=C1,-2.607303047
CC1CCCCC1,-0.366531544
CC1=CC=CC=C1,-2.177831921
CC1=CC=NC=C1,-5.22184875
ClC1=CC=CC=C1,-2.507239611
NC1CCCCC1,-5.380906669
OC1CCCCC1,-5.356547324
O=C1CCCCC1,-5.045757491
OC1=CC=CC=C1,-6.477555766
SC1=CC=CC=C1,-3.474955193
CC1=CC=CN=C1,-5.111820506
BrC1=CC=CC=N1,-5.113509275
CC1=NC=CC=C1,-5.001740662
CC1=NC=CN=C1,-5.657577319
ClC1=NC=CC=C1,-4.787812396
CCCCOC(=O)CCC,-3.163043263
CCCCOC(=O)CCCCCCCCC(=O)OCCCC,-7.314258261
CCCCC(O)=O,-6.326058001
CC(C)COC=C,-2.582694417
CC(C)OCCO,-6.036212173
CCCOC(C)=O,-3.661543506
BrCCCBr,-3.051587034
CCCCBr,-2.059981845
CCCCC,0.096910013
CCCC=C,-0.402304814
CCCCCl,-1.777283529
CCCCN,-4.759450752
CCCC#N,-4.281498311
N#CCC#N,-6.882728704
OCCC#N,-8.124938737
CCCCS,-2.342944147
COCCO,-6.48148606
COCOC,-3.761953897
CCNCC,-4.59345982
CCOC=C,-2.268653024
C=COC=C,-2.095014119
CCOC=O,-3.41453927
N1C=CC=C1,-4.744727495
C1CCOC1,-4.151810883
O1C=CC=C1,-2.26760624
S1C=CC=C1,-2.643974143
CC(C)(C)OOC(C)(C)C,-1.316052869
CC(C)CCC(C)=O,-3.795880017
OC(=O)CCC(O)=O,-12.44733178
CC(C)COC(C)=O,-3.342944147
CCCCCCCCCC(=O)OC,-2.68613278
CCCCCC(C)=O,-3.772113295
CC(C)CCOC=O,-3.171340103
COCCOC(C)=O,-6.962573502
CCCCCBr,-1.705093089
CCCCCC,0.255754787
ClCCCCCl,-3.313363731
CCCCCN,-4.614393726
N#CCCC#N,-8.189767482
CCCCC=O,-3.832682665
OCCCCO,-8.886056648
CCCCCS,-1.91721463
CCCOC=O,-3.361510743
ClCCOC=C,-2.057595059
CCOCCO,-6.327902142
CCSSCC,-2.66756154
C1CCCCC1,-0.823908741
C1CCC=CC1,-1.341988603
C1=CC=NC=C1,-4.958607315
C1CCNCC1,-5.351639989
C1COCCN1,-5.935542011
CC(C)CNCC(C)C,-3.250263684
CCCCCCCC(=O)OC,-3.106238238
CCCCCCC(C)=O,-3.725842151
CCCCCCC(O)=O,-6.187086643
CCOCCOC(C)=O,-5.494850022
OC(=O)CCCCCC(O)=O,-12.42136079
CCCCCCBr,-1.483729117
CCCCCCN,-4.571865206
CCCCCCO,-4.76700389
CCCCOC=C,-2.666149855
OCCNCCO,-10.41228903
CCCOCCC,-2.657577319
ClCCOCCCl,-4.769551079
CCCSCCC,-2.48945499
C1CCCNCC1,-5.211831629
CC(=O)OCCOC(C)=O,-7.075720714
CCCCCCCC,0.506640306
CCCCCCC=C,-0.203009609
N#CCCCCC#N,-8.91721463
CCCCCCCO,-4.725842151
CCCCCCC=O,-3.568636236
CCCCOCCO,-5.795880017
CCCCCCCCBr,-1.235599677
CCCCCCCCC,0.531478917
CCCCCCCCCl,-1.42010213
CCCCCCCCN,-3.084072788
CCCCCCCCO,-4.610833916
CCOCCOCCO,-7.651695137
ClCCOCOCCCl,-5.41453927
CCCCNCCCC,-4.050609993
COCCOCCOC,-6.281498311
CCCCCCCCC(O)=O,-5.790484985
CCCCOCCOC(C)=O,-5.262807357
CCCCCCCCCC(C)=O,-4.196542884
CCOCCOCCOC(C)=O,-7.640164518
CCCCCCOCCO,-5.505845406
ClCCOCCOCCCl,-6.107348966
CCCCCCCCCCO,-4.494850022
CCCCCCCCCC=O,-2.744727495
CCCCOCCOCCO,-8.142667504
CCOCCOCCOCC,-6.954677021
CCCCCCCCCCCC,0.912753304
CCCCOCCOCCCC,-4.987162775
CCCCCCCCCCCCO,-4.653647026
CCCCCCOCCOCCO,-7.759450752
CCCCCCCCCCCCCCO,-3.795880017
CCCCOCCOCCOCCCC,-5.602059991
CCCCCCCCCCCCCCCCCCO,-3.075204004
CNC(=O)OC1=CC=CC=C1OC(C)C,-8.844663963
CC=C,-0.707743929
COC,-3
CC(C)=C,-0.661543506
CC(C)(O)C=C,-4.681936665
CC(C)(O)C#C,-5.407823243
FC1(F)C(F)(F)C(F)(F)C1(F)F,0.928190948
CN(C)P(F)(=O)N(C)C,-7.651695137
OC(C1=CC=C(Cl)C=C1)(C1=CC=C(Cl)C=C1)C(Cl)(Cl)Cl,-6.616184634
[Cl-].CCCC[P+](CCCC)(CCCC)CC1=C(Cl)C=C(Cl)C=C1,-12.41793664
O=P(OC1=CC=CC=C1)(OC1=CC=CC=C1)OC1=CC=CC=C1,-5.480172006
CCOP(=S)(OCC)OC1=CC=C(C=C1)S(C)=O,-7.995678626
ClCCOP(=O)(OCCCl)OCCCl,-5.482804102
CNC(=O)ON=CC(C)(C)SC,-8.841637508
FC(F)=C(F)F,-0.201349355
ClC1=CC=C(C=C1)S(=O)(=O)C1=CC(Cl)=C(Cl)C=C1Cl,-8.841637508
CCC(C)C(O)=O,-5.832682665
NC1=CC=C(O)C2=C1C(=O)C1=CC=CC=C1C2=O,-10.58004425
NC1=CC=C2C(=O)C3=C(C=CC=C3)C(=O)C2=C1,-10.03668449
CCCCC(CC)COC(=O)C1=C(C=CC=C1)C(=O)OCC(CC)CCCC,-6.568636236
CCCCCCCCOC(=O)C1=C(C=CC=C1)C(=O)OCCCCCCCC,-5.590066877
ClC1=C(Cl)C(Cl)=C(Cl)C(Cl)=C1Cl,-2.769551079
OC(=O)C1=CC=CC=C1Cl,-7.187086643
CC1=C(C=C(C=C1[N+]([O-])=O)[N+]([O-])=O)[N+]([O-])=O,-7.681936665
CCOP(=S)(OCC)OC1=NN(C(=O)C=C1)C1=CC=CC=C1,-10.30715308
OC1=CC=C(NC2=CC=C(C=C2[N+]([O-])=O)[N+]([O-])=O)C=C1,-11.83564714
CC1=CC(=C(O)C=C1)[N+]([O-])=O,-4.829738285
COC(=O)C1=C(O)C=CC=C1,-4.008330993
C1CCC2=C(C1)C=CC=C2,-2.866461092
C1=CC2=CC3=C(C=CC=C3)C=C2C=C1,-4.254925208
OC1=C(CC2=CC=CC=C2)C=C(Cl)C=C1,-8.568636236
O=CC1=CC=C2OCOC2=C1,-6.251811973
COC(=O)C1=CC=C(C=C1)C(=O)OC,-3.872895202
N1C=CC2=C1C=CC=C2,-6.277366077
OC1=C(O)C=CC=C1,-8.920818754
ClC1=CC(Cl)=C(Cl)C=C1,-2.847711656
OC1=C(Cl)C=C(Cl)C=C1,-5.458420756
O=C1CCCC1,-5
CN1CCCC1,-4.521433504
CC1=C(C=C(C=C1)[N+]([O-])=O)[N+]([O-])=O,-7.26760624
CC(C)=C[C@@H]1[C@@H](C(=O)O[C@H]2CC(=O)C(C\C=C/C=C)=C2C)C1(C)C,-6.111820506
COC(=O)C(\C)=C\[C@@H]1[C@@H](C(=O)O[C@H]2CC(=O)C(C\C=C/C=C)=C2C)C1(C)C,-7.659555885
COC1=C(O)C=CC(C=O)=C1,-8.66756154
CCN(CC)CC,-3.826813732
CN(C)C1=CC=CC=C1,-4.245651664
[O-][N+](=O)C1=CC=CC(Cl)=C1,-4.869666232
CCOC(=O)CC(SP(=S)(OC)OC)C(=O)OCC,-8.310691141
[O-][N+](=O)N1CN(CN(C1)[N+]([O-])=O)[N+]([O-])=O,-10.69680394
NC1=C(Cl)C=C(C=C1)[N+]([O-])=O,-8.020451625
COP(=S)(OC)OC1=CC=C(C(C)=C1)[N+]([O-])=O,-6.031517051
CCNC1=NC(NCC)=NC(Cl)=N1,-9.025949097
N(C1=CC=CC=C1)C1=CC=CC=C1,-5.57024772
CC(C)OC(=O)NC1=CC=CC=C1,-6.735182177
C(OC1=CC=CC=C1)C1CO1,-6.084600165
N(NC1=CC=CC=C1)C1=CC=CC=C1,-6.320572103
OCCCC1=CC=CC=C1,-6.692503962
OCCOC1=CC=CC=C1,-7.326058001
CCCCC(CC)CCl,-2.629301907
CCCCC(CC)C=O,-3.119758224
CCC1=CC=C(O)C=C1,-6.111820506
OC1=CC=C(C=O)C=C1,-9.2915791
CCCC(=O)CCC,-4.260427656
CCOC(=O)CCC(=O)OCC,-6.278189385
NC1=CC=C(O)C=C1,-9.444905551
OC1=CC=C(O)C=C1,-10.32513886
CC(C)=CCCC(=C)C=C,-1.191518943
CCC=O,-4.13430394
CC(=O)CC(C)(C)O,-6.583359493
CC(C)CCO,-4.850780887
CC(=O)CC(C)=O,-5.628932138
CC1OC(C)OC(C)O1,-4.76700389
CCCC=O,-3.93930216
C1CCNC1,-5.621602099
NC(=O)N=NC(N)=O,-12.08618615
CCCCCCCCOC(=O)CCCCC(=O)OCCCCCCCC,-6.36251027
CCCCOC(C)=O,-3.55129368
C1COCCO1,-5.318758763
CC(C)CCOC(C)=O,-3.231361899
CCCCCCC(C)O,-3.910094889
C=CCNCC=C,-4.522878745
OC(=O)CCCCC(O)=O,-11.32697909
CCCCCCCC(O)=O,-6.049635146
CCCCCCCC=C,-0.097235856
CCCCCCCC=O,-3.289036881
CCCCOCCOCCOC(C)=O,-6.459670525
CCCCCCCCCC,0.711722892
CCCCCCCCC=O,-3.13430394
O=C=O,-1.818156412
CNC,-4.752026734
ClC(Br)Br,-3.106238238
FC(Br)C(F)(F)F,-1.241845378
FC(F)(Br)C(F)(F)Br,1.568201724
BrCC(Br)COP(=O)(OCC(Br)CBr)OCC(Br)CBr,-4.661543506
CCCCOP(=O)(OCCCC)OCCCC,-5.850780887
CC(=C)C#N,-3.607303047
CC(=O)C(O)=O,-8.490797478
ClC(Cl)=C(Cl)Cl,-1.752026734
CN(C)C(C)=O,-7.882728704
NC1=CC=C(N)C2=C1C(=O)C1=CC=CC=C1C2=O,-9.319664487
C1=CC2=C3C(C=CC4=CC=CC(C=C2)=C34)=C1,-4.924453039
OC1=C2C(=O)C3=C(C=CC=C3)C(=O)C2=CC=C1,-8.139661993
COC(=O)C1=C(C=CC=C1)C(=O)OC,-6.705533774
CCCOC(=O)C1=C(C=CC=C1)C(=O)OCCC,-6.395773947
O1C2=CC=CC=C2C2=C1C=CC=C2,-3.671620397
S1C2=C(C=CC=C2)C2=C1C=CC=C2,-4.4710833
[H][C@@]12CC=CC[C@]1([H])C(=O)N(SC(Cl)(Cl)Cl)C2=O,-8.15490196
ClC(Cl)(Cl)SN1C(=O)C2=C(C=CC=C2)C1=O,-7.11577123
NC1=C(Cl)C(=CC(Cl)=C1)C(O)=O,-10.41228903
COC(=O)C1=C(N)C=CC=C1,-5.723538196
NC1=CC=CC2=C1C=CC=C2,-6.954677021
CCC1=CC=CC=C1CC,-2.583359493
OC1=CC2=C(C=CC=C2)C=C1,-7.562249437
CCC(C)C1=CC=CC=C1,-1.755475488
CCCCOC(=O)C1=CC=CC=C1,-4.401209493
CC1=CC(C)=C(N)C=C1C,-5.605548319
CN(C)C(=S)SSC(=S)N(C)C,-6.739928612
CCC(C)CO,-4.850780887
CCCCOC(=O)C(C)O,-5.716698771
CC(C)NC1=NC(NC(C)C)=NC(Cl)=N1,-8.337242168
CC(=O)OCC1=CC=CC=C1,-4.946921557
CCOC(=O)C=C,-3.469800302
CCOC(=O)CCCCC(=O)OCC,-5.440093375
CCCCOC(=O)C=C,-3.337242168
OCC=O,-7.616184634
C[Si](C)(C)O[Si](C)(C)O[Si](C)(C)O[Si](C)(C)C,1.230448921
COP(=O)(OC)O\C(C)=C\C(=O)N(C)C,-10.29843201
CCOC(C)=O,-3.872895202
CC(C)=CC(C)=O,-4.435333936
OC(=O)CC(O)=O,-9.57024772
CCC1=CC(CC)=CC=C1,-2.080137746
CCOC(=O)CC(C)=O,-5.920818754
ClCCCCl,-3.010550182
C1CC=CC1,-1.195860568
CCCCCC(O)=O,-6.120330794
C1CCOCC1,-3.903089987
CCCCCCC,0.301029996
C\C=C\C=C\C=O,-5.009661145
CCCNCCC,-4.292429824
CCCCCCOC(C)=O,-3.27572413
CCCCOCCCC,-2.22184875
CCCCCCCCCO,-4.511449283
ClC12C(=O)C3(Cl)C4(Cl)C1(Cl)C1(Cl)C2(Cl)C3(Cl)C4(Cl)C1(Cl)Cl,-7.269217724
CC(C)C(O)C(C)(C)CO,-7.341035157
OC(=O)CF,-7.906578315
OC(=O)C(O)=O,-9.844663963
OC(=O)C1C2CCC(O2)C1C(O)=O,-15.41453927
OC1=CC=CC2=CC=CN=C12,-6.244125144
N1C2=C(C=CC=C2)N=C1C1=CSC=N1,-10.67366414
CCCCC(CC)C(O)=O,-5.54515514
COC1=CC=CC(O)=C1,-7.236572006
CN(C)C(=O)NC1=CC=C(Cl)C=C1,-9.242603971
C1CN1,-4.91721463
FC(F)(F)C(Cl)Br,-1.692503962
C1=CC2=C3C(=C1)C1=C4C(C=CC5=C4C3=C(C=C2)C=C5)=CC=C1,-6.480172006
C1=CC2=C3C=CC=C4C=CC5=CC=CC(=C2C=C1)C5=C34,-6.522878745
C1=CC2=C(C=C1)C1=C3C2=CC2=C4C(C=CC(C=C1)=C34)=CC=C2,-6.458420756
C1=CC2=C3C(=C1)C1=CC=CC4=C1C(=CC=C4)C3=CC=C2,-5.437707136
C1=CC=C2C(=C1)C1=CC=CC3=C4C=CC=CC4=CC2=C13,-6.18243463
C1=CC2=C(C=C1)C1=C3C2=CC=CC3=CC=C1,-5.052566278
C1=CC2=CC3=C(C=C2C=C1)C1=C2C3=CC=CC2=CC=C1,-6.233587153
C1=CC2=C3C1=CC=CC3=CC=C2,-3.943095149
C1=CC=C2C(=C1)C1=CC=CC=C1C1=CC=CC=C21,-6.812479279
C1=CC=C2C(C=CC3=C2C=CC2=CC=CC=C32)=C1,-5.281498311
C1=CC=C2C(=C1)C=NC1=CC=CC=C21,-7.785156152
C1C2=CC=CC=C2C2=CC=C3C=CC=CC3=C12,-4.575118363
C1C2=CC=CC=C2C2=CC3=CC=CC=C3C=C12,-5.407823243
O1C2=CC=CC=C2OC2=C1C=CC=C2,-3.954677021
C1CCCC1,-0.818156412
O1C=CC=N1,-4.605548319
C1CCCCCC1,-1.031423665
CCOP(=S)(OCC)OC1=CN=CC=N1,-6.065501549
CCN(CC)C(=O)C(\Cl)=C(\C)OP(=O)(OC)OC,-11.18641901
COP(=S)(OC)OC1=CC=C(C=C1)[N+]([O-])=O,-7
CCOP(=S)(OCC)SCSCC,-5.359518563
CCOP(=S)(OCC)SCCSCC,-5.665546249
COP(=S)(OC)OC1=C(Cl)C=C(Cl)C(Cl)=C1,-4.494850022
COP(=O)(OC)OC(Br)C(Cl)(Cl)Br,-4.186419011
FC(F)(F)C(Cl)Cl,-1.591760035
[H][C@]12C[C@]([H])(C=C1)[C@]1([H])[C@@]2([H])[C@]2(Cl)C(Cl)=C(Cl)[C@@]1(Cl)C2(Cl)Cl,-4.356547324
CCOP(=O)(OCC)OC1=CC=C(C=C1)[N+]([O-])=O,-9.962573502
CCC(C)N1C(=O)NC(C)=C(Br)C1=O,-9.88941029
FC1=CC(F)=C(F)C=C1F,-1.751536282
CCOP(=S)(CC)OC1=C(Cl)C=C(Cl)C(Cl)=C1,-4.950781977
OC1=C(C=CC(=C1)[N+]([O-])=O)[N+]([O-])=O,-7.11463878
CP(F)(=O)OC1CCCCC1,-5.552841969
CN(C)C(=O)NC1=CC(Cl)=C(Cl)C=C1,-9.297569464
CON(C)C(=O)NC1=CC=C(Cl)C(Cl)=C1,-8.204119983
CCOP(=S)(OCC)OC1=NC(=NC(C)=C1)C(C)C,-6.946921557
CCCCCCCCCC(O)=O,-5.872895202
CC(=O)C1=CN=CC=C1,-7.671620397
CCSCC,-2.774690718
CCF,-1.651695137
FC(F)=O,-3
FC(F)(F)C(Cl)=O,-3.346787486
FC(=O)C(F)(F)F,-3.477555766
OC1=C(F)C=CC=C1,-5.492144128
OC1=CC=C(F)C=C1,-6.151810883
OCCF,-5.744727495
CC(C)NP(F)(=O)NC(C)C,-8.522878745
CC(O)C(F)(F)F,-4.661543506
FC(F)(F)C(F)(Cl)Cl,0.096910013
OC(=O)C(F)F,-7.48148606
NC#N,-7.575118363
CC(=O)C(F)(F)F,-5.107348966
OCC(F)(F)C(F)(F)F,-4.651695137
FC(F)(F)C(F)(F)C(Cl)Cl,-0.299296283
CC(=O)C(C)=O,-4.876148359
OC1=C(C=CC(F)=C1)[N+]([O-])=O,-4.705533774
N#CC#N,-2.26760624
COCC(F)F,-3.119758224
FC1=CC=CC=C1,-2.204119983
CCOCOCC,-4.175223538
O=C=S,-0.214670165
CC(C)(C)C,0.567026366
CC12CCC(CC1)C(C)(C)O2,-3.958607315
CCOP(=O)(OCC)OC(=CCl)C1=C(Cl)C=C(Cl)C=C1,-7.539102157
NC(=O)C(N)=O,-10.70114692
CCC(C)C1=CC(=CC(=C1OC(=O)C=C(C)C)[N+]([O-])=O)[N+]([O-])=O,-6.872895202
C1CC2=CC=CC=C2C1,-3.696803943
O=CC1=CC=CN=C1,-6.823908741
COP(=S)(OC)OC1=CC=C(C(Cl)=C1)[N+]([O-])=O,-7.406713933
CCCCC(=O)CCCC,-3.54515514
C1COC1,-4.605548319
CC(C)CC(O)=O,-6.079354999
C1CSCCS1,-5.37675071
OC(=O)CCCCCCC(O)=O,-11.25570702
CCCC=CC=O,-4.310691141
ClCCSCCCl,-4.610833916
CC(C)(C)Br,-1.390405591
CC(C)(C)Cl,-1.893809103
CC1(C)[C@@H]2CC[C@@]1(C)[C@@H](O)C2,-4.860120914
[O-][N+](=O)C([N+]([O-])=O)([N+]([O-])=O)[N+]([O-])=O,-3.619788758
CCOC(=O)C(O)(C1=CC=C(Cl)C=C1)C1=CC=C(Cl)C=C1,-7.140261434
COP(=O)(OC)OC,-8.142667504
CCCOP(=O)(OCCC)OCCC,-6.167491087
CC=C(C)C,-0.649751982
CCC(C)I,-1.705533774
CCC(C)S,-2.139063379
CC(=C)C(C)=C,-1.297569464
CC(O)C(C)O,-7.540607512
CC1=CC=CC(C)=C1C,-2.360513511
CC1=C(C)C(O)=CC=C1,-6.131943638
CC1=CC(C)=C(O)C(C)=C1,-5.585026652
CC(C)C1=C(C)C=CC=C1,-1.944239535
[O-][N+](=O)C1=C(C=CC=C1)[N+]([O-])=O,-7.273272791
CN1CSC(=S)N(C)C1,-9.575118363
CC1=C(O)C(=CC(=C1)[N+]([O-])=O)[N+]([O-])=O,-5.853871964
CC(C)C1=CC(C)=CC=C1,-2.145693958
C#CC1=CC=CC=C1,-3.216811309
CCC1=CC=NC=C1,-5.071604148
CCC1=CC=CN=C1,-4.982966661
CCN(CCCl)CCCl,-3.455931956
COCC1=CC=CC=C1,-4.050609993
CCCCC(=O)OCC,-3.42945706
CCC(=O)OCC(C)C,-3.185752404
BrC=CBr,-3.070581074
CCCCl,-1.882397308
ClC=CCl,-2.389339837
CCOC,-2.920818754
CC(C)CC(C)(C)C,0.482873584
CC(=O)OC(C)(C)C,-3.064492734
C[Si]1(C)O[Si](C)(C)O[Si](C)(C)O[Si](C)(C)O[Si](C)(C)O[Si](C)(C)O1,0.274157849
C[Si]1(C)O[Si](C)(C)O[Si](C)(C)O[Si](C)(C)O[Si](C)(C)O1,1.51851394
ClC=C[As](Cl)Cl,-3.661543506
CCCC(Cl)Cl,-2.118615343
ClC1=CC(Cl)=CC=C1,-2.580044252
CC(C)COC=O,-3.277366077
CCCCI,-1.778325003
ClCOCCl,-2.360513511
C1C=CC=C1,-1.677780705
CC(C)CO[N+]([O-])=O,-2.647817482
CCCCCC(C)O,-4.254925208
CCCCCCl,-1.623423043
CC(C)CCOCCC(C)C,-2.835647144
CCCCCCCl,-1.616184634
C1C=CC=CC=C1,-2.337714484
CCCCCCCCCCCCCC(O)=O,-6.305394801
CCCCCCCCCCCCCCCC,-0.325138859
C1=CC(=CC=N1)C1=CC=NC=C1,-8.598599459
COC(=O)C(=O)OC,-5.53165267
CCC(=O)OC,-3.759450752
CC1=CC=CS1,-2.617982957
OC1=CC=CC(=C1)[N+]([O-])=O,-8.698970004
ClCCN(CCCl)CCCl,-4.732828272
CN=C=S,-4.348721986
C[Si]1(C)O[Si](C)(C)O[Si](C)(C)O[Si](C)(C)O1,1.079181246
CCCOC,-2.827689031
BrC(Br)(Br)Br,-3.308918508
CS(F)(=O)=O,-4.55129368
[H][C@@]12OC3=C(OC(C)=O)C=CC4=C3[C@@]11CCN(C)[C@]([H])(C4)[C@]1([H])C=C[C@@H]2OC(C)=O,-12.21112488
CCC(C)(C)CC,0.265289626
CC1=CC=CC(OP(=O)(OC2=CC(C)=CC=C2)OC2=CC(C)=CC=C2)=C1,-4.080921908
CCOP(=S)(OCC)SCSP(=S)(OCC)OCC,-6.42136079
CC(C)C=C,-0.268008551
CCC(C)=C,-0.365421977
CC(=C)CCl,-2.060480747
CC(Cl)=CCl,-2.308918508
CC(C)C(C)=O,-4.01188716
CCC(C)C(C)(C)C,0.303196057
CCC(C)C(C)C,0.238046103
CCC(C)C(C)=O,-4.135488919
CCC(=O)C(C)C,-3.812479279
CC(C)C(C)C(C)C,0.248218561
CC(C)C(=O)C(C)C,-3.452225295
CC1=CC=C(C)C2=C1C=CC=C2,-3.413412695
CC1=CC=CC2=C(C)C=CC=C12,-3.455931956
CC1=CC(C)=C2C=CC=CC2=C1,-3.22475374
CC1=CC=CC(C)=C1O,-5.177178355
CCC1=CC=CC(CC)=C1N,-5.950781977
CC1=C(C)C=C2C=CC=CC2=C1,-3.036212173
CC1=C(C)C=NC=C1,-5.431798276
CC1CCCCC1O,-5.120330794
CC1=C(C)N=CC=C1,-5.141462802
CCC(O)CC,-4.70333481
CCC(O)CO,-8.226213555
CC(C)=CC1C(C(=O)OC2CC(=O)C(CC=C)=C2C)C1(C)C,-6.982966661
CC(C)(C)C1=CC=CC(O)=C1,-5.716698771
[O-][N+](=O)C1=CC(Br)=CC=C1,-5.730487056
CC(C)=C1CCC(C)=CC1,-1.581698709
CCCC(C)CC,0.214843848
CCCC(=O)CC,-3.903089987
CCCCC(C)CC,0.57054294
CCCCC(O)CC,-4.548213564
CC1=CC=C(C)N=C1,-5.061480275
CCCCOC(=O)CC,-3.296708622
CCCC(C)(C)C,0.498310554
CCCC(C)(C)O,-4.447331784
CCCCC(C)(C)C,1.565847819
CC(C)CC=O,-3.392544977
CC1=CC=CC(Br)=C1,-2.17327748
CC1=CC(C)=CN=C1,-5.161780778
CC1CCCC(O)C1,-5.435333936
CC1CCCC(=O)C1,-3.829738285
OC1=CC(Cl)=CC(Cl)=C1,-6.612610174
CC1=CCCCC1,-1.128076968
IC1=CC=CC=C1,-3.077274542
CCCCC(C)C,0.534787359
CCCCC(C)=O,-4.030584088
CC(=O)OCC=C,-3.89279003
C=CCC=C,-0.920456993
CC=CCCl,-2.085128182
CCCCC=C,-0.385102784
C=CCCC=C,-0.850165303
CCCCCC=C,-0.375717904
CCCCC=CC,-0.379863945
CCCCOC=O,-3.289036881
C[AsH2],0.033423755
CF,-1.769040444
CC[As],0.033423755
FCCl,-2.181114585
ClCI,-3.059981845
C[Se]C,-2.764471553
CC(C)C(C)(C)O,-5.000869459
CC(Cl)(Cl)[N+]([O-])=O,-2.89279003
COC(C)C,-3.041914151
CC(C)C(C)O,-4.756961951
CC(Cl)C(Cl)Cl,-3.498940738
COC(=O)C(C)(C)C,-3.37161107
CC(C)N(N=O)C(C)C,-5.106238238
OC1=CC2=C(C=C1)C(=O)C1=CC=CC=C1C2=O,-10.73518218
CC1=C(C=CC=C1[N+]([O-])=O)[N+]([O-])=O,-6.126679398
ClC1=CC(Cl)=C(Cl)C(Cl)=C1Cl,-3.153044675
CC1=CC(=C(O)C(=C1)[N+]([O-])=O)[N+]([O-])=O,-7.27572413
CCC1=CC=CC=C1C,-2.257274869
CC1=CC2=CC3=CC=CC=C3C=C2C=C1,-3.197910742
CCOC(=O)N(C)N=O,-5.256490235
CN1C=CC(=O)NC1=O,-8.374687549
CCC(Cl)CC,-1.581036169
CC1=CSC=C1,-2.145693958
O=C1CCCN1,-8.974694135
CCC1=CC=CC(O)=C1,-6.202040356
CCCN(CCC)N=O,-5.269217724
OC(=O)C=CC1=CC=CC=C1,-7.76700389
CCC1=CC=C(C)C=C1,-2.300162274
CC1=CC=C(C=C)C=C1,-2.500312917
CCCC(O)CC,-4.395773947
CCCC(=O)OC,-3.688246139
CCCCC(=O)OC,-3.49757288
COC(=O)\C=C/C(=O)OC,-6.148130399
CCCCCOC(=O)CC,-3.074172425
CSSC,-2.91721463
CCCC(C)Cl,-1.833273944
COCC(C)C,-2.656591406
COCC(O)=O,-8.192464972
CC(C)OC=O,-3.110698297
CC(C)SC(C)C,-2.48148606
BrC1=CC(Br)=CC(Br)=C1,-3.104577454
CN1CCCCC1,-4.460923901
CCCCC(C)O,-4.612610174
CCCC[N+]([O-])=O,-3.924453039
CCCO[N+]([O-])=O,-2.896196279
OCCCBr,-6.88941029
CCCC#C,-1.603975103
COC(=O)CCCCC(=O)OC,-5.63638802
CCCCCI,-1.71219827
CCCCOC,-2.747875447
CCCOCC,-2.943476276
CCCCCOC(C)=O,-3.411168274
CCCCCC#C,-1.150642018
ClCCCCCCl,-3.253365801
[O-][N+](=O)OCCO[N+]([O-])=O,-5.557520231
CCCCCCCC(C)O,-4.311580178
CCCCCCCBr,-1.345630909
CCCCCCC#C,-1.085233863
CCOCCOCC,-4.199282922
CCCCCCCCCCCCC,0.459392488
CCCCCCCCCCCCCC,0.963787827
CCCCCCCCCCCCCCC,1.100715087
ClCC(Cl)(Cl)Cl,-2.602059991
CC[Si](CC)(CC)CC,0.465680212
OC(=O)C(Br)Br,-8.354577731
ClC1=C(Cl)C(Cl)=C(Cl)C=C1,-3.119186408
ClC1=CC(Cl)=C(Cl)C(Cl)=C1,-2.801342913
CCC(=O)OC(C)C,-3.237321436
CCOC(C)(C)C,-2.785156152
CCCCCCI,-1.55129368
CCSCCSP(=S)(OC)OC,-7.559090918
CCCC1=CC=C(O)C=C1,-5.943095149
C1COCO1,-4.610833916
CCNC1=NC(OC)=NC(NCC)=N1,-9.709965389
CN(C)P(=O)(N(C)C)N(C)C,-7.698970004
C=CC#C,-1.536256279
CC(C)CC=C,-0.202040356
CCCCC#C,-1.399027104
[O-][N+](=O)OCCOCCO[N+]([O-])=O,-6.408935393
CCC1=CC(O)=CC(C)=C1,-6.168770306
CC1=CC(C)=C(C)C(C)=C1C,-3.358525889
CC1=CC(O)=C(C=C1)[N+]([O-])=O,-4.89279003
CCC(=O)NC1=CC=C(Cl)C(Cl)=C1,-8.76700389
NC1=CC=C(C=C1)N=NC1=CC=C(C=C1)[N+]([O-])=O,-9.55129368
CN(C)S(=O)(=O)N(SC(F)(Cl)Cl)C1=CC=C(C)C=C1,-6.118615343
COP(=S)(OC)SCN1C(=O)C2=C(C=CC=C2)C1=O,-8.076755981
CC(C)OP(=S)(OC(C)C)SCCNS(=O)(=O)C1=CC=CC=C1,-8.038578906
CCCN(CCC)C(=O)SCC,-4.798602876
ClCC(Cl)C=C,-2.066512712
CC(C)(C)OC=O,-3.161150909
CCCC(C)=C,-0.557833914
CC(=O)C1CC1,-4.991399828
COC1=C(Cl)C=CC=C1,-4.040481623
C1CC2=CC=CC=C2C2=CC=CC=C12,-4.517126416
CC1=C2C=CC=CC2=CC2=CC=CC=C12,-4.411168274
CCOP(=S)(OCC)SCSC1=CC=C(Cl)C=C1,-6.66756154
ClC1=CC=C(C=C1)C(C1=CC=CC=C1Cl)C(Cl)(Cl)Cl,-5.130181792
FCC(F)(F)F,-1.301029996
CCCCCCCC(C)=O,-3.435333936
CC(=O)C1CCCCC1,-4.4710833
CC1=C2C=CC3=CC=CC=C3C2=CC=C1,-4.307153081
CCNC1=NC(SC)=NC(NC(C)C)=N1,-8.614393726
COCCCNC1=NC(NC(C)C)=NC(SC)=N1,-9.49757288
CC(=C)C(=O)OCCO,-6.665546249
CCCCCCCCC=C,-0.266802735
CN1CCCC1=O,-8.494850022
O=CC1=CC=NC=C1,-6.752026734
CC1=C(Cl)C(Cl)=C(Cl)C(Cl)=C1Cl,-3.113509275
CCNC1=NC(SC)=NC(NC(C)(C)C)=N1,-7.66756154
CCSCCSP(=O)(OC)OC,-7.560667306
CCOC(C)(C)CC,-1.718966633
OC(C(F)(F)F)C(F)(F)F,-4.37161107
CCCCN(CCCC)N=O,-4.879426069
CCCCCC(=O)CCCCC,-3.649751982
CCCCO[N+]([O-])=O,-2.812479279
O=NN1CCCC1,-7.310691141
CN(CC1=CC=CC=C1)N=O,-4.920818754
CCC1=CC=C2C=CC=CC2=C1,-3.269217724
CCOP(=S)(CC)SC1=CC=CC=C1,-5.156144577
CCOP(=O)(OCC)N=C1SCCS1,-9.920818754
COC1=NN(CSP(=S)(OC)OC)C(=O)S1,-8.144480844
CN(C)C(=O)C(C1=CC=CC=C1)C1=CC=CC=C1,-10.44009337
[O-][N+](=O)C1=CC(=C(NC2=CC=CC=C2)C=C1)[N+]([O-])=O,-9.110698297
CCC(C)(C)OC,-2.879426069
[Cl-].C[N+](C)(C)CCCl,-13.79588002
CCCCCO[N+]([O-])=O,-2.779891912
CNC1=NC(SC)=NC(NC(C)C)=N1,-9.316052869
[H][C@]12[C@@H]3O[C@@H]3[C@H](Cl)[C@@]1([H])[C@@]1(Cl)C(Cl)=C(Cl)C2(Cl)C1(Cl)Cl,-4.677780705
ClC1=C(Cl)C2(Cl)C3COS(=O)(=O)OCC3C1(Cl)C2(Cl)Cl,-6.488116639
OC(=O)CNCP(O)(O)=O,-11.67778071
CCCCCCC1=CC=CC=C1,-1.543026986
CCCCCCCC1=CC=CC=C1,-1.821598658
CN(C)S(=O)(=O)N(SC(F)(Cl)Cl)C1=CC=CC=C1,-7.4225082
CCCCN(CC)C(=O)SCCC,-3.625251654
COC(=O)CCCC(=O)OC,-6.191789027
CCCCCCCCCCC,0.284656283
CC(=O)C1=CC=NC=C1,-7.202040356
CCC1=CC=CC2=C1C=CC=C2,-3.164309429
CN=C(O)OC1=CC=CC(C)=C1,-7.04431225
CCSC(=O)N(CC)C1CCCCC1,-5.279840697
ClC1=CC=CC(Cl)=C1C#N,-4.995678626
C(NC1=C2N=CN=C2N=CN1)C1=CC=CC=C1,-13.05354773
CCCCC(CC)COP(=O)(OC1=CC=CC=C1)OC1=CC=CC=C1,-4.266000713
OC1=CC=C(C=C1)N=NC1=CC=C(C=C1)[N+]([O-])=O,-10.60730305
CC(C)OP(C)(=O)OC(C)C,-4.443697499
CNC(=O)OC1=CC=CC2=C1OC(C)(C)C2,-8.510041521
COC1=CC(=C(O)C=C1)[N+]([O-])=O,-5.725842151
CC1=C(O)C=CC(Cl)=C1,-5.946921557
CCCN(CCC)C1=C(C=C(C=C1[N+]([O-])=O)C(F)(F)F)[N+]([O-])=O,-3.987162775
CN(C)NC(=O)CCC(O)=O,-9.373659633
CCNC1=NC(NC(C)C)=NC(OC)=N1,-9.348721986
COC1=NC(NC(C)C)=NC(NC(C)C)=N1,-9.041436117
COC(C)(C)C,-3.231361899
CCOC(=O)CC(SP(=O)(OC)OC)C(=O)OCC,-9.26760624
CCCCCCCS,-1.609064893
CNC(=O)ON=CC(C)(C)S(C)=O,-9.013676223
CNC(=O)ON=CC(C)(C)S(C)(=O)=O,-8.472370099
FC(F)(Cl)CCl,-1.148741651
CCC1CCCCC1,-0.522878745
CC12OC1CC1CC2C1(C)C,-3.374687549
OC1=CC=C(C=C1)N=NC1=CC=CC=C1,-9.173925197
OC1=C(Br)C=C(C=C1Br)C#N,-9.879426069
CCCCCCCC(=O)OC1=C(Br)C=C(C=C1Br)C#N,-4.496209317
NC1=C(Cl)C(=O)N(N=C1)C1=CC=CC=C1,-9.477555766
OC(=O)C1=C(Cl)C=CC(Cl)=N1,-8.518557371
CC(C)O[N+]([O-])=O,-2.793174124
CC(F)(Cl)Cl,-1.657577319
OC1CCCCCCCCCCC1,-5.53165267
CC1=CC=CC2=C1CC1=C2C=CC=C1,-4.185086819
ClC1=C(Cl)C=C2OC3=CC(Cl)=C(Cl)C=C3OC2=C1,-4.301029996
CON(C)C(=O)NC1=CC=C(Cl)C=C1,-7.337242168
ClC1=C2C=CC=CC2=C(Cl)C=C1,-3.37675071
COC(=O)C1=C(Cl)C(Cl)=C(C(=O)OC)C(Cl)=C1Cl,-5.661543506
CCCCN(CC)C1=C(C=C(C=C1[N+]([O-])=O)C(F)(F)F)[N+]([O-])=O,-3.536107011
CC(O)COCC1=C(Cl)C(Cl)=CC=C1Cl,-6.313363731
ClC(Cl)=C(Cl)C(Cl)(Cl)Cl,-2.327902142
ClC1=C(Cl)C(C#N)=C(Cl)C(C#N)=C1Cl,-5.698970004
CCNC1=NC(NC(C)C)=NC(Cl)=N1,-8.627087997
COC1=C(Cl)C=CC(Cl)=C1C(O)=O,-9.358525889
NC(=S)C1=C(Cl)C=CC=C1Cl,-10.54363397
CC(C)N(C(=O)CCl)C1=CC=CC=C1,-6.443697499
COC(=O)COC1=C(Cl)C=C(Cl)C=C1,-5.559090918
CCCCOCCOC(=O)COC1=C(Cl)C=C(Cl)C=C1,-6.798602876
CCCSC(=O)N(CCC)CCC,-4.510041521
ClC1=CC=CC(=N1)C(Cl)(Cl)Cl,-4.692503962
CC(OC(=O)NC1=CC(Cl)=CC=C1)C#C,-8.064996849
CN(C)C(=O)NC1=CC=C(OC2=CC=C(Cl)C=C2)C=C1,-9.394694954
CC1CCCCC1NC(=O)NC1=CC=CC=C1,-10.16813023
CNC.OC(=O)COC1=C(Cl)C=C(Cl)C=C1,-15.33068312
CCSC(=O)N(CC(C)C)CC(C)C,-4.073143291
CCCCCCCCCCN,-4.424812155
CNC(=O)OC1=CC(C)=C(SC)C(C)=C1,-8.928117993
CCCC1CCCC1,-0.046965543
CCOC(=O)CCCCCC(=O)OCC,-6.348721986
ClC1=CC=CC(=C1)C1=CC(Cl)=CC=C1,-3.632644079
ClC1=CC=C(C=C1)C1=CC=C(Cl)C=C1,-3.701146924
ClC1=C(Cl)C(Cl)=C(C(Cl)=C1Cl)C1=C(Cl)C(Cl)=C(Cl)C(Cl)=C1Cl,-2.026872146
ClC1=C(C=CC=C1)C1=CC=CC=C1,-3.133122186
ClC1=CC=CC(=C1)C1=CC=CC=C1,-3.212539525
ClC1=CC=C(C=C1)C1=CC=CC=C1,-3.241845378
CC1=C(Cl)C=CC(Cl)=C1Cl,-2.823908741
CCOP(=S)(OC1=CC=C(C=C1)[N+]([O-])=O)C1=CC=CC=C1,-6.35261703
COP(=S)(OC)OC1=C(Cl)C=C(Br)C(Cl)=C1,-3.688246139
ClC1=CC(Cl)=C(Cl)C(=C1Cl)C1=C(Cl)C(Cl)=CC(Cl)=C1Cl,-4.744727495
CN(C)C(=O)NC1=CC=CC(=C1)C(F)(F)F,-8.583359493
CCCCCCCCC1=CC=CC=C1,-1.367542708
CCSC(=O)N1CCCCCC1,-5.387216143
CCCCC(C)CCC,1.001300933
ClC1=C(Cl)C(Cl)(C(Cl)=C1Cl)C1(Cl)C(Cl)=C(Cl)C(Cl)=C1Cl,-4.262807357
ClC1=C(Cl)C2=C(Cl)C(Cl)=C(Cl)C(Cl)=C2C(Cl)=C1Cl,-3.136082623
COP(=O)(OC)OC(=CCl)C1=C(Cl)C=C(Cl)C=C1,-7.485452247
CC(=O)OO[N+]([O-])=O,-3.555955204
CC(C)N(C(C)C)C(=O)SCC(Cl)=CCl,-5.420216403
CC(C)N(C(C)C)C(=O)SCC(Cl)=C(Cl)Cl,-4.920818754
CC(C)(C)C1=CC=C(OC2CCCCC2OS(=O)OCC#C)C=C1,-6.193820026
CCCCCC=CC=O,-4.13430394
FC1=CC(F)=C(F)C(F)=C1,-1.709965389
ClC12C3(Cl)C4(Cl)C5(Cl)C(Cl)(C1(Cl)C4(Cl)Cl)C2(Cl)C(Cl)(Cl)C35Cl,-3.090979146
CC1=CC=C(C)C(O)=C1C,-5.404503778
ClC1=CC(Cl)=C(C=C1)C1=C(Cl)C=C(Cl)C=C1,-3.721246399
COP(=S)(OC)OC1=CC=C(C=C1Cl)[N+]([O-])=O,-7.018181393
CNC1=CC=C(NC)C2=C1C(=O)C1=CC=CC=C1C2=O,-9.723538196
NC1=CC=C(N)C2=C1C(=O)C1=C(N)C=CC(N)=C1C2=O,-6.673664139
CN(C)C1=CC=C(C=C1)N=NC1=CC=C(C=C1)[N+]([O-])=O,-7.181114585
COC1=C(Cl)C(Cl)=C(Cl)C(Cl)=C1O,-5.161780778
COP(=S)(OC)SCC(=O)N(C)C=O,-9.958607315
CC1=C(C=CC(O)=C1)[N+]([O-])=O,-7.793174124
CCOC1=NC(=NS1)C(Cl)(Cl)Cl,-6.555955204
CNC(=O)OC1=CC(=CC(C)=C1)C(C)C,-7.051098239
CNC(=O)OC1=C(C=CC=C1)C(C)C,-7.872895202
COP(=S)(OC)OC1=CC=C(C=C1)C#N,-5.261219442
CCOP(=S)(OCC)SCN1N=NC2=CC=CC=C2C1=O,-7.002176919
CNC(=O)OC1=CC(C)=CC(C)=C1,-6.742321425
CNC(=O)OC1=CC(=CC(=C1)C(C)(C)C)C(C)(C)C,-7.3400838
COC1=CC(Cl)=C(OC)C=C1Cl,-3.991399828
C1C[N+]2=CC=CC=C2C2=CC=CC=[N+]12,-10.45593196
CCC(C)C1=C(OC(C)=O)C(=CC(=C1)[N+]([O-])=O)[N+]([O-])=O,-6.995678626
CC(=O)NC1=CC=C(C=C1)N=NC1=C(O)C=CC(C)=C1,-10.82390874
FC(Cl)C(F)(F)F,-1.040958608
CCN(CCO)C1=CC=C(C=C1)N=NC1=CC=C(C=C1)[N+]([O-])=O,-13.07779372
CCOP(=S)(OCC)OC1=NC(Cl)=C(Cl)C=C1Cl,-5.53313238
ClC1=C(Cl)C=C(C=C1)C1=CC=CC=C1,-3.853871964
OC1=C(C=C(C=O)C=C1)[N+]([O-])=O,-5.978810701
COO,-5.342944147
CCOO,-5.53165267
CON(C)C(=O)NC1=CC=C(Br)C=C1,-8.508638306
BrC1CCC(Br)C(Br)CCC(Br)C(Br)CCC1Br,-4.337242168
ClC1=C(Cl)C2=C(OC3=C(Cl)C(Cl)=C(Cl)C(Cl)=C3O2)C(Cl)=C1Cl,-5.171340103
O=C1C2=C(SC(C#N)=C(S2)C#N)C(=O)C2=C1C=CC=C2,-10.24795155
ClC(Cl)=C(C1=CC=C(Cl)C=C1)C1=C(Cl)C=CC=C1,-4.732828272
CC(C)CCC(C)(C)C,0.386855529
CCC(C)C1=CC(=C(O)C=C1)[N+]([O-])=O,-4.019088062
[Na+].[O-]S(=O)(=O)C1=CC(Cl)=CC=C1OC1=C(NC(=O)NC2=CC(Cl)=C(Cl)C=C2)C=C(Cl)C=C1,-14.08301995
CCOP(=S)(OCC)OP(=S)(OCC)OCC,-5.351639989
ClC1=CC=C(C=C1)C(C(=O)C1C(=O)C2=C(C=CC=C2)C1=O)C1=CC=CC=C1,-11.43179828
CC=CC(O)=O,-6.368556231
ClC1=CC(Cl)=NC(=N1)C1=CC=CC=C1,-4.970616222
CCC(C)C1=CC=CC=C1OC(=O)NC,-7.228412519
CCSC1=NC(NC(C)C)=NC(NC(C)C)=N1,-7.473660723
CCCCCCCI,-1.411168274
ClC1=CC=C(C=C1)N=NC1=CC=CC=C1,-5.876148359
CCCN(CCC)C1=C(C=C(C=C1[N+]([O-])=O)S(C)(=O)=O)[N+]([O-])=O,-8.152427341
CC=CC#N,-3.950781977
CC1=C(C(O)=CC=C1)[N+]([O-])=O,-5.514278574
CCCCC1=C(O)N=C(N=C1C)N(C)C,-8.598599459
CC1=C(SCCO1)C(=O)NC1=CC=CC=C1,-9.494850022
CC1=C(C(=O)NC2=CC=CC=C2)S(=O)(=O)CCO1,-10.97469413
COP(=S)(OC)OC1=NC(Cl)=C(Cl)C=C1Cl,-5.425968732
CC1=C(Cl)C(=O)N(C(=O)N1)C(C)(C)C,-9.920818754
CCNC1=NC(NC(C)(C)C)=NC(Cl)=N1,-7.42945706
CCCC(C)O,-4.829738285
CN(C)C=NC1=CC=C(Cl)C=C1C,-6.462180905
OCC1=C(OCC(O)=O)C=CC(Cl)=C1,-10.02181948
CC1=C(Cl)C=C(Cl)C(Cl)=C1,-2.823908741
CCC(C)OC,-2.832387327
CNC(=O)\C=C(/C)OP(=O)(OC)OC,-12.18708664
CNC(=O)OC1=C(C=CC=C1)C1OCCO1,-10.83268267
ClC1=CC=C(C=C1)C1=C(Cl)C=C(Cl)C=C1,-3.698970004
C[Se][Se]C,-2.151810883
CC1=CC(O)=C(C=C1Cl)[N+]([O-])=O,-4.559090918
CSC1=NC(NC(C)C)=NC(NC(C)C)=N1,-7.924453039
CCCOP(=O)(OCCC)OC1=CC=C(SC)C=C1,-8.540607512
[H][C@@]12[C@@]3([H])C[C@@H](C=O)[C@]4([H])[C@@]3([H])[C@@]3(Cl)[C@]1(Cl)[C@]2(Cl)[C@@]4(Cl)C3(Cl)Cl,-5.378823718
CC(Cl)C(C)Cl,-2.139063379
CC(C)=CC1C(C(=O)OCN2C(=O)C3=C(CCCC3)C2=O)C1(C)C,-5.772113295
COP(=O)(OC)O\C(C)=C\C(=O)OC(C)C1=CC=CC=C1,-8.237321436
COC(=O)C=C(C)OP(=O)(OC)OC,-10.19449914
CCC(Cl)(Cl)Cl,-2.490797478
CC1=CC(=O)NO1,-8.677780705
NC(=O)C(Br)(Br)C#N,-7.718966633
CCOP(=S)(OCC)SC(CCl)N1C(=O)C2=C(C=CC=C2)C1=O,-6.749579998
CCOC(=O)CCCOC1=C(C)C=C(Cl)C=C1,-7.316052869
COC(=O)NC1=NC2=CC=CC=C2N1,-10.67366414
[H][C@@]12OC=C[C@]1(O)[C@@H]1C[C@H](O2)[C@]2(O[C@@]12C)[C@]1(C)[C@H](O)[C@]2([H])OC[C@@]3([C@@H](C[C@H](OC(=O)C(\C)=C\C)[C@@]4(CO[C@](O)(C(=O)OC)[C@@]14[H])[C@@]23[H])OC(C)=O)C(=O)OC,-13.00656377
COC1=CC=C(C=C1)C(O)(C1CC1)C1=CN=CN=C1,-10.8068754
ClC1=C(C=CC=C1)C1=C(Cl)C=CC=C1,-3.638272164
CCOP(=S)(OCC)SCSC(C)(C)C,-4.619788758
CC1=CC=CC(=C1O)[N+]([O-])=O,-4.473660723
CCCSP(=O)(OCC)SCCC,-6.790484985
CON(C)C(=O)NC1=CC(Cl)=C(Br)C=C1,-8.358525889
CCOP(=S)(OCC)OC1=CN=C2C=CC=CC2=N1,-7.333482019
CCOC(=O)NC1=CC(OC(=O)NC2=CC=CC=C2)=CC=C1,-9.772113295
COC(=O)NC1=CC(OC(=O)NC2=CC=CC(C)=C2)=CC=C1,-12.075204
CCC1=CN=CC=N1,-5.610833916
CCC(C)N,-3.815308569
CCOP(=S)(OCC)ON=C(C#N)C1=CC=CC=C1,-5.821023053
CC(=O)C=CC1=C(C)CCCC1(C)C,-4.092051478
CCN(CC)C(=O)C(C)OC1=C2C=CC=CC2=CC=C1,-9.075204004
CN(C)C(=O)NC1=CC(Cl)=C(C)C=C1,-9.841637508
ClC1=CC(Cl)=C(C=C1Cl)C1=CC=CC=C1,-3.698970004
ClC1=CC=CC(Cl)=C1C1=C(Cl)C=CC=C1Cl,-3.698970004
CCC1=CC=CC(CC)=C1N(COC)C(=O)CCl,-8.079876674
OCCO[N+]([O-])=O,-7.588380294
ClC1=CC=CC(=C1Cl)C1=CC=CC=C1,-3.638272164
ClC1=CC=C(C=C1)C1=C(Cl)C=CC(Cl)=C1,-3.721246399
CNC(=O)ON=C(C)SC,-10.70553377
CCOP(=O)(SC1=CC=CC=C1)SC1=CC=CC=C1,-9.119186408
CN(C)C(CSS(=O)(=O)C1=CC=CC=C1)CSS(=O)(=O)C1=CC=CC=C1,-5.920818754
CCCCNC(=O)N1C(NC(=O)OC)=NC2=C1C=CC=C2,-11.30715308
COP(=S)(OC)OC1=CC(Cl)=C(I)C=C1Cl,-5.348721986
CC(C)OC(=O)C(O)(C1=CC=C(Br)C=C1)C1=CC=C(Br)C=C1,-6.335358024
CNC(=O)N(C)C1=NC2=C(S1)C=CC=C2,-9.253365801
CC(C)OC1=CC(N2N=C(OC2=O)C(C)(C)C)=C(Cl)C=C1Cl,-7.138465589
COC1=C(Cl)C=C(NC(=O)N(C)C)C=C1,-7.844663963
ClC1=C(Cl)C(Cl)=C2C=CC=CC2=C1Cl,-3.623423043
CC(O)CO[N+]([O-])=O,-7.037630664
CC(CO)O[N+]([O-])=O,-6.653647026
CN1C(=O)ON(C1=O)C1=CC=C(Cl)C(Cl)=C1,-6.640164518
CCCCCCO[N+]([O-])=O,-2.826813732
CSC1=NN=C(C(=O)N1N)C(C)(C)C,-9.931814138
CC1CC(C)(C)C2=C(C=C(C)C(=C2)C(C)=O)C1(C)C,-3.8569852
CCOP(=O)(OCC)N=C1SCS1,-10.38615818
COP(=S)(OC1=CC(Cl)=C(Br)C=C1Cl)C1=CC=CC=C1,-5.576754126
CCNC1=NC(NC(C)(C)C#N)=NC(Cl)=N1,-11.59006688
CCOP(=O)(NC(C)C)OC1=CC=C(SC)C(C)=C1,-8.91721463
CNC(=O)OC1=CC=CC2=C1OC(C)(C)O2,-7.408935393
CCNC1=NC(SC)=NC(NC(C)C(C)C)=N1,-8.026410377
CC(C)NC1=NC(Cl)=NC(NC2CC2)=N1,-8.886056648
CN(C)C(=O)OC1=C(C)C(C)=NC(=N1)N(C)C,-9.073143291
CNC(=O)ON=C(SC)C(=O)N(C)C,-9.625251654
CCCCOCN(C(=O)CCl)C1=C(CC)C=CC=C1CC,-7.292429824
CCOP(=S)(OCC)OC1=CC(C)=NC(=N1)N(CC)CC,-4.493494968
COP(=O)(OC)OC1=C(Cl)C2C=CCC12,-6.772113295
COC(=O)NC(=S)NC1=C(NC(=S)NC(=O)OC)C=CC=C1,-8.91721463
CCCCC1=C(O)N=C(NCC)N=C1C,-8.435333936
CC(C)(NC(=O)C1=CC(Cl)=CC(Cl)=C1)C#C,-8.010105436
CCOP(=S)(OCC)OC1=NN(C=N1)C1=CC=CC=C1,-7.315154638
CCCOP(=S)(OCCC)SCC(=O)N1CCCCC1C,-8.350665141
CCCOC(=O)NCCCN(C)C,-8.829738285
COC1=NC=CN=C1CC(C)C,-4.310691141
CC1=C(C=CO1)C(=O)NC1=CC=CC=C1,-9.401209493
CC(C)N1C(=O)C2=C(NS1(=O)=O)C=CC=C2,-8.661543506
CCOC(=O)CN1C(=O)SC2=CC=CC(Cl)=C12,-7.673664139
CCOP(=S)(NC(C)C)OC1=CC=CC=C1C(=O)OC(C)C,-7.209714836
CCSC(=O)COC1=C(C)C=C(Cl)C=C1,-4.655607726
ClC1=CC=CC(=C1)C1=C(Cl)C=CC=C1,-3.602059991
N/A,-3.66756154
CCC1=C(OC)N=CC=N1,-4.832682665
CC(C)=CC1C(C(=O)OCC2=CC=CC(OC3=CC=CC=C3)=C2)C1(C)C,-5.167491087
CC(C)OP(=O)(OC(C)C)SCC1=CC=CC=C1,-7.415668776
CCOC1OC2=C(C=C(OS(C)(=O)=O)C=C2)C1(C)C,-7.432973634
CCNC1=NC(OC)=NC(NC(C)CC)=N1,-8.457174573
CCCN(CC1CC1)C1=C(C=C(C=C1[N+]([O-])=O)C(F)(F)F)[N+]([O-])=O,-3.537602002
CCCCCCCCN1SC=CC1=O,-7.684029655
ClC(Cl)(Cl)C(NC=O)N1CCN(CC1)C(NC=O)C(Cl)(Cl)Cl,-8.417936637
FC(F)OC(Cl)C(F)(F)F,-1.542118103
"C*.C*.CCCCCCCCCOC(=O)C1=C(C=CC=C1)C(=O)OCCCCCCCCC |c:16,18,t:14,lp:13:2,15:2,23:2,24:2,m:1:5.6.7.8.9.10.11.12,3:25.26.27.28.29.30.31.32|",-5.954677021
CNC1=C(Cl)C(=O)N(N=C1)C1=CC=CC(=C1)C(F)(F)F,-9.46470588
ClC1=C(Cl)C(Cl)=C(Cl)C2=C1COC2=O,-8.492144128
"C*.C*.CCCCCCCOC(=O)C1=CC=CC=C1C(=O)OCCCCCCC |c:14,16,t:12,lp:11:2,13:2,21:2,22:2,m:1:23.24.25.26.27.28,3:10.9.8.7.6.5|",-4.503070352
CCN(CC)C(=O)SCC1=CC=C(Cl)C=C1,-6.573488739
CCN(CC)C1=C(C=C(C(N)=C1[N+]([O-])=O)C(F)(F)F)[N+]([O-])=O,-5.8569852
CCCN(CCC)C1=C(C(N)=C(C=C1[N+]([O-])=O)C(F)(F)F)[N+]([O-])=O,-6.056011125
CCON=C(OC(=O)C1=CC=CC=C1)C1=C(OC)C=CC(Cl)=C1OC,-7.268411235
CCN(CC)C1=NC(OP(=S)(OC)OC)=CC(C)=N1,-6.154281982
ClC1=C(Cl)C=C2OC3=CC=CC=C3OC2=C1,-4.1837587
CCSCC1=C(OC(=O)NC)C=CC=C1,-8.93930216
COP(=O)(NC(C)=O)SC,-12.30016227
ClC1=C(Cl)C2=C(OC3=CC=CC=C3O2)C(Cl)=C1Cl,-4.698970004
CCNP(=S)(OC)O\C(C)=C\C(=O)OC(C)C,-7.317854924
ClC1=CC(Cl)=C(C=C1Cl)C1=CC(Cl)=C(Cl)C=C1,-3.540607512
ClC1=CC(Cl)=C(C=C1)C1=CC(Cl)=C(Cl)C=C1,-3.920818754
ClC1=CC(=C(Cl)C=C1)C1=CC(Cl)=C(Cl)C=C1,-4
ClC1=C(Cl)C=C(C=C1)C1=CC(Cl)=C(Cl)C=C1,-5.026872146
ClC1=C(Cl)C=C(C=C1)C1=C(Cl)C(Cl)=C(Cl)C=C1,-3.083546051
ClC1=CC=C(C=C1)C1=C(Cl)C=C(Cl)C(Cl)=C1,-4
CC12CC1(C)C(=O)N(C2=O)C1=CC(Cl)=CC(Cl)=C1,-4.935542011
CN(C=NC1=C(C)C=C(C)C=C1)C=NC1=C(C)C=C(C)C=C1,-5.005682847
ClC1=CC=CC(Cl)=C1C1=CC=CC=C1,-3.638272164
CCCN(CCCl)C1=C(C=C(C=C1[N+]([O-])=O)C(F)(F)F)[N+]([O-])=O,-4.823908741
ClC1=CC(Cl)=C(C=C1)C1=CC=CC=C1,-3.552841969
ClC1=CC(=C(Cl)C(Cl)=C1Cl)C1=CC=CC=C1,-2.987162775
ClC1=CC(Cl)=C(Cl)C(=C1Cl)C1=CC=CC=C1,-3.647817482
CCC(C)NC1=C(C=C(C=C1[N+]([O-])=O)C(C)(C)C)[N+]([O-])=O,-5.306273051
CCNC1=NC(OC)=NC(NC(C)(C)C)=N1,-8.341035157
CCCN(CCC)C1=C(C=C(C=C1[N+]([O-])=O)C(C)C)[N+]([O-])=O,-3.954677021
ClC1=CC(Cl)=C(C(Cl)=C1)C1=C(Cl)C=C(Cl)C=C1Cl,-2.600326279
CNC(=O)N(C)C1=NN=C(S1)C(C)(C)C,-9.920818754
CC(C)C1=CC=C(NC(=O)N(C)C)C=C1,-9.950781977
CCN(CC)C(=O)SCC1=CC=CC=C1Cl,-5.882728704
CNC(=O)ON=C(C)C(C)SC,-9.244125144
CNC(=O)ON=C(C)C(C)S(C)(=O)=O,-11.55284197
ClC1=CC(=C(Cl)C=C1)C1=CC=CC=C1,-3.552841969
ClC1=CC(=CC(Cl)=C1)C1=CC=CC=C1,-3.657577319
ClC1=CC=C(C=C1)C1=C(Cl)C=CC=C1,-3.638272164
ClC1=CC(Cl)=C(C=C1Cl)C1=CC(Cl)=C(Cl)C=C1Cl,-4.638272164
ClC1=CC(Cl)=C(C=C1Cl)C1=C(Cl)C(Cl)=C(Cl)C=C1,-4.677780705
ClC1=CC(Cl)=C(C=C1Cl)C1=C(Cl)C(Cl)=C(Cl)C(Cl)=C1,-5
ClC1=CC(=C(Cl)C(Cl)=C1Cl)C1=C(Cl)C(Cl)=C(Cl)C=C1,-5.045757491
CC(C)N(CC1=CC=CC=C1)C(=O)C(C)(C)C,-6.585026652
FC1=CC=CC(F)=C1C(=O)NC(=O)NC1=CC=C(Cl)C=C1,-8.337242168
CCCSP(=S)(OCC)OC1=CC=C(SC)C=C1,-5.785156152
ClC1=CC(Cl)=C(C=C1)C(CN1C=CN=C1)OCC=C,-8.586700236
COP(=O)(OC)SCN1C(=O)OC2=CC(Cl)=CN=C12,-10.84466396
ClC1=CC(Cl)=C(C(Cl)=C1)C1=CC=CC=C1,-3.016373713
ClC1=CC(=C(Cl)C=C1)C1=C(Cl)C=CC(Cl)=C1,-3.698970004
ClC1=CC(=C(Cl)C(Cl)=C1Cl)C1=C(Cl)C(Cl)=C(Cl)C(Cl)=C1,-5
"Cl*.Cl*.Cl*.Cl*.Cl*.O1C2=CC=CC=C2OC2=C1C=CC=C2 |c:8,10,14,17,19,t:6,lp:0:3,2:3,4:3,6:3,8:3,10:2,17:2,m:1:21.20,3:15.14.13.12,5:23.22.21.20.15.14.13.12,7:23.22.21.20.15.14.13.12,9:23.22.21.20.15.14.13.12|",-5.657577319
CCOP(=S)(NC(C)CC)OC1=C(C=CC(C)=C1)[N+]([O-])=O,-4.351639989
ClC1=CC(Cl)=C(C=C1)C1=CC=CC(Cl)=C1Cl,-3.853871964
CCCCCCCCCCCCCCCCO,-4.332547047
CC(C)NC(=O)N1CC(=O)N(C1=O)C1=CC(Cl)=CC(Cl)=C1,-8.505845406
ClC1=CC(=C(Cl)C=C1)C1=C(Cl)C=CC=C1,-3.602059991
ClC1=CC(=CC(Cl)=C1)C1=C(Cl)C=CC=C1,-3.698970004
ClC1=CC(=C(Cl)C=C1)C1=C(Cl)C=C(Cl)C(Cl)=C1,-4.045757491
ClC(Cl)C(=O)N(CC=C)CC=C,-6.482804102
CC1=CC(=CC=C1NS(=O)(=O)C(F)(F)F)S(=O)(=O)C1=CC=CC=C1,-7.125518182
CCOC1=CC(OP(=S)(OC)OC)=NC(CC)=N1,-6.207608311
ClC1=CC(=C(Cl)C=C1)C1=C(Cl)C(Cl)=CC=C1Cl,-3.920818754
ClC1=CC(Cl)=C(C=C1)C1=C(Cl)C=C(Cl)C(Cl)=C1,-4.107905397
ClC1=CC(=C(Cl)C=C1)C1=C(Cl)C(Cl)=C(Cl)C=C1,-4.13076828
ClC1=CC(Cl)=C(C=C1Cl)C1=C(Cl)C(Cl)=CC=C1Cl,-2.860120914
ClC1=CC=C(Cl)C(=C1Cl)C1=C(Cl)C(Cl)=C(Cl)C=C1,-4.356547324
ClC1=C(Cl)C(Cl)=C(C=C1)C1=C(Cl)C(Cl)=C(Cl)C=C1,-4.886056648
ClC1=CC(=C(Cl)C(Cl)=C1Cl)C1=CC(Cl)=C(Cl)C=C1,-3.844663963
ClC1=CC=C(Cl)C(=C1Cl)C1=C(Cl)C(Cl)=CC=C1Cl,-4.055517328
ClC1=CC=C(Cl)C(=C1Cl)C1=C(Cl)C(Cl)=C(Cl)C(Cl)=C1,-4.853871964
ClC1=CC=CC(Cl)=C1C1=C(Cl)C=CC=C1,-3.638272164
ClC1=CC=C(C=C1)C1=C(Cl)C=CC=C1Cl,-3.698970004
ClC1=CC=CC(=C1Cl)C1=C(Cl)C=CC=C1,-3.698970004
ClC1=CC(=C(Cl)C=C1)C1=CC(Cl)=CC=C1,-3.698970004
ClC1=CC=CC(=C1)C1=C(Cl)C(Cl)=CC=C1,-3.795880017
ClC1=CC=C(C=C1)C1=C(Cl)C(Cl)=CC=C1,-3.853871964
ClC1=C(Cl)C=C(C=C1)C1=C(Cl)C=CC=C1,-3.795880017
ClC1=CC(=CC=C1)C1=CC(Cl)=CC(Cl)=C1,-3.769551079
ClC1=CC=C(C=C1)C1=CC(Cl)=C(Cl)C=C1,-4
ClC1=CC=CC(=C1Cl)C1=C(Cl)C(Cl)=CC=C1,-4
ClC1=CC2=C(OC3=CC=C(Cl)C=C3O2)C=C1,-4.679853714
ClC1=C2OC3=C(C2=C(Cl)C(Cl)=C1Cl)C(Cl)=C(Cl)C(Cl)=C3Cl,-5.723538196
CNC(=O)ON=C(CSC)C(C)(C)C,-8.027334408
ClC1=C(Cl)C=C2OC3=C(OC2=C1)C(Cl)=C(Cl)C(Cl)=C3Cl,-5.403402904
ClC1=CC=CC2=C1OC1=CC=CC=C1O2,-4.2069084
ClC1=CC2=C(OC3=CC=CC=C3O2)C=C1,-4.93930216
ClC1=CC(Cl)=C(Cl)C2=C1OC1=CC=CC=C1O2,-4.444905551
ClC1=CC=C2OC3=C(OC2=C1)C(Cl)=C(Cl)C(Cl)=C3Cl,-5.588380294
ClC1=CC(=CC(Cl)=C1)C1=C(Cl)C(Cl)=C(Cl)C(Cl)=C1,-4.698970004
CC(C)(C)C1=NN(C(=O)O1)C1=C(Cl)C=C(Cl)C(OCC#C)=C1,-7.642065153
ClC1=CC(Cl)=C(Cl)C(=C1Cl)C1=C(Cl)C(Cl)=C(Cl)C=C1Cl,-4.769551079
CCC(CC)NC1=C(C=C(C)C(C)=C1[N+]([O-])=O)[N+]([O-])=O,-4.785156152
COC(C)(C)CCCC(C)C\C=C\C(\C)=C\C(=O)OC(C)C,-5.161780778
CCCSP(=O)(OCC)OC1=C(Cl)C=C(Br)C=C1,-7.655607726
CC1=NN=C(C(=O)N1N)C1=CC=CC=C1,-12.0209071
ClC1=CC=CC(=C1)C1=C(Cl)C(Cl)=C(Cl)C(Cl)=C1Cl,-4.698970004
ClC1=CC=C(C=C1)C1=C(Cl)C(Cl)=C(Cl)C(Cl)=C1Cl,-3.928117993
ClC1=CC(=C(Cl)C=C1)C1=C(Cl)C(Cl)=CC=C1,-3.853871964
ClC1=CC(Cl)=C(C=C1)C1=C(Cl)C=CC(Cl)=C1,-3.677780705
ClC1=CC(=C(Cl)C=C1)C1=C(Cl)C=CC=C1Cl,-3.739928612
ClC1=CC(=CC(Cl)=C1)C1=CC=C(Cl)C(Cl)=C1,-4.045757491
ClC1=CC(Cl)=C(C=C1Cl)C1=C(Cl)C(Cl)=CC=C1,-4.13076828
CCCCC1=C(OS(=O)(=O)N(C)C)N=C(NCC)N=C1C,-7.847711656
CC1=C2N3C=NN=C3SC2=CC=C1,-10.50723961
CCOP(=S)(OCC)OC1=NN(C(C)C)C(Cl)=N1,-6.283162277
COC(=O)C1=C(C=CC(OC2=CC=C(Cl)C=C2Cl)=C1)[N+]([O-])=O,-6.966576245
CC1=CC=C(NC(=O)NC(C)(C)C2=CC=CC=C2)C=C1,-9.000869459
ClC1=CC(=C(Cl)C(Cl)=C1Cl)C1=C(Cl)C(Cl)=C(Cl)C=C1Cl,-5
CCOC1=CC(OC2=CC=C(C=C2Cl)C(F)(F)F)=CC=C1[N+]([O-])=O,-6.086186148
CC(C)(C)C(=O)C(OC1=CC=C(Cl)C=C1)N1C=NC=N1,-10.09097915
COC1=C(Cl)C=CC(Cl)=C1Cl,-3.540607512
CC1(OC(=O)N(C1=O)C1=CC(Cl)=CC(Cl)=C1)C=C,-7.759450752
CC(C)OC(=O)C(C(=O)OC(C)C)=C1SCCS1,-3.995678626
COCCN(C(=O)CCl)C1=C(C)C=CC=C1C,-8.782516056
CCOP(C)(=O)SCCN(C(C)C)C(C)C,-8.086186148
ClC1=CC2=C(C=C1Cl)C1=CC(Cl)=C(Cl)C=C1O2,-4.777283529
CCC1=C(N(C(C)COC)C(=O)CCl)C(C)=CC=C1,-8.045757491
CCCOCCN(C(=O)CCl)C1=C(CC)C=CC=C1CC,-8.096910013
CN(C)C1=NC(=O)N(C2CCCCC2)C(=O)N1C,-11.64589156
COC(=O)C(C)OC1=CC=C(OC2=CC=C(Cl)C=C2Cl)C=C1,-5.705533774
O=C(NC1=CN=NS1)NC1=CC=CC=C1,-12.47755577
ClC1=CC(=C(Cl)C(Cl)=C1)C1=C(Cl)C=C(Cl)C(Cl)=C1,-4.602059991
CCC1=CC2=CC3=CC=CC=C3C=C2C=C1,-4.274905479
CC(OC1=CC2=CC=CC=C2C=C1)C(O)=NC1=CC=CC=C1,-10.97061622
CC1(C)C(C=C(Cl)Cl)C1C(=O)OCC1=CC(OC2=CC=CC=C2)=CC=C1,-5.728158393
ClC1=CC=C(C=C1)C1=C(Cl)C=CC(Cl)=C1Cl,-3.853871964
ClC1=C(Cl)C(Cl)=C(C=C1)C1=C(Cl)C=CC=C1,-3.853871964
ClC1=CC(=C(Cl)C=C1)C1=C(Cl)C(Cl)=CC(Cl)=C1Cl,-4.229147988
ClC1=CC=C(Cl)C(=C1Cl)C1=C(Cl)C(Cl)=CC(Cl)=C1Cl,-4.619788758
ClC1=CC(=C(Cl)C(Cl)=C1)C1=C(Cl)C(Cl)=C(Cl)C=C1,-4.431798276
ClC1=CC(=C(Cl)C(Cl)=C1)C1=C(Cl)C(Cl)=CC(Cl)=C1Cl,-4.638272164
ClC1=CC(Cl)=C(Cl)C(Cl)=C1C1=C(Cl)C(Cl)=C(Cl)C=C1,-3.473660723
ClC1=CC(=C(Cl)C(Cl)=C1)C1=C(Cl)C(Cl)=C(Cl)C(Cl)=C1,-5.886056648
ClC1=CC(=C(Cl)C(Cl)=C1Cl)C1=C(Cl)C(Cl)=CC(Cl)=C1Cl,-5
ClC1=C(Cl)C(Cl)=C(C=C1)C1=C(Cl)C(Cl)=C(Cl)C(Cl)=C1Cl,-4.958607315
ClC1=CC=CC(=C1Cl)C1=C(Cl)C(Cl)=CC(Cl)=C1Cl,-4.30980392
ClC1=CC(=C(Cl)C=C1)C1=C(Cl)C(Cl)=C(Cl)C(Cl)=C1,-4.638272164
ClC1=CC(=C(Cl)C=C1)C1=C(Cl)C(Cl)=C(Cl)C(Cl)=C1Cl,-4.795880017
ClC1=CC(=C(Cl)C(Cl)=C1)C1=C(Cl)C(Cl)=CC=C1Cl,-4.251811973
CCCN(CCC)C(=O)SCC1=CC=CC=C1,-7.886056648
CC1(C)[C@@H](C=C(Br)Br)[C@H]1C(=O)O[C@H](C#N)C1=CC=CC(OC2=CC=CC=C2)=C1,-5.301899454
CC1=CC(C)=NC(NC2=CC=CC=C2)=N1,-7.446116973
ClC1=CC(Cl)=C(C(Cl)=C1Cl)C1=CC=CC=C1,-3.677780705
CC\C=C(/C)C(OC(=O)C1C(C=C(C)C)C1(C)C)C#C,-3.465973894
ClC1=CC=CC(=C1Cl)C1=C(Cl)C(Cl)=C(Cl)C(Cl)=C1,-4.537602002
CC(C)(C)C(O)C(OC1=CC=C(Cl)C=C1)N1C=NC=N1,-11.89279003
CCN(CC(C)=C)C1=C(C=C(C=C1[N+]([O-])=O)C(F)(F)F)[N+]([O-])=O,-3.89279003
CCCCN(CCCC)SN(C)C(=O)OC1=C2OC(C)(C)CC2=CC=C1,-6.290730039
CC1=C(C)S(=O)(=O)CCS1(=O)=O,-10.63827216
ClC1=CC(=C(Cl)C(Cl)=C1Cl)C1=C(Cl)C=CC=C1,-2.514278574
OC(=O)COC1=C(Cl)C=C(Cl)C(Cl)=N1,-9.015022874
CCCCCCCCSC(=O)OC1=CC(Cl)=NN=C1C1=CC=CC=C1,-9.48945499
ClC1=CC=C(Cl)C(=C1Cl)C1=CC=CC=C1,-3.657577319
CC(C)OC1=CC=CC(NC(=O)C2=C(C)C=CC=C2)=C1,-7.931814138
CN(C)C(=O)NC1=NOC(=C1)C(C)(C)C,-9.869666232
CC(C)C(O)(C1=CC=C(OC(F)(F)F)C=C1)C1=CN=CN=C1,-8.882728704
ClC1=CC(Cl)=C(C(Cl)=C1)C1=CC=C(Cl)C(Cl)=C1,-4.13076828
COP(=S)(OC)OC1=C(Cl)C=C(C)C=C1Cl,-3.812479279
COC1=C(Cl)C(Cl)=C(Cl)C=C1O,-6.055517328
ClC1=CC2=C(C=C1Cl)C1=C(O2)C(Cl)=C(Cl)C(Cl)=C1,-5.300162274
O=C1CCC2=C3N1CCC3=CC=C2,-10.1649439
COC(=O)C(C)N(C(=O)C1=CC=CO1)C1=C(C)C=CC=C1C,-9.043351421
CCNC(=O)NC(=O)C(=NOC)C#N,-9.480172006
CC1=CC=CC(C)=C1N(C1CCOC1=O)C(=O)CCl,-9.419075024
CSC(C)=NOC(=O)N(C)SN(C)C(=O)ON=C(C)SC,-6.030118356
CN1C=C(C(=O)C(=C1)C1=CC(=CC=C1)C(F)(F)F)C1=CC=CC=C1,-8.091514981
OC(C1=CC=C(Cl)C=C1)(C1=CN=CN=C1)C1=CC=CC=C1Cl,-8.15490196
CCCC1COC(CN2C=NC=N2)(O1)C1=C(Cl)C=C(Cl)C=C1,-8.764471553
ClC1=CC(=CC=C1)C1=C(Cl)C=C(Cl)C=C1Cl,-3.677780705
FC(F)(F)C1=CC=CC(=C1)N1CC(CCl)C(Cl)C1=O,-7.413412695
CC(C)(SC(=O)N1CCCCC1)C1=CC=CC=C1,-7.159266765
CN1C=CSC1=NC1=C(C)C=C(C)C=C1,-7.462180905
ClC1=CC(Cl)=C(Cl)C(Cl)=C1C1=CC=CC(Cl)=C1Cl,-4.408935393
COC(=O)C(\C)=C\OP(=S)(OC)OC,-6.023191663
CN(C)C(=O)SCCCCOC1=CC=CC=C1,-7.8569852
CCN(CC1=C(Cl)C=CC=C1F)C1=C(C=C(C=C1[N+]([O-])=O)C(F)(F)F)[N+]([O-])=O,-5.721246399
COC(=O)[C@@H](C)N(C(=O)C1=CC=CC=C1)C1=CC(Cl)=C(F)C=C1,-6.684029655
CC(C)OC(=O)[C@@H](C)N(C(=O)C1=CC=CC=C1)C1=CC(Cl)=C(F)C=C1,-7.59345982
CCC1OCC(COC2=CC=C(OC3=CC=CC=C3)C=C2)O1,-7.177178355
CCSC1=NN=C(C(=O)N1N)C(C)(C)C,-8.270025714
CCCCCCCCCC1=CC=C(OP(=O)(OC2=CC=CC=C2)OC2=CC=CC=C2)C=C1,-7.853871964
FC(F)(F)OC1=CC=C(NC(=O)NC(=O)C2=CC=CC=C2Cl)C=C1,-8.247183569
COC1=NC(C)=NC(NC(=O)NS(=O)(=O)C2=C(Cl)C=CC=C2)=N1,-15.46597389
ClC1=CC(Cl)=C(C=C1)C1=C(Cl)C(Cl)=C(Cl)C=C1,-4.180456064
CCCCOC(=O)N(C)SN(C)C(=O)OC1=CC=CC2=C1OC(C)(C)C2,-8.872895202
ClC1=CC=C(CN(C2CCCC2)C(=O)NC2=CC=CC=C2)C=C1,-11.30715308
NC1=NC(NC2CC2)=NC(N)=N1,-13.24795155
CCCC(CN1C=NC=N1)C1=C(Cl)C=C(Cl)C=C1,-7.847711656
CC(C)OC1=CC(NC(=O)C2=C(C=CC=C2)C(F)(F)F)=CC=C1,-8.49757288
CC1(C)C(C(Br)C(Br)(Br)Br)C1C(=O)OC(C#N)C1=CC(OC2=CC=CC=C2)=CC=C1,-9.404503778
ClC1=CC2=C(OC3=C(Cl)C(Cl)=C(Cl)C=C3O2)C=C1,-5.119186408
CC1=CC=CC(C)=C1N(CN1C=CC=N1)C(=O)CCl,-9.246416941
CC(CN1CCCCC1)CC1=CC=C(C=C1)C(C)(C)C,-7.060980224
CC1(C)CNC(NN=C(C=CC2=CC=C(C=C2)C(F)(F)F)C=CC2=CC=C(C=C2)C(F)(F)F)=NC1,-5.657577319
ClC1=CC2=C(OC3=C(Cl)C(Cl)=C(Cl)C(Cl)=C23)C(Cl)=C1Cl,-4.850780887
CC(CN1C[C@H](C)O[C@H](C)C1)CC1=CC=C(C=C1)C(C)(C)C,-5.612610174
CCCN(CCOC1=C(Cl)C=C(Cl)C=C1Cl)C(=O)N1C=CN=C1,-7.785156152
CC1(C)C(\C=C(/Cl)C(F)(F)F)C1C(=O)OC(C#N)C1=CC=CC(OC2=CC=CC=C2)=C1,-5.829738285
ClC1=NC=CC(NC(=O)NC2=CC=CC=C2)=C1,-11.54060751
ClC1=CC=C(C(Cl)=C1)C1=C(Cl)C=CC=C1Cl,-3.853871964
ClC1=CC(=CC(Cl)=C1)C1=C(Cl)C=C(Cl)C(Cl)=C1,-4.251811973
ClC1=CC=C(C(Cl)=C1)C1=C(Cl)C(Cl)=CC(Cl)=C1Cl,-4.292429824
ClC1=CC(=C(Cl)C(Cl)=C1Cl)C1=C(Cl)C=CC=C1Cl,-4.408935393
ClC1=CC=CC(=C1Cl)C1=C(Cl)C(Cl)=C(Cl)C(Cl)=C1Cl,-4.853871964
ClC1=CC(=C(Cl)C(Cl)=C1)C1=C(Cl)C(Cl)=C(Cl)C(Cl)=C1Cl,-4.853871964
CC1(C)C(C=C(Cl)Cl)C1C(=O)OC(C#N)C1=CC=C(F)C(OC2=CC=CC=C2)=C1,-7.537602002
CCCOC\C(=N/C1=C(C=C(Cl)C=C1)C(F)(F)F)N1C=CN=C1,-10.28988263
CC(C)N1C(SCN(C1=O)C1=CC=CC=C1)=NC(C)(C)C,-5.37675071
NC1=C(Cl)C(F)=NC(OCC(O)=O)=C1Cl,-10.76447155
COC(=O)C(C)OC1=CC=C(OC2=NC=C(C=C2Cl)C(F)(F)F)C=C1,-6.496209317
CC(C)C(C(=O)OC(C#N)C1=CC=CC(OC2=CC=CC=C2)=C1)C1=CC=C(OC(F)F)C=C1,-7.064996849
CCOC(=O)[C@@H](C)OC1=CC=C(OC2=NC3=C(O2)C=C(Cl)C=C3)C=C1,-7.798602876
FC1=CC=CC(F)=C1C(=O)NC(=O)NC1=CC(Cl)=C(OC2=NC=C(C=C2Cl)C(F)(F)F)C(Cl)=C1,-11.74472749
CN1N=C(C)C(C(=O)C2=C(Cl)C=C(Cl)C=C2)=C1OCC(=O)C1=CC=CC=C1,-9.673664139
COC(=O)C(C)N(C(=O)CC1=CC=CC=C1)C1=C(C)C=CC=C1C,-6.935542011
ClC1=CC2=C(C=C1)N=C([N-][N+]2=O)N1C=CN=C1,-10.66554625
FC(F)(F)C1=C(SC(Cl)=N1)C(=O)OCC1=CC=CC=C1,-6.605548319
CC(C)=CC1C(C(=O)OCN2C(=O)CN(CC#C)C2=O)C1(C)C,-10.21824463
CN(C(=O)COC1=NC2=CC=CC=C2S1)C1=CC=CC=C1,-9.326979093
ClC1=CC(=CC=C1)C1=C(Cl)C=C(Cl)C(Cl)=C1,-4
NC1=C(C=CC(OC2=CC=CC=C2)=C1Cl)[N+]([O-])=O,-7.777283529
ClC1=CC=CC=C1C1=NN=C(N=N1)C1=C(Cl)C=CC=C1,-9.408935393
COC(=O)C1=C(C=CC=C1)S(=O)(=O)NC(=O)NC1=NC(OC)=NC(C)=N1,-15.87942607
ClC1=CC=C(C=C1Cl)C1=C(Cl)C(Cl)=CC(Cl)=C1Cl,-4.823908741
ClC1=CC(=CC(Cl)=C1)C1=C(Cl)C(Cl)=CC(Cl)=C1Cl,-4.537602002
ClC1=CC=CC(C2=CNC=C2C#N)=C1Cl,-8.268411235
C#CC(=NOCC1OCCO1)C1=CC=CC=C1,-7.216096421
CCOC(=O)C(C)OC1=CC=C(OC2=CN=C3C=C(Cl)C=CC3=N2)C=C1,-7.974694135
OC(CN1C=NC=N1)(C1=CC=C(F)C=C1)C1=C(F)C=CC=C1,-12.7878124
CC(C)(C)[C@@H](O)[C@@H](CC1=CC=C(Cl)C=C1)N1C=NC=N1,-10.08196966
CCCSP(=O)(OCC)OC1=CN(N=C1)C1=CC=C(Cl)C=C1,-9.761953897
CCOC(=O)C(C)OC(=O)C1=C(C=CC(OC2=C(Cl)C=C(C=C2)C(F)(F)F)=C1)[N+]([O-])=O,-6.326058001
COCC(=O)N(N1CCOC1=O)C1=C(C)C=CC=C1C,-11.57348874
C[C@H]1[C@@H](SC(=O)N1C(=O)NC1CCCCC1)C1=CC=C(Cl)C=C1,-7.625251654
CC1=C(F)C(F)=C(COC(=O)C2C(\C=C(/Cl)C(F)(F)F)C2(C)C)C(F)=C1F,-2.782516056
CCCCC(O)(CN1C=NC=N1)C1=CC=C(Cl)C=C1Cl,-8.484126156
CCCCCCC(C)OC(=O)COC1=NC(F)=C(Cl)C(N)=C1Cl,-7.266000713
CC1(C)CON(CC2=C(Cl)C=CC=C2)C1=O,-7.384049948
OC(C1=CC=CC=C1)C1=C(NC(=O)C2=CC=NC=C2)C=CC(Cl)=C1,-6.675717545
CCC(C)(CC)C1=NOC(NC(=O)C2=C(OC)C=CC=C2OC)=C1,-8.896196279
CCOC(=O)CCN(SN(C)C(=O)OC1=CC=CC2=C1OC(C)(C)C2)C(C)C,-7.869666232
CC1=C(C=CC=C1COC(=O)[C@@H]1[C@H](\C=C(/Cl)C(F)(F)F)C1(C)C)C1=CC=CC=C1,-6
CN1N=C(C)C(C(=O)C2=C(Cl)C(C)=C(Cl)C=C2)=C1OCC(=O)C1=CC=C(C)C=C1,-6.372634143
COC(=O)C1=C(CS(=O)(=O)NC(=O)NC2=NC(OC)=CC(OC)=N2)C=CC=C1,-14.4225082
FC1=CC=CC(F)=C1C(=O)NC(=O)NC1=C(F)C(Cl)=C(F)C(Cl)=C1,-9.801342913
CCOC(=O)CCN(CC1=CC=CC=C1)SN(C)C(=O)O\N=C(\C)SC,-9.036212173
FC1=CC=C(NC(=O)C2=C(OC3=CC(=CC=C3)C(F)(F)F)N=CC=C2)C(F)=C1,-6.488116639
CC(C)(C)C(O)C(=C/C1=C(Cl)C=C(Cl)C=C1)\N1C=NC=N1,-6.401209493
CCN(C(C)C(C)C)C(=O)SCC1=CC=CC=C1,-6.26760624
FC(F)C(F)(F)OC1=C(Cl)C=C(NC(=O)NC(=O)C2=C(F)C=CC=C2F)C=C1Cl,-5.001740662
ClC1=CC=C(CSC(CN2C=NC=N2)=NC2=C(Cl)C=C(Cl)C=C2)C=C1,-9.692503962
CCC1=CC=CC(C)=C1N(COC(C)C)C(=O)CCl,-7.215382707
CCOC1=CC=C(NC(=O)OC(C)C)C=C1OCC,-6.079354999
CCOCCOC(=O)C(C)OC1=CC=C(OC2=NC=C(C=C2Cl)C(F)(F)F)C=C1,-10.91721463
COCC(C)N(C(=O)CCl)C1=C(C)SC=C1C,-7.086186148
CC(C)[C@]12CC[C@](C)(O1)[C@@H](C2)OCC1=C(C)C=CC=C1,-6.36251027
CCON=C(CC)C1=C(O)CC(CC1=O)C1=C(C)C=C(C)C=C1C,-9.617982957
FC(F)(F)C(=NOCC1OCCO1)C1=CC=C(Cl)C=C1,-5.412289035
C\C(=N\NC1=NC(C)=CC(C)=N1)C1=CC=CC=C1C,-10.19654288
CC(C1CC1)C(O)(CN1C=NC=N1)C1=CC=C(Cl)C=C1,-9.148741651
CCOC(=O)C1CC(=O)C(=C(O)C2CC2)C(=O)C1,-5.716698771
CCOP(=O)(SC(C)CC)SC(C)CC,-5.88941029
CCOP(=S)(OC(C)C)OC1=CN=C(N=C1)C(C)(C)C,-5.54515514
CC(C)(C)N1N=CC(SCC2=CC=C(C=C2)C(C)(C)C)=C(Cl)C1=O,-4.326058001
COC1=C(CN(C(=O)CCl)C2=C(C)C=CC=C2C)SC=C1,-8.089375595
CCOC1=NC(NC)=NC(NC(=O)NS(=O)(=O)C2=C(C=CC=C2)C(=O)OC)=N1,-14.73518218
CC1COC2=C(C=CC=C2)N1C(=O)C(Cl)Cl,-7.120330794
CCOP(=O)(SC(C)CC)N1CCSC1=O,-9.759450752
CS(=O)(=O)C1=CC(Cl)=C(C=C1)C(=O)C1C(=O)CCCC1=O,-10.00744648
CCCCCC(C)OC(=O)COC1=CC=C(Cl)C2=CC=CN=C12,-9.091514981
CC1(C)[C@@H](\C=C/C(=O)OC(C(F)(F)F)C(F)(F)F)[C@H]1C(=O)O[C@H](C#N)C1=CC(OC2=CC=CC=C2)=CC=C1,-7.928117993
COC(=O)C1=CC=CC=C1S(=O)(=O)NC(=O)N(C)C1=NC(OC)=NC(C)=N1,-12.99139983
CCC(N(CC1=CC=CO1)C(=O)N1C=CN=C1)C(=O)OCCCC=C,-8.301899454
CCOC(=O)C1=NN(C(=N1)C(Cl)(Cl)Cl)C1=C(Cl)C=C(Cl)C=C1,-8.404503778
FC1=CC2=C(C=C1N1C(=O)C3=C(CCCC3)C1=O)N(CC#C)C(=O)CO2,-6.202040356
OC(=O)C1CC(=O)C(=C(O)C2CC2)C(=O)C1,-11.59687948
OC1=C(C2CC(CC3=C2C=CC=C3)C2=CC=C(C=C2)C2=CC=C(Br)C=C2)C(=O)SC2=CC=CC=C12,-6
CCOC1=CC=C(C=C1)[Si](C)(C)CCCC1=CC(OC2=CC=CC=C2)=C(F)C=C1,-4.995678626
C[C@@H](OC1=CC=C(OC2=NC=C(Cl)C=C2F)C=C1)C(=O)OCC#C,-8.559090918
CC(C)(C)C(O)(CCC1=CC=C(Cl)C=C1)CN1C=NC=N1,-9.838631998
CCOC1=CC=C(C=C1)C(COCC1=CC(OC2=CC=C(Cl)C=C2)=CC=C1)C(F)(F)F,-6.63638802
CC#CC1=CC(C)=NC(NC2=CC=CC=C2)=N1,-7.782516056
COC1=C(OC)C=C(C=C1)C(=CC(=O)N1CCOCC1)C1=CC=C(Cl)C=C1,-9.696803943
C[C@@H](OC1=CC=C(OC2=NC3=C(C=C(Cl)C=C3)N=C2)C=C1)C(=O)OCCON=C(C)C,-11.51427857
CN1N=C(C)C(C=NOCC2=CC=C(C=C2)C(=O)OC(C)(C)C)=C1OC1=CC=CC=C1,-5.669586227
CCOC(=O)CSC1=NC(=NN1C(=O)N(C)C)C(C)(C)C,-9.93930216
FC(F)C(F)(F)OCC(CN1C=NC=N1)C1=C(Cl)C=C(Cl)C=C1,-8.372634143
CCC1=CC=C(C=C1)C(=O)NN(C(=O)C1=CC(C)=CC(C)=C1)C(C)(C)C,-7.899629455
C[C@@H](OC1=CC=C(OC2=NC3=C(O2)C=C(Cl)C=C3)C=C1)C(O)=O,-8.657577319
ClC1=CC=C(CCC(CN2C=NC=N2)(C#N)C2=CC=CC=C2)C=C1,-7.080398976
ClC1=CC(Cl)=C(C=C1)C1(CN2C=NC=N2)CC(Br)CO1,-9.524328812
COC(=O)CSC1=C(Cl)C=C(F)C(=C1)N=C1SC(=O)N2CCCCN12,-8.684029655
COC(=O)C1=C(CC(C)C)C(C2=NCCS2)=C(N=C1C(F)F)C(F)(F)F,-6.328827157
CCCN(CC)CC1COC2(CCC(CC2)C(C)(C)C)O1,-6.970616222
CC1(C)[C@H](C=C(Cl)Cl)[C@H]1C(=O)OCC1=C(F)C(F)=CC(F)=C1F,-4.590066877
NC(=O)C1=NN(C(=N1)C1=CC=CC=C1)C1=CC(COCC(F)(F)C(F)(F)F)=C(Cl)C=C1,-7.040958608
CC1COC(CN2C=NC=N2)(O1)C1=C(Cl)C=C(OC2=CC=C(Cl)C=C2)C=C1,-11.0501223
CC(OC1=CC=C(OC2=CN=C3C=C(Cl)C=CC3=N2)C=C1)C(=O)OCC1CCCO1,-9.249491605
NC1=C(C(=NN1C1=C(Cl)C=C(C=C1Cl)C(F)(F)F)C#N)S(=O)C(F)(F)F,-9.074687909
CC(C)(C)C1=CC=C(CCOC2=NC=NC3=C2C=CC=C3)C=C1,-7.330683119
CC1=NC(NC2=CC=CC=C2)=NC(=C1)C1CC1,-7.076238039
CC1(C)OC(CN1C(=O)C(Cl)Cl)C1=CC=CO1,-10.03621217
CC1=NN(C(=O)N1C(F)F)C1=CC(NS(C)(=O)=O)=C(Cl)C=C1Cl,-12.19586057
CCS(=O)(=O)C1=CC=CN=C1S(=O)(=O)NC(=O)NC1=NC(OC)=CC(OC)=N1,-9.192464972
[Na+].COC1=CC(OC)=NC(SC2=C(C([O-])=O)C(Cl)=CC=C2)=N1,-16.64397414
CC1(C)CCC(CC2=CC=C(Cl)C=C2)C1(O)CN1C=NC=N1,-8.586700236
CC(C)C1CCC(CC2=CC=C(Cl)C=C2)C1(O)CN1C=NC=N1,-8.600326279
CCN(CC)C(=O)N1C=NC(=N1)S(=O)(=O)C1=C(C)C=C(C)C=C1C,-11.38404995
CCOC1=CC=CC=C1OS(=O)(=O)NC(=O)NC1=NC(OC)=CC(OC)=N1,-8
CCOC(=O)C(Cl)CC1=C(Cl)C=C(F)C(=C1)N1N=C(C)N(C(F)F)C1=O,-8.528708289
CCC(NC1=NC=NC(C)=C1Cl)C1=CC=C(OC(F)F)C=C1,-7.501689446
FC1(F)OC2=CC=CC(=C2O1)C1=CNC=C1C#N,-9.274088368
CC1(OC(=O)N(NC2=CC=CC=C2)C1=O)C1=CC=C(OC2=CC=CC=C2)C=C1,-7.341988603
CO\C=C(\C(=O)OC)C1=CC=CC=C1OC1=CC(OC2=CC=CC=C2C#N)=NC=N1,-13.13667714
CCC1(CC2(CO2)C2=CC(Cl)=CC=C2)C(=O)C2=CC=CC=C2C1=O,-9.19314197
CNC(=O)C(=N\OC)\C1=CC=CC=C1OC1=CC=CC=C1,-9.403402904
CSC(=O)C1=CC=CC2=C1SN=N2,-6.924453039
CCOC(=O)C1=NN(C2=C(Cl)C=C(Cl)C=C2)C(C)(C1)C(=O)OCC,-8.935542011
CON=C(C)C1=CC=CC(OC2=NC(OC)=CC(OC)=N2)=C1C(=O)OC,-8.913640169
FC1=CC2=C(C=C1)N=C(N1C=NC=N1)N(C2=O)C1=C(Cl)C=C(Cl)C=C1,-10.68613278
COC1=CC(OC)=NC(NC(=O)NS(=O)(=O)NC2=CC=CC=C2C(=O)C2CC2)=N1,-6.269217724
CCCC(=O)C1=C(C)C=C(C)C(C2CC(O)=C(C(CC)=NOCC)C(=O)C2)=C1C,-9.243363892
[O-][N+](=O)\N=C1/NCCN1CC1=CN=C(Cl)C=C1,-14.78251606
CS(=O)(=O)C1=C(C=CC(=C1)C(F)(F)F)C(=O)C1=C(ON=C1)C1CC1,-9.732828272
CCS(=O)(=O)C1=C(N2C=CC=CC2=N1)S(=O)(=O)NC(=O)NC1=NC(OC)=CC(OC)=N1,-10.64206515
CC(C)N(C(=O)COC1=NN=C(S1)C(F)(F)F)C1=CC=C(F)C=C1,-8.239577517
CO\N=C(\C(=O)OC)C1=C(COC2=C(C)C=CC=C2)C=CC=C1,-8.449771647
CCOC1=NC(F)=CC2=NC(=NN12)S(=O)(=O)NC1=C(C=CC=C1Cl)C(=O)OC,-16.97469413
CC(O)C(C)O[N+]([O-])=O,-7.004364805
CCC(O)CO[N+]([O-])=O,-6.764471553
CCC(CO)O[N+]([O-])=O,-6.777283529
CCOC1=C(C=CC(=C1)C(C)(C)C)C1COC(=N1)C1=C(F)C=CC=C1F,-6.987162775
CCN(C1CCCCC1)C(=O)N1N=NN(C1=O)C1=CC=CC=C1Cl,-10.12436006
CC(C)C(C(=O)OC(C#N)C1=CC(OC2=CC=C(Br)C=C2)=CC=C1)C1=CC=C(OC(F)F)C=C1,-6.698970004
CC(C)OC(=O)C1=CC(C2=NN(C)C(=C2Br)C(F)(F)F)=C(F)C=C1Cl,-6.108462542