SMILES,LogWS
C=O,5.602059991
C[C@@H]1C[C@H]2[C@@H]3CCC4=CC(=O)C=C[C@]4(C)[C@@]3(F)[C@@H](O)C[C@]2(C)[C@@]1(O)C(=O)CO,1.890700398
CC(=O)OCC(=O)[C@@]1(O)CCC2C3CCC4=CC(=O)CC[C@]4(C)C3[C@@H](O)C[C@]12C,1.149219113
CC(=O)OCC(=O)[C@@]1(O)CC[C@H]2[C@@H]3CCC4=CC(=O)CC[C@]4(C)[C@H]3C(=O)C[C@]12C,1.301029996
CCC1(c2ccccc2)C(=O)NC(=O)NC1=O,3.045322979
CN1C(=O)NC(=O)C(CC)(CC)C1=O,3.29666519
O=P1(NCCCO1)N(CCCl)CCCl,4.602059991
CC(O)C(O)=O,6
C[C@]12CCC(=O)C=C1CC[C@@H]1[C@@H]2[C@@H](O)C[C@]2(C)[C@H](CC[C@H]21)C(=O)CO,2.298853076
C[C@]12CCC(=O)C=C1CC[C@@H]1[C@@H]2[C@@H](O)C[C@@]2(C)[C@H]1CC[C@]2(O)C(=O)CO,2.505149978
C[C@]12C=CC(=O)C=C1CC[C@@H]1[C@@H]2[C@@H](O)C[C@@]2(C)[C@H]1CC[C@]2(O)C(=O)CO,2.348304863
ClC(Cl)(Cl)C(c1ccc(Cl)cc1)c1ccc(Cl)cc1,-2.259637311
OC(=O)c1c(Cl)c(Cl)ccc1Cl,3.886490725
c1c2ccccc2c2ccc3cccc4ccc1c2c34,-2.790484985
CCCCC1C(=O)N(c2ccccc2)N(c2ccccc2)C1=O,1.531478917
COC(=O)[C@@H]1C2CCC(C[C@@H]1OC(=O)c1ccccc1)[N@@]2C,3.255272505
CNCCCN1c2ccccc2CCc2ccccc12,1.767897616
CN(C)CCC=C1c2ccccc2CCc2ccccc21,0.98721923
CN(C)CCCN1c2ccccc2CCc2ccccc12,1.260786669
CN(C)CCCN1c2ccccc2Sc2ccc(Cl)cc12,0.40654018
[O-][N+](=O)c1cc(Cl)c(cc1)NC(=O)c1cc(Cl)ccc1O,0.204119983
CC(=O)Oc1ccccc1C(O)=O,3.662757832
O[C@@H](CO)[C@H]1OC(=O)C(O)=C1O,5.602059991
OC(=O)c1ccc(Cl)cc1Cl,2.680788612
O=C1NC=C(F)C(=O)N1,4.045322979
[O-][N+](=O)c1cc(ccc1O)[N+]([O-])=O,3.445604203
CN1[C@@H]2C[C@H](C[C@H]1[C@@H]1O[C@@H]12)OC(=O)[C@H](CO)c1ccccc1,5
OC(=O)c1cc(Cl)cc(Cl)c1,2.167317335
OC(=O)c1cc(Cl)c(Cl)cc1,1.78604121
CN1[C@@H]2C[C@H](C[C@H]1CC2)OC(=O)C(CO)c1ccccc1,3.342422681
NCCc1ccc(O)cc1,4.017033339
CCOC(N)=O,5.681241237
C[C@]12CC[C@@H]3[C@H]4CCC(=O)C=C4CC[C@H]3[C@@H]1CC[C@]2(C#C)OC(C)=O,0.72794771
CC(=O)S[C@@H]1CC2=CC(=O)CC[C@]2(C)[C@H]2CC[C@@]3(C)[C@@H](CC[C@]43CCC(=O)O4)[C@@H]21,1.342422681
CC(=O)OCC(=O)[C@@]1(O)CC[C@H]2[C@@H]3CCC4=CC(=O)C=C[C@]4(C)[C@H]3[C@@H](O)C[C@]12C,1.235528447
CCC1(C2CCCCC=2)C(=O)NC(=O)NC1=O,3.204119983
C=CCC1(CC=C)C(=O)NC(=O)NC1=O,3.257678575
[O-][N+](=O)C(Br)(CO)CO,5.397940009
NC1(CCCC1)C(O)=O,4.698970004
CC(C)(S)[C@@H](N)C(O)=O,5.045322979
COP(=O)(OC)C(O)C(Cl)(Cl)Cl,5.079181246
OC1(CCN(CCCC(=O)c2ccc(F)cc2)CC1)c1ccc(Cl)cc1,1.146128036
C[C@]12CCC(=O)C=C1CC[C@@H]1[C@@H]2C(=O)C[C@@]2(C)[C@H]1CC[C@]2(O)C(=O)CO,2.447158031
C[C@]12CC[C@H]3[C@@H](CCc4cc(O)ccc43)[C@@H]1CCC2=O,1.477121255
ClC(Cl)C(c1ccccc1Cl)c1ccc(Cl)cc1,-1
C[C@]12CC[C@H]3[C@@H](CC[C@H]4C[C@H](O)CC[C@@]43C)[C@@H]1CCC2=O,1.079181246
C[C@]12CC[C@H]3[C@@H](CC=C4C[C@@H](O)CC[C@@]43C)[C@@H]1CCC2=O,1.802431626
c1c2c3ccccc3ccc2cc2c3ccccc3ccc21,-2.603800653
CC(=O)Nc1cc2Cc3ccccc3-c2cc1,0.723455672
CN1CCC[C@H]1c1c[n]ccc1,6
NS(=O)(=O)c1cc(C(O)=O)c(cc1Cl)NCc1ccco1,1.863917377
NNC(=O)c1cc[n]cc1,5.146128036
CCN(CC)N=O,5.025305865
NC(=O)c1ccccc1,4.130333768
OC(=O)c1cc[n]cc1,3.716003344
Cc1cc(ccc1SC)OP(=S)(OC)OC,0.875061263
[O-][N+](=O)OC(CO[N+]([O-])=O)CO[N+]([O-])=O,3.139879086
NCCCC(O)=O,6.113943352
ClC(Cl)(Cl)Cl,2.899273187
C[C@]12C3CCC(O3)[C@@]1(C)C(=O)OC2=O,1.477121255
CN1C(O)=NC(=O)C(C)(C2CCCCC=2)C1=O,2.638489257
CCOP(=S)(Oc1ccc(cc1)[N+]([O-])=O)OCC,1.041392685
NCC(O)=O,5.396199347
CC(=O)OCC(=O)[C@H]1CC[C@H]2[C@@H]3CCC4=CC(=O)CC[C@]4(C)[C@H]3CC[C@@]21C,0.941014244
Cc1ccc2cc3c(ccc4ccccc43)c3CCc1c32,-2.537602002
CC/C(/c1ccc(O)cc1)=C(/CC)\c1ccc(O)cc1,1.079181246
c1c2c3ccccc3ccc2cc2ccccc21,-2.026872146
CC1c2ccc(cc2OC(=O)C=1Cl)OP(=S)(OCC)OCC,0.176091259
[O-][N+](=O)c1ccc(cc1)[C@@H](O)[C@@H](CO)NC(=O)C(Cl)Cl,3.397940009
OC(CO)CO,6
N[C@@H](CC(O)=O)C(O)=O,3.72916479
NC(=O)CC[C@H](N)C(O)=O,4.615950052
N[C@@H](CCC(O)=O)C(O)=O,3.932980822
C=CCN=C=S,3.301029996
CCCCCCCCCCCCCCCC(O)=O,-1.397940009
NC(N)=O,5.736396502
CN(C)N,6
CC(C)(O)C(Cl)(Cl)Cl,3.903089987
O=C1C[C@@H]2OCC=C3CN4CC[C@]56[C@H]([C@H]2[C@H]3C[C@@H]54)N1c1ccccc61,2.204119983
O=C1NC(=O)C(N1)(c1ccccc1)c1ccccc1,1.505149978
CCOC(=O)C1(CCN(C)CC1)c1ccccc1,3.507180977
CCC1(CCC(C)C)C(=O)NC(=O)NC1=O,2.780317312
CCC1(CC)C(=O)NC(=O)NC1=O,3.872738827
O[C@H]1[C@H](O[C@H](CO)[C@@H](O)[C@@H]1O)O[C@]1(CO)O[C@H](CO)[C@@H](O)[C@@H]1O,6.322219295
CCCC(C)(COC(N)=O)COC(N)=O,3.51851394
CC(O)CO,6
O=C1CCO1,5.568201724
C[C@]12CC[C@H]3[C@@H](CCc4cc(O)ccc43)[C@@H]1CC[C@@]2(O)C#C,1.052693942
Cc1cc(C)[n]c(NS(=O)(=O)c2ccc(N)cc2)[n]1,3.176091259
ClC1(Cl)C2(Cl)C3CC(Cl)C(Cl)C3C1(Cl)C(Cl)=C2Cl,-1.251811973
CC(=O)[C@H]1CC[C@H]2[C@@H]3CCC4=CC(=O)CC[C@]4(C)[C@H]3CC[C@@]21C,0.944975908
CCC(=O)O[C@H]1CC[C@H]2[C@@H]3CCC4=CC(=O)CC[C@]4(C)[C@H]3CC[C@]12C,0.170261715
Cc1c2ccc3ccccc3c2c(C)c2ccccc12,-1.214670165
CN1C(=O)c2c([n]c[n]2C)N(C)C1=O,4.334453751
CN(C)C1C(=O)N(c2ccccc2)N(C)C=1C,4.7355989
C[C@]12CC[C@H]3[C@@H](CCC4=CC(=O)CC[C@@]43C)[C@@H]1CC[C@]2(C)O,1.530199698
C[C@]12CC[C@H]3[C@@H](CCC4=CC(=O)CC[C@@]43C)[C@@H]1CC[C@@H]2O,1.369215857
CC1=CC(=O)c2ccccc2C1=O,2.204119983
CN1CCN(CCCN2c3ccccc3Sc3ccc(Cl)cc23)CC1,1.174931594
OCCN1CCN(CCCN2c3ccccc3Sc3ccc(Cl)cc23)CC1,1.451786436
CN(C)CCCN1c2ccccc2Sc2ccccc12,1.152288344
CN1C(=O)c2[nH]c[n]c2N(C)C1=O,3.866877814
Oc1[n]c[n]c2c1[n]c[n]2[C@@H]1O[C@H](CO)[C@@H](O)[C@H]1O,4.198657087
OC(=O)CCCC[C@@H]1SC[C@@H]2NC(=O)N[C@@H]21,2.342422681
"Cl[C@@H]1[C@@H](Cl)[C@H](Cl)[C@H](Cl)[C@@H](Cl)[C@@H]1Cl |&1:1,2,4,6,8,10|",1.010087847
Oc1c(Cl)cc(Cl)c(Cl)c1Cl,1.361727836
NS(=O)(=O)c1cc2c(cc1Cl)NCNS2(=O)=O,2.858537198
NS(=O)(=O)c1cc2c(cc1Cl)N=CNS2(=O)=O,2.424881637
CCN(CC)C(=O)c1ccc[n]c1,6
O=C1C=Cc2ccccc2N1,3.022428371
Nc1ccc(cc1)S(=O)(=O)Nc1c[n]c2ccccc2[n]1,0.875061263
CCN(CCOC(=O)c1ccc(N)cc1)CC,3.975569658
Cc1ccccc1OCC(O)CO,4.071882007
OCC(S)CS,4.939519253
CC(=O)Nc1[n][n]c([s]1)S(N)(=O)=O,2.991226076
OC(=O)c1ccc[n]c1,4.255272505
O=NN1CCOCC1,6
N[C@@H](Cc1cc(O)c(O)cc1)C(O)=O,3.698970004
Nc1ccc(cc1)/N=N/c1ccccc1,1.505149978
CN(C)c1ccc(cc1)N=Nc1ccccc1,-0.638272164
OCCc1ccccc1,4.346352974
N[C@@H](Cc1ccc(O)cc1)C(O)=O,2.680335513
CN1CC(=O)NC1=N,4.903632516
CCOCC,4.781036939
NCCCCCC(O)=O,5.703291378
CNN,6
CC(N)=O,6.352182518
CNC(=O)CSP(=S)(OC)OC,4.367355921
"ClC1(Cl)[C@@]2(Cl)[C@@H]3[C@@H]4C[C@@H]([C@H]5O[C@H]54)[C@@H]3[C@]1(Cl)C(Cl)=C2Cl |o1:3,5,6,8,9,11,12,13|",-0.652669985
CN1C(C)=CC(=O)N1c1ccccc1,4.715167358
OC[C@H]1O[C@@H](Oc2cc(O)cc(O)c2C(=O)CCc2ccc(O)cc2)[C@H](O)[C@@H](O)[C@@H]1O,3
CN(C)C(C)CN1c2ccccc2Sc2ccccc12,1.194236749
CN(C)C[C@@H](C)CN1c2cc(ccc2Sc2ccccc12)OC,1.301029996
[O-][N+](=O)c1c[n]c([s]1)N1CCNC1=O,2.113943352
CC(C)C[C@H](N)C(O)=O,4.33243846
[O-][N+](=O)c1ccc(cc1)C(O)=O,2.301029996
CC(=O)Nc1ccc(cc1)OCC,2.88422877
CCOS(C)(=O)=O,5.495544338
Nc1ccccc1,4.556302501
CC(N)=S,5.212187604
NC(N)=S,5.152288344
COP(=O)(OC=C(Cl)Cl)OC,3.903089987
CN(C)N=O,6
C[C@]12CCC(=O)C=C1CC[C@@H]1[C@@H]2CC[C@@]2(C)[C@H]1CCC2=O,1.762078087
CNC(=O)Oc1cccc2ccccc21,2.041392685
CSCC[C@H](N)C(O)=O,4.752816431
Nc1ccc(cc1)S(N)(=O)=O,3.875061263
CN1CC(=CCC1)C(=O)OC,6
CCO,6
OC=O,6
CC(O)=O,6
CCC(C)C(C)(COC(N)=O)COC(N)=O,3
CCOS(=O)(=O)OCC,3.84509804
Cc1ccc(cc1)S(=O)(=O)NC(=O)NCCCC,2.037426498
C[C@]12CC[C@H]3[C@@H](CCC4=CC(=O)CC[C@@]43C)[C@@H]1CC[C@@H]2C(=O)CO,1.774516966
NC(=O)c1ccccc1O,3.31386722
Nc1cc(O)c(cc1)C(O)=O,3.227886705
CC1=CNC(=O)NC1=O,3.582063363
OC(=O)c1ccccc1,3.531478917
Oc1[n]c(cc(O)[n]1)C(O)=O,3.259593879
O=C1C=CNC(=O)N1,3.556302501
CCCCCC=O,3.751279104
c1cc2ccc[n]c2c2[n]cccc21,3.42975228
C[C@@H]1C[C@@H]([C@H](O)CC2CC(=O)NC(=O)C2)C(=O)[C@@H](C)C1,4.322219295
CO,6
CC(C)O,6
CC(C)=O,6
ClC(Cl)Cl,3.900367129
CS(C)=O,6
ClC(Cl)(Cl)C(Cl)(Cl)Cl,1.698970004
C[C@]12C=CC(=O)C=C1CC[C@H]1[C@@H]3C[C@@H](OC(C)=O)[C@](O)(C(=O)COC(C)=O)[C@@]3(C)C[C@H](O)[C@]21F,1.550228353
OC(=O)CS,6
CN(C)C=O,6
C[C@]12CC[C@@H]3[C@H]4CCC(=O)C=C4CC[C@H]3[C@@H]1CC[C@@]2(O)C#C,0.847757688
O=C1NC=Nc2[n]c[nH]c21,2.84509804
CC(=O)[C@@]1(O)CC[C@H]2[C@@H]3CCC4=CC(=O)CC[C@]4(C)[C@H]3CC[C@]12C,0.811575006
OCCN1CCN(CCCN2c3ccccc3Sc3ccc(cc23)C(F)(F)F)CC1,1.492201451
Oc1ccccc1C(O)=O,3.350248018
Cc1ccc(cc1)S(N)(=O)=O,3.499136995
CCC(=O)c1ccc(N)cc1,2.546666025
N[C@@H](Cc1c[n]c[nH]1)C(O)=O,4.659345636
CCCO,6
CCCCO,4.800717078
CCCCCO,4.342422681
c1ccccc1,3.252853031
CC(Cl)(Cl)Cl,3.11058971
Nc1ccc(cc1)S(=O)(=O)Nc1[n]cc[s]1,2.571708832
C[C@@H](O)[C@H](N)C(O)=O,4.986771734
COc1ccc(cc1)C(c1ccc(cc1)OC)C(Cl)(Cl)Cl,-1
Oc1ccc2c(C(=O)c3ccccc3C2=O)c1O,2.602059991
ClC(Cl)C(c1ccc(Cl)cc1)c1ccc(Cl)cc1,-1.045757491
ClC(Cl)=C(c1ccc(Cl)cc1)c1ccc(Cl)cc1,-1.397940009
N[C@@H](Cc1c[nH]c2ccccc21)C(O)=O,4.133538908
C[C@@H](CC)[C@H](N)C(O)=O,4.536558443
NS(=O)(=O)c1cc2c(cc1C(F)(F)F)NC(Cc1ccccc1)NS2(=O)=O,2.033423755
CCC1NC(=O)c2cc(c(Cl)cc2N1)S(N)(=O)=O,2.176091259
OC(=O)c1ccc(Cl)cc1,1.857332496
NC(=N)NCCC[C@H](N)C(O)=O,5.260071388
CBr,4.181843588
CCl,3.725911632
CI,4.139879086
CN,6.033423755
C#N,6
CS,4.18723862
BrCBr,4.075546961
CCBr,3.954242509
ClCBr,4.222716471
CCCl,3.82672252
C=CCl,3.944482672
C=CF,4.350248018
CCI,3.602059991
CCN,6
CC#N,6
CC=O,6
CCS,4.193124598
ClCCl,4.113943352
ICI,2.920645001
NC=O,6
S=C=S,3.334453751
CSC,4.343014497
C1CO1,6
BrC(Br)Br,3.491361694
CC(C)Br,3.50242712
ClC(Cl)Br,3.481729197
CC(C)C,1.688419822
CC(C)Cl,3.491361694
CC(C)I,3.146128036
CC(C)N,6
CC(Cl)Cl,3.702430536
C=C(Cl)Cl,3.383815366
CC(F)F,3.505149978
C=C(F)F,2.217483944
FC(Cl)Cl,4.274157849
FC(F)Cl,3.442479769
FC(F)F,3.611723308
CN(C)C,5.949390007
C[N+]([O-])=O,5.045322979
CC1CO1,5.770852012
FC(F)(F)Br,2.505149978
CC(C)(C)N,6
CC(C)(C)O,6
FC(Cl)(Cl)Cl,3.041392685
FC(F)(Cl)Cl,2.447158031
FC(F)(F)Cl,1.954242509
CCC(C)(C)C,1.264817823
CC(C)(C)CO,4.544068044
CCC(C)(C)O,5.041392685
O=CC(Cl)(Cl)Cl,4.477121255
OCC(F)(F)F,6
CC(=O)C(C)(C)C,4.278753601
CC(C)(C)C(O)=O,4.336459734
CC(Cl)(Cl)C(O)=O,5.700703717
CC(O)C(Cl)(Cl)Cl,4.45591024
ClC(Cl)C(Cl)(Cl)Cl,2.69019608
OC(=O)C(Cl)(Cl)Cl,4.737192643
[O-][N+](=O)C(Cl)(Cl)Cl,3.209515015
FC(Cl)(Cl)C(F)(Cl)Cl,2.079181246
FC(F)(Cl)C(F)(Cl)Cl,2.230448921
FC(F)(Cl)C(F)(F)Cl,2.113943352
FC(F)(F)C(F)(F)Cl,1.763427994
FC(F)(C(F)(F)F)C(F)(F)F,0.755951041
CC(CC)(S(=O)(=O)CC)S(=O)(=O)CC,3.698970004
CC1(C)O[C@@]2([C@@H](C[C@H]3[C@@H]4CCC5=CC(=O)C=C[C@]5(C)[C@@]4(F)[C@@H](O)C[C@]23C)O1)C(=O)CO,1.322219295
ClC1(Cl)C2(Cl)C3C=CC(Cl)C3C1(Cl)C(Cl)=C2Cl,-0.744727495
COc1ccc2C[C@@H]3[C@@H]4C=C[C@H](O)[C@@H]5Oc1c2[C@]45CCN3C,3.954242509
CCC1(C(C)CCC)C(=O)NC(O)=NC1=O,2.831741834
CCC1(C(C)C)C(=O)NC(=O)NC1=O,3.08278537
OC(=O)C(O)(c1ccccc1)c1ccccc1,3.149219113
CC(C)C1(CC=C)C(=O)NC(=O)NC1=O,3.610660163
C[C@]12[C@H]3[C@H](C(O)=O)[C@@]45C[C@@](O)(CC[C@H]4[C@@]3(C=C[C@@H]1O)OC2=O)C(=C)C5,3.698970004
Oc1ccc(cc1)C1(OC(=O)c2ccccc12)c1ccc(O)cc1,2.602059991
CCC1(CCC(=O)NC1=O)c1ccccc1,2.999565488
CCCC(C)C1(CC=C)C(=O)NC(=S)NC1=O,1.693726949
CCCCC1(CC)C(=O)NC(=O)NC1=O,3.688419822
NS(=O)(=O)c1cc(ccc1Cl)C1(O)NC(=O)c2ccccc12,2.079181246
ClC1(Cl)C(Cl)=C(Cl)C(Cl)=C1Cl,0.255272505
CCC(Br)(CC)C(=O)NC(N)=O,2.522444234
CC(O)(CC)CC,4.629409599
CCC(C)(O)C#C,4.995635195
COS(=O)(=O)OC,4.447158031
OC(=O)C(O)(CC(O)=O)CC(O)=O,5.772321707
CCOC(=O)C(O)(CC(=O)OCC)CC(=O)OCC,4.812913357
CC(CC)(CC)OC(N)=O,3.602059991
CCOP(=O)(OCC)OCC,5.698970004
CCCC(C)(COC(N)=O)COC(=O)NC(C)C,2.477121255
CCCCSP(=O)(SCCCC)SCCCC,0.361727836
CC1CC(C)(C)CC(=O)C=1,4.079181246
CC(C)=CCCC(C)(O)C=C,3.201123897
CC(Br)CBr,3.155336037
CC(C)CBr,2.705007959
CCC(C)C,1.681241237
CC(=C)C=C,2.807535028
CC(C)CN,6
CC(C)CO,4.929418926
CC(C)C=O,4.949390007
CC(=C)C=O,4.698970004
CCC(C)Cl,3
CC(Cl)CCl,3.447158031
C=C(Cl)CCl,3.33243846
CCC(C)O,5.257678575
CCC(C)=O,5.348304863
ClCC(Cl)Cl,3.661812686
ClC=C(Cl)Cl,3.10720997
C=CC(N)=O,5.591064607
NC(=O)CCl,4.954242509
CCC(O)=O,6
OC(=O)CCl,5.933487288
CNC(C)=O,6
COC(C)=O,5.385606274
CC[N+]([O-])=O,4.681241237
BrC(Br)C(Br)Br,2.831229694
CC(C)C(C)C,1.352182518
CC(C)C(O)=O,5.222716471
ClC(Cl)C(Cl)Cl,3.451786436
CC(=C)C(O)=O,4.949390007
OC(=O)C(Cl)Cl,6
CC(C)[N+]([O-])=O,4.230448921
Nc1ccc(cc1)S(=O)(=O)c1ccc(cc1)NCCO,2.86923172
CC(C)(c1ccc(O)cc1)c1ccc(O)cc1,2.079181246
Nc1ccc(cc1)S(=O)(=O)c1ccc(N)cc1,2.579783597
COc1ccc(NS(=O)(=O)c2ccc(N)cc2)[n][n]1,2.167317335
CC(C)(CC)c1ccc(O)cc1,2.225309282
CC(C)(O)C1CCC(C)(O)CC1,4
CC(=C)C(=O)OC,4.176091259
CN1C(c2ccc(Cl)cc2)S(=O)(=O)CCC1=O,3.397940009
O=C1NS(=O)(=O)c2ccccc12,3.602059991
C[C@H](CCC(O)=O)[C@H]1CC[C@H]2[C@H]3[C@H](C[C@H](O)[C@@]21C)[C@@]1(C)CC[C@@H](O)C[C@H]1C[C@H]3O,2.243038049
CC(=O)CC(C1=C(O)c2ccccc2OC1=O)c1ccccc1,1.230448921
OC(=O)c1ccccc1C(c1ccc(O)cc1)c1ccc(O)cc1,2.243038049
[O-][N+](=O)c1c(Cl)c(Cl)c(Cl)c(Cl)c1Cl,-0.356547324
[O-][N+](=O)c1c(O)c(cc(c1O)[N+]([O-])=O)[N+]([O-])=O,3.727622578
CN1CCN(CC1)C(c1ccccc1)c1ccccc1,3
CC(C)(C)C(=O)C1C(=O)c2ccccc2C1=O,1.255272505
C1Cc2cccc3cccc1c23,0.591064607
Cc1c[nH]c2ccccc21,2.697229343
C[C@H]1C[C@@H]2[C@H]([C@@H](O)C[C@@]3(C)[C@H]2CC[C@]3(O)C(=O)CO)[C@@]2(C)C=CC(=O)C=C21,2.079181246
C[C@H](CCC(O)=O)[C@H]1CC[C@H]2[C@@H]3CC[C@@H]4C[C@H](O)CC[C@]4(C)[C@H]3C[C@H](O)[C@@]21C,1.639486489
Oc1cccc2c1cccc2O,2.217483944
CN1c2[n]c[n](C)c2C(=O)NC1=O,2.51851394
c1ccccc1-c1ccccc1-c1ccccc1,0.093071306
CC[C@H]([C@H](CC)c1ccc(O)cc1)c1ccc(O)cc1,1.079181246
O=C1c2ccccc2C(=O)c2ccccc12,0.130333768
CCOC(=O)c1ccccc1C(=O)OCC,3.033423755
CC(C)COC(=O)c1ccccc1C(=O)OCC(C)C,0.792391689
CCCCOC(=O)c1ccccc1C(=O)OCCCC,1.049218023
COc1c2C=CC(=O)Oc2cc2OC(C)(C)C=Cc21,1.602059991
c1cc2ccccc2c2ccccc21,0.06069784
c1cccc2c3ccc[n]c3ccc21,1.895974732
OC(=O)Cc1c(Cl)c(Cl)ccc1Cl,2.301029996
[O-][N+](=O)c1cccc(c1O)C(O)=O,3.113943352
O=C1NC(=O)c2ccccc12,2.556302501
O=C1OC(=O)c2ccccc12,3.792391689
CCCCOC(=O)c1ccccc1C(=O)OCc1ccccc1,0.42975228
Cc1cc(ccc1)NC(=O)c1ccccc1C(O)=O,3
Nc1ccc2ccccc2c1N=Nc1ccccc1,-0.522878745
O=NN(c1ccccc1)c1ccccc1,1.544068044
COP(=S)(OC)SCN1N=Nc2ccccc2C1=O,1.320146286
[O-][N+](=O)c1cccc2ccccc21,0.962842681
C1c2ccccc2-c2ccccc21,0.227886705
c1cccc2[nH]c3ccccc3c21,0.255272505
OC(=O)Cc1cccc2ccccc21,2.62324929
NC(=S)Nc1cccc2ccccc21,2.77815125
"CN1[C@@H]2C[C@H](C[C@H]1CC2)OC(=O)C(O)c1ccccc1 |&1:2,4,6|",4
Oc1ccccc1C(=O)Nc1ccccc1,1.740362689
CC(C)CCOC(=O)c1ccccc1O,2.161368002
[O-][N+](=O)O[C@H]1CO[C@H]2[C@@H]1OC[C@H]2O[N+]([O-])=O,2.740362689
COc1c(Cl)cc(Cl)cc1Cl,1
OC(=O)Cc1c[nH]c2ccccc21,3.176091259
Clc1c(Cl)cccc1Cl,1.255272505
Oc1c(Cl)cccc1Cl,3.278753601
Oc1c(O)cccc1O,5.705007959
ClC(Cl)=C(Cl)C(Cl)=C(Cl)Cl,0.505149978
O[C@@H](CO)[C@@H](O)[C@H](O)C(=O)CO,5.556302501
Cc1c(C)c(C)c(C)c(C)c1C,-0.628932138
Oc1c(Cl)c(Cl)c(Cl)c(Cl)c1Cl,1.146128036
"O[C@@H]1[C@H](O)[C@@H](O)[C@H](O)[C@@H](O)[C@@H]1O |&1:1,2,4,6,8,10|",5.155336037
O[C@H]([C@@H](O)CO)[C@H](O)CO,5.807535028
Cc1cc(O)cc(C)c1Cl,2.397940009
Oc1c(Cl)cc(Cl)cc1Cl,2.903089987
CCC(CC)C(O)=O,4.255272505
OC(=O)c1cc[s]c1,3.633468456
OC(=O)c1ccco1,4.56937391
Cc1ccccc1S(N)(=O)=O,3.209515015
OC(=O)c1ccccc1I,2.663700925
Cc1ccccc1[N+]([O-])=O,2.812913357
[O-][N+](=O)c1ccccc1Cl,2.644438589
Nc1ccccc1[N+]([O-])=O,3.167317335
[O-][N+](=O)c1ccccc1O,3.397940009
CCC(C)c1cc(cc(c1O)[N+]([O-])=O)[N+]([O-])=O,1.716003344
[O-][N+](=O)c1cc(c(Cl)c(c1)[N+]([O-])=O)[N+]([O-])=O,2.72427587
[O-][N+](=O)c1cc(c(O)c(c1)[N+]([O-])=O)[N+]([O-])=O,4.103803721
OC(=O)c1ccccc1C(O)=O,3.843232778
OC(=O)c1[n]cccc1C(O)=O,4.041392685
OC(=O)c1cc(c(cc1C(O)=O)C(O)=O)C(O)=O,4.146128036
[O-][N+](=O)c1cc(Cl)ccc1Cl,1.146128036
[O-][N+](=O)c1cc(Cl)c(Cl)cc1Cl,1.46834733
CC(C)C1CCC(C)CC1O,2.659250469
Cc1ccc(C(C)C)c(O)c1,2.954242509
CCc1ccccc1O,3.727541257
Oc1ccccc1CO,4.799340549
COc1ccccc1O,4.271841607
Brc1cccc2ccccc21,0.969322706
Cc1cccc2ccccc21,1.411619706
Clc1cccc2ccccc21,1.240549248
Oc1cccc2ccccc21,2.937517892
c1cccc2c(cccc21)Nc1ccccc1,1.77815125
C1[C@@H]2C[C@@H](CN3CCCC[C@@H]32)[C@@H]2CCCCN21,3.482873584
Oc1ccccc1-c1ccccc1,2.84509804
OC(=O)C(O)c1ccccc1,5.257678575
OC(c1ccccc1)c1ccccc1,2.716003344
COc1cccc(OC)c1O,4.235528447
C1CCCC2CCCCC21,-0.051098239
c1[n]c[n]c2[n]cc[n]c21,5.155336037
c1cccc2ccccc21,1.491361694
c1cccc2[n]cccc21,3.78604121
COc1ccccc1[N+]([O-])=O,3.227886705
Cc1cc2ccccc2cc1,1.390935107
Clc1cc2ccccc2cc1,1.068185862
O=C1C=Cc2ccccc2O1,3.278753601
CCN(CC)c1ccccc1,2.146128036
Nc1[n]c([n]c(N)[n]1)-c1ccccc1,2.77815125
Nc1ccc(cc1Cl)-c1cc(Cl)c(N)cc1,0.491361694
c1c(cccc1-c1ccccc1)-c1ccccc1,0.179264464
c1c2cc3ccccc3cc2cc2ccccc21,-2.821023053
Oc1cc2ccccc2cc1O,2.46686762
c1ccccc1-c1ccccc1,0.873901598
Brc1ccc(cc1)-c1ccccc1,-0.185086819
Oc1ccc(cc1)-c1ccccc1,1.749736316
c1cccc2Nc3ccccc3Sc21,0.201397124
Nc1ccc(cc1)-c1ccc(N)cc1,2.507855872
c1cc(ccc1-c1ccccc1)-c1ccccc1,-1.744727495
OC(=O)c1cc2ccccc2cc1,1.672097858
COc1ccccc1OCC(O)CO,4.698970004
Cc1cc2[n]c(C)ccc2cc1,3.254064453
CCC(=O)c1ccccc1,3.301029996
COC(=O)c1ccccc1,3.322219295
COC(=O)c1ccc[n]c1,4.677606953
Cc1cc(Cl)ccc1OC(C)C(O)=O,2.792391689
C=CCN(CC=C)C(=O)CCl,4.294466226
CC(Oc1cc(Cl)c(Cl)cc1Cl)C(O)=O,1.851258349
OC(=O)COc1cc(Cl)c(Cl)cc1Cl,2.444044796
CCOC(=O)c1ccccc1,2.857332496
CCOC(=O)c1ccc(N)cc1,3.117271296
CCCOC(=O)c1ccc(N)cc1,2.925312091
CCCOC(=O)c1ccc(O)cc1,2.698970004
CC(C)COC(=O)c1ccc(N)cc1,2.342422681
CCc1[n][n]c(NS(=O)(=O)c2ccc(N)cc2)[s]1,3.511883361
CCCNC(=O)NS(=O)(=O)c1ccc(Cl)cc1,2.411619706
CCOc1ccc(cc1)C(=O)OCCN(CC)CC,2.709354776
CCCCOC(=O)c1ccc(N)cc1,2.525044807
CCCCOC(=O)c1ccc(O)cc1,2.315970345
O=C(OOC(=O)c1ccccc1)c1ccccc1,0.959041392
O=C(/C=C/C=C/c1cc2OCOc2cc1)N1CCCCC1,1.602059991
Cc1cc(Cl)ccc1OCC(O)=O,2.799340549
OC(=O)COc1ccc(Cl)cc1Cl,2.830588669
Cc1cc(Cl)ccc1OCCCC(O)=O,1.681241237
OC(=O)CCCOc1ccc(Cl)cc1Cl,1.662757832
CCC(CO)C(O)CCC,4.62324929
CCN(CC)C(=S)SCC(=C)Cl,2
c1cccc2[nH][n][n]c21,4.29666519
c1cccc2[s]ccc21,2.113943352
c1[n]c2ccccc2[s]1,3.633468456
Cc1ccccc1C,2.250420002
Cc1ccccc1O,4.413299764
Cc1ccccc1Cl,2.572871602
Clc1ccccc1Cl,2.193124598
Nc1ccccc1Cl,3.911690159
Cc1ccccc1N,4.220108088
Nc1ccccc1N,4.606381365
Nc1ccccc1O,4.301029996
Oc1ccccc1Cl,4.053078443
Cc1cc(C)c(C)cc1,1.755874856
Cc1cc(O)ccc1C,3.677606953
Cc1cc(Cl)c(Cl)cc1,1.414973348
Nc1cc(Cl)c(Cl)cc1,1.963787827
Cc1cc(O)c(C)cc1,3.549003262
Cc1cc(C)c(C)cc1C,0.541579244
Clc1cc(Cl)c(Cl)cc1Cl,-0.225483034
Oc1cc(Cl)c(Cl)cc1Cl,3.079181246
C1OC1c1ccccc1,3.477121255
ClCC(Br)CBr,3.089905111
CC(CC)CC,1.252853031
CCC(=O)CC,4.661812686
OC(CCl)CCl,4.995635195
COC(=O)C=C,4.693726949
CC1CCCC1,1.62324929
S=C1NCCN1,4.301029996
CC1CCCO1,5.142076461
O=C1CCCO1,6
CC(OP(C)(=O)F)C(C)(C)C,4.322219295
Nc1cc(cc(c1O)[N+]([O-])=O)[N+]([O-])=O,3.146128036
Oc1ccc(Cl)cc1Cc1cc(Cl)ccc1O,1.477121255
CO[C@H]1O[C@H](CO)[C@@H](O)[C@H](O)[C@H]1O,5.587486465
COc1cc(CC=C)ccc1O,3.391464412
CC(=C)C(=O)OCC,3.73239376
C=C(CC(O)=O)C(O)=O,4.88536122
CCN(CC)C(=S)SSC(=S)N(CC)CC,0.611723308
CC(C)C(=O)OCC(C)C,3
CC(=C)C(=O)OCC(C)C,3.113943352
CC(=C)C(=O)OCCCC,2.903089987
CCC(CO)CC,3.602059991
OCc1ccco1,6
O=Cc1ccco1,4.869818208
CC(C)(C)c1ccccc1,1.469822016
ClC(Cl)(Cl)c1ccccc1,1.72427587
FC(F)(F)c1ccccc1,2.146128036
NS(=O)(=O)c1ccccc1,3.633468456
CC(C)(C)c1cc(O)c(O)cc1,3.301029996
CC(C)(C)c1ccc(O)cc1,2.763427994
CC1CCC(CC=1)C(C)(C)O,3.851258349
CC(C)(C)c1ccc(cc1)C(O)=O,1.447158031
OC(=O)[C@@H]1CCC(=O)N1,5.677606953
CC(C)c1ccccc1,1.787460475
CC(=C)c1ccccc1,2.064457989
CC(N)c1ccccc1,4.62324929
CC(=O)c1ccccc1,3.787460475
ClC(Cl)c1ccccc1,2.397940009
OC(=O)C1CCCCC1,3.662757832
NC(=O)c1ccc[n]c1,5.698970004
[O-][N+](=O)c1ccccc1,3.320146286
NC(=O)c1c[n]cc[n]1,4.176091259
Cc1cc(ccc1)C(O)=O,2.991226076
Nc1cc(ccc1)C(O)=O,3.770852012
Oc1cccc(c1)C(O)=O,3.860338007
Cc1cc(ccc1)[N+]([O-])=O,2.698970004
Nc1cc(ccc1)[N+]([O-])=O,3.079181246
OC(=O)C(CC(O)=O)CC(O)=O,5.521138084
COC(=O)c1cc(O)c(O)c(O)c1,4.025305865
Nc1c(Cl)cc(cc1Cl)[N+]([O-])=O,0.84509804
[O-][N+](=O)c1cc(cc(c1)[N+]([O-])=O)C(O)=O,3.130333768
[O-][N+](=O)c1cc(cc(c1)[N+]([O-])=O)[N+]([O-])=O,2.444044796
CC1=CCC(CC1=O)C(C)=C,3.113943352
Oc1cc(ccc1O)C(O)=O,4.260071388
[O-][N+](=O)c1cc(Cl)c(Cl)cc1,2.08278537
[O-][N+](=O)c1cccc(c1)C=O,3.212187604
[O-][N+](=O)c1cc(ccc1)[N+]([O-])=O,2.726727209
CCCC(CCC)C(O)=O,3.301029996
CCC(C)c1ccc(O)cc1,2.982271233
COC(=O)c1ccc(O)cc1,3.397940009
Cc1ccc(cc1)C(C)C,1.369215857
CC(=O)c1ccc(N)cc1,3.525044807
CC(=O)c1ccc(O)cc1,3.995635195
Cc1ccc(cc1)C(O)=O,2.531478917
Oc1ccc(cc1)C(O)=O,3.698970004
Cc1ccc(cc1)N(C)C,2.812913357
Cc1ccc(cc1)[N+]([O-])=O,2.645422269
[O-][N+](=O)c1ccc(Cl)cc1,2.352182518
Nc1ccc(cc1)[N+]([O-])=O,2.862131379
[O-][N+](=O)c1ccc(O)cc1,4.064457989
COc1ccc(cc1)C(O)=O,2.72427587
COc1ccc(cc1)[N+]([O-])=O,2.770852012
[O-][N+](=O)c1ccc(cc1)[N+]([O-])=O,1.838849091
OC(=O)c1ccc(c[n]1)C(O)=O,3.079181246
C=CC1CC=CCC1,1.698970004
CCc1ccccc1,2.227886705
C=Cc1ccccc1,2.491361694
ClCc1ccccc1,2.720159303
NCc1ccccc1,6
N#Cc1ccccc1,3.301029996
OCc1ccccc1,4.632457292
O=Cc1ccccc1,3.841984805
OCc1c[n]ccc1,6
CNc1ccccc1,3.749736316
NNc1ccccc1,5.103803721
ONc1ccccc1,4.602059991
COc1ccccc1,3.017033339
CSc1ccccc1,2.704150517
CCc1cccc[n]1,5.531478917
O=NN1CCCCC1,4.883661435
Cc1cc(C=C)ccc1,1.949390007
Oc1cc(C=O)ccc1,3.85672889
Clc1ccccc1Nc1[n]c(Cl)[n]c(Cl)[n]1,0.903089987
CC(C)OC(=O)Nc1cccc(Cl)c1,1.949390007
O=C(Nc1cc(Cl)ccc1)OCC#CCCl,1.041392685
CN(C)C(=O)Nc1ccccc1,3.605305046
Nc1ccc(Cc2ccc(N)cc2)cc1,3
C(c1ccccc1)c1ccccc1,1.149219113
c1ccccc1Oc1ccccc1,1.255272505
CCCN(CCC)CCC,2.873901598
CC(=O)OC(COC(C)=O)COC(C)=O,4.763427994
CCCCN(CCCC)CCCC,2.152288344
C(Cc1ccccc1)c1ccccc1,0.633468456
c1ccccc1/C=C/c1ccccc1,-0.537602002
c1ccccc1N=Nc1ccccc1,0.806179974
CCOC(=O)C=Cc1ccccc1,2.250420002
C(OCc1ccccc1)c1ccccc1,1.602059991
CCCc1ccccc1,1.717670503
O=CNc1ccccc1,4.456366033
CCOc1ccccc1,2.755112266
OC(=O)Cc1ccccc1,4.220108088
CC(=O)Nc1ccccc1,3.805500858
NC(=S)Nc1ccccc1,3.392696953
CC(=O)Nc1ccc(O)cc1,4.146128036
COc1ccc(C=CC(=O)OCCOCC)cc1,2.698970004
OCC(O)COc1ccc(Cl)cc1,4
CC=Cc1ccc(cc1)OC,2.045322979
CCCCc1ccccc1,1.071882007
O=CC=Cc1ccccc1,3.152288344
CCCCC(CN)CC,3.397940009
CCCCC(CO)CC,2.944482672
Cc1ccc(C=O)cc1,3.356217134
OC(=O)/C=C/c1c[nH]c[n]1,3.176091259
CCc1ccc(CC)cc1,1.394451681
CCCC(C)CO,3.77815125
CCC(=O)OCC,4.283301229
CCOC(=O)NC,5.838849091
CC(=O)CC(=O)OC,5.698970004
CCC(C)OC(C)=O,3.792391689
CCOC(=O)CC(=O)OCC,4.365487985
CCOC(=O)CCC,3.69019608
CCOC(=O)CC#N,4.301029996
CC(OCC)OCC,4.643452676
CCOC(=O)OCC,4.274157849
O=C1CCCCCN1,5.8876173
CCCOC(=O)CCC,3.209515015
Cc1cc(C)c(O)cc1,3.895974732
CCCCCCC(=O)OCC,2.462397998
CCCCCCCC(=O)OCC,1.845532117
CCCCC(=O)CC,3.633468456
CCC(=O)OCCC,3.724439723
Brc1ccc(Br)cc1,1.301029996
Cc1ccc(Br)cc1,2.041392685
Clc1ccc(Br)cc1,1.652246341
Oc1ccc(Br)cc1,4.146128036
Cc1ccc(C)cc1,2.209515015
Cc1ccc(Cl)cc1,2.025305865
Cc1ccc(O)cc1,4.33243846
Clc1ccc(Cl)cc1,1.910090546
Nc1ccc(Cl)cc1,3.591064607
Oc1ccc(Cl)cc1,4.380211242
Cc1ccc(N)cc1,3.812913357
Nc1ccc(N)cc1,4.568201724
O=C1C=CC(=O)C=C1,4.045322979
CC(C)COC(=O)C=C,3.301029996
CCCCCC(=O)OC,3.122870923
CCC1CO1,4.977723605
ClCC1CO1,4.818885415
C=CCOCC1CO1,5.149219113
BrCCBr,3.592176757
CCCBr,3.389166084
C=CCBr,3.583198774
CCCC,1.786751422
CCC=C,2.344392274
C=CC=C,2.866287339
CCC#C,3.457881897
C=CC=O,5.326335861
ClCCBr,3.838849091
C=CCCl,3.527629901
ClCCCl,3.934498451
OCCCl,6
CCCI,3.029383778
CCCN,6
C=CCN,6
CCC#N,5.012837225
C=CC#N,4.872156273
C=CCO,6
C#CCO,6
OCCO,6
COC=O,5.361727836
NCCS(O)(=O)=O,4.906873535
NC(=O)OCC(Cl)(Cl)Cl,4
CC(C)CCBr,2.293141483
CCCC(C)C,1.146128036
CCCC(C)=O,4.633468456
NC(=O)CC#N,5.113943352
CCCC(O)=O,4.77815125
NCCC(O)=O,5.736396502
CNCC(O)=O,5.477121255
CCC[N+]([O-])=O,4.176091259
CC(=O)OC=C,4.301029996
CC(C)CC(C)C,0.740362689
CC(C)CC(C)=O,4.278753601
CC(C)CC(C)O,4.214843848
CC(C)NC(C)C,5.041392685
CC(C)OC(C)C,3.944482672
CC(C)OC(C)=O,4.489958479
CC(=O)OC(C)=O,5.079181246
C=C1C=CC(=O)O1,4
CC1COC(=O)O1,5.243038049
Brc1cc(Br)ccc1,1.829303773
Clc1cc(Br)ccc1,2.071882007
Cc1cc(C)ccc1,2.206825876
Cc1cc(O)ccc1,4.356025857
Nc1cc(Cl)ccc1,3.73239376
Oc1cc(Cl)ccc1,4.414973348
Cc1cc(N)ccc1,4.176091259
Nc1cc(N)ccc1,5.376576957
Oc1cc(O)ccc1,5.855519156
Cc1cc(C)[n]cc1,5.544068044
Cc1cccc(C)[n]1,5.477121255
CC(CCl)OC(C)CCl,3.230448921
CCOC(=O)CC(C)C,3.301029996
COCC(C)OC(C)=O,5.29666519
Cc1cc(C)cc(C)c1,1.683047038
Cc1cc(O)cc(C)c1,3.688419822
Clc1cc(Cl)cc(Cl)c1,0.778874472
Oc1cc(O)cc(O)c1,4.025305865
Cc1cc(C)[n]c(C)c1,4.544068044
CC(C)CC(O)CC(C)C,2.648360011
CC(C)CC(=O)CC(C)C,3.421603927
CC(C)CC(C)OC(C)=O,3.113943352
BrC1CCCCC1,2.918030337
Brc1ccccc1,2.649334859
CC1CCCCC1,1.146128036
Cc1ccccc1,2.720985744
Cc1cc[n]cc1,6
Clc1ccccc1,2.697229343
NC1CCCCC1,6
OC1CCCCC1,4.62324929
O=C1CCCCC1,4.397940009
Oc1ccccc1,4.918030337
Sc1ccccc1,2.921686475
Cc1c[n]ccc1,6
Oc1c[n]ccc1,4.522444234
CN1CCOCC1,6
Brc1cccc[n]1,4.318063335
Cc1cccc[n]1,6
CC1CNCCN1,5.638489257
Cc1c[n]cc[n]1,6
Clc1cccc[n]1,4.301029996
CC(=C)C(=O)OCCOCCOCCOC(=O)C(C)=C,3.556302501
CCCC(=O)OCCCC,2.698970004
CCCCC(O)=O,4.380211242
C=CCNC(N)=S,4.770852012
CC(C)OCCO,6
CCCOC(C)=O,4.276461804
BrCCCBr,3.230448921
CCCCBr,2.939019776
CCCCC,1.579783597
CCCC=C,2.170261715
CC=CCC,2.307496038
CCCCCl,3.041392685
ClCCCBr,3.350248018
CCCCN,6
CCCC#N,4.51851394
N#CCC#N,5.123851641
CCCCS,2.775974331
COCCO,6
COCOC,5.387389826
CCNCC,6
CCOC=C,4
C=COC=C,3.88592634
CCOC=O,4.945468585
c1ccc[nH]1,4.653212514
C1CCCO1,6
c1ccco1,4
c1ccc[s]1,3.478566496
CC(C)(C)OOC(C)(C)C,2
CC(C)CCC(C)=O,3.73239376
OC(=O)CCC(O)=O,4.920123326
CC(C)COC(C)=O,3.799340549
CCCCCCCCCC(=O)OCC,1.201123897
CCOC(=O)CCCCCCCCC(=O)OCC,1.903089987
CCCCCCCCCC(=O)OC,0.643452676
CCCCCC(C)=O,3.633468456
C/C=C/C=C/C(O)=O,3.281033367
CC(C)CCOC=O,3.544440137
CCCCCBr,2.103803721
CCCCCC,0.977723605
CCCCCN,6
N#CCCC#N,5.103803721
CCCCC=O,4.068185862
COCCOC,6
CCCOC=O,4.342422681
CCOCCO,6
C1CCCCC1,1.740362689
C1CCCC=C1,2.328379603
C1CNCCN1,6
c1cccc[n]1,6
C1OCOCO1,5.243038049
C1CCCCN1,6
C1COCCN1,6
OC(=O)CCCC(O)=O,6.204119983
CC(O)CNCC(C)O,5.934498451
CCCCCCCC(=O)OC,1.808885867
CCCCCCC(C)=O,2.953759692
CCCCCCC(O)=O,3.449940989
CCOCCOC(C)=O,5.271841607
OC(=O)CCCCCC(O)=O,4.698970004
OC(=O)CCSCCC(O)=O,4.570192561
OC(=O)CCCCCCCCC(O)=O,3
CCCCCCBr,1.409933123
CCCCCCN,4.079181246
CCCCCCO,3.770852012
CCCCOC=C,3.477121255
OCCNCCO,6
CCCOCCC,3.69019608
ClCCOCCCl,4.235528447
CC(=O)OCCOC(C)=O,5.250420002
CCCCCCCC,-0.180456064
CCCCCCC=C,0.612783857
N#CCCCCC#N,4.903089987
CCCCCCCO,3.222716471
CCCCCCC=O,3.096910013
CCCCOCCO,6
CCCCCCCCBr,0.222716471
CCCCCCCCC,-0.657577319
CCCCCCCCO,2.73239376
CCOCCOCCO,6
CCCCNCCCC,3.544068044
COCCOCCOC,6
CCCCCCCCC(O)=O,2.45331834
NCCNCCNCCN,6.678700435
CCCCCCOCCO,3.995635195
ClCCOCCOCCCl,4.276461804
CCCCCCCCCCO,1.568201724
CCOCCOCCOCC,6
CCCCCCCCCCC(O)=O,1.717670503
C=CCCCCCCCCC(O)=O,1.867467488
CCCCCCCCCCCC,-2.431798276
CCCCOCCOCCCC,3.301029996
CCCCCCCCCCCCO,0.602059991
NCCNCCNCCNCCN,6.815245592
CCCCCCCCCCCCCCO,-0.718966633
CCCCOCCOCCOCCCC,3.477121255
CCCCCCCCCCCCCCCCCCO,-2.958607315
CNC(=O)Oc1ccccc1OC(C)C,3.269512944
COC,4.662757832
CC(C)=C,2.419955748
CC(C)(O)C#C,6
OCC(Cl)(Cl)Cl,4.920645001
CC(C)(S(=O)(=O)CC)S(=O)(=O)CC,4.139879086
FC1(F)C(F)(F)C(F)(F)C1(F)F,1.373463722
OC(c1ccc(Cl)cc1)(c1ccc(Cl)cc1)C(Cl)(Cl)Cl,-0.096910013
C=CCC1(c2ccccc2)C(=O)NC(=O)NC1=O,3.235528447
OCC(CO)(CO)CO,4.859138297
O=P(Oc1ccccc1)(Oc1ccccc1)Oc1ccccc1,0.278753601
COP(=O)(Oc1ccccc1)Oc1ccccc1,3.301029996
CS(=O)c1ccc(cc1)OP(=S)(OCC)OCC,3.301029996
CCNC(=O)CSP(=S)(OC)OC,3.929418926
CNC(=O)ON=CC(C)(C)SC,3.780317312
[O-][N+](=O)c1c(Cl)c(Cl)cc(Cl)c1Cl,0.320146286
OC(=O)C(c1ccccc1)c1ccccc1,2.103803721
O=C1c2ccccc2C(=O)C(Cl)=C1Cl,0.903089987
CCCCC(COC(=O)c1ccccc1C(=O)OCC(CCCC)CC)CC,-0.568636236
CN1CCN(CCCN2c3ccccc3Sc3ccc(cc23)C(F)(F)F)CC1,1.086359831
Oc1ccccc1C(=O)Oc1ccccc1,2.176091259
CC1OC=CC(=O)C=1O,4.037426498
Clc1c(Cl)c(Cl)c(Cl)c(Cl)c1Cl,-2.207608311
Oc1c(Br)cc(Br)cc1Br,1.84509804
Cc1ccccc1C(O)=O,3.071882007
OC(=O)c1ccccc1Cl,3.320146286
Nc1ccccc1C(O)=O,3.544068044
Cc1c(cc(cc1[N+]([O-])=O)[N+]([O-])=O)[N+]([O-])=O,2.06069784
COc1ccc(cc1[N+]([O-])=O)[N+]([O-])=O,2.190331698
Cc1cc(c(O)cc1)[N+]([O-])=O,2.80140371
COC(=O)c1ccccc1O,2.84509804
OC(C(=O)c1ccccc1)c1ccccc1,2.477121255
O=C(c1ccccc1)c1ccccc1,2.136720567
C1CCCc2ccccc21,1.672097858
c1[n]ccc2ccccc21,3.655138435
CNc1ccccc1C(O)=O,2.301029996
COc1cc(ccc1N)-c1cc(OC)c(N)cc1,1.77815125
c1cc([n]c2ccccc21)-c1ccc2ccccc2[n]1,0.008600172
OCCN(CCO)c1ccccc1,4.523746467
c1c2ccccc2cc2ccccc21,-1.36251027
Oc1ccc(Cl)cc1Cc1ccccc1,2.173186268
CC(Oc1ccc(Cl)cc1Cl)C(O)=O,2.544068044
CCOC(=O)c1ccc(O)cc1,2.946943271
O=Cc1cc2OCOc2cc1,3.544068044
c1cccc2[nH]ccc21,3.551449998
Oc1ccccc1O,5.663700925
Clc1cc(Cl)c(Cl)cc1,1.69019608
Oc1ccc(Cl)cc1Cl,3.744292983
Cc1ccc(cc1[N+]([O-])=O)[N+]([O-])=O,2.301029996
COc1cc(C=O)ccc1O,4.041392685
COc1cc(ccc1O)C(O)=O,3.176091259
CCN(CC)CC,4.836324116
CC(=O)Nc1ccc(cc1)S(N)(=O)=O,3.72427587
CN(C)c1ccccc1,3.161368002
[O-][N+](=O)c1cccc(Cl)c1,2.436162647
CCOC(=O)C(CC(=O)OCC)SP(=S)(OC)OC,2.155336037
CCCOC(=O)c1cc(O)c(O)c(O)c1,3.544068044
[O-][N+](=O)N1CN(CN(C1)[N+]([O-])=O)[N+]([O-])=O,1.775974331
OC(=O)c1cc(ccc1)C(O)=O,2.113943352
[O-][N+](=O)c1cc(ccc1)C(O)=O,3.553883027
COC(=O)c1ccc(cc1)OC,2.808210973
COc1[n]c(cc(NS(=O)(=O)c2ccc(N)cc2)[n]1)OC,2.53529412
Cc1cc(ccc1[N+]([O-])=O)OP(=S)(OC)OC,1.579783597
CN(C)C(=O)OC1CC(C)(C)CC(=O)C=1,4.477121255
CCNc1[n]c(Cl)[n]c(NCC)[n]1,0.792391689
c1ccccc1Nc1ccccc1,1.72427587
CC(C)OC(=O)Nc1ccccc1,2.252853031
OC(=O)COc1ccccc1,4.079181246
C(Oc1ccccc1)C1CO1,3.380211242
OC(=O)COc1ccc(Cl)cc1,2.980911938
OCCCc1ccccc1,3.754348336
OCCOc1ccccc1,4.426511261
CCCCC(CCl)CC,2
CCc1ccc(O)cc1,3.69019608
Oc1ccc(C=O)cc1,3.926856709
COc1ccc(C=O)cc1,3.632457292
CCCC(=O)CCC,3.505149978
OC(=O)CCC(=O)OOC(=O)CCC(O)=O,4.522444234
CCOC(=O)CCC(=O)OCC,4.281033367
CCCCCCCCC(=O)OCC,1.469527479
Nc1ccc(O)cc1,4.204119983
Oc1ccc(O)cc1,4.857332496
O=C1C=CC(=O)NN1,3.653887558
CCC=O,5.485721426
CC(C)CCO,4.426511261
CC(=O)CC(C)=O,5.220108088
O=C1CCC(=O)N1,5.292256071
CC1OC(C)OC(C)O1,5.049218023
CCCCCC(=O)OCC,2.798374377
CCCC=O,4.851258349
C/C=C/C=O,5.176091259
C1CCCN1,6
CCCCOC(C)=O,3.924279286
C1COCCO1,6
CC(C)CCOC(C)=O,3.301029996
OC(=O)CCCCCCCC(O)=O,3.380211242
C=CCNCC=C,4.934498451
OC(=O)CCCCC(O)=O,4.488550717
CCCCCCCC(O)=O,2.897077003
NCCCCCCN,6.391640703
CCCCCCCC=C,0.049218023
CCCCCCCC=O,2.748188027
CCCCOCCOCCOC(C)=O,4.491361694
CCCCCCCCC=O,1.982271233
CNC,6.212187604
ClC(Br)Br,3.431363764
FC(Br)C(F)(F)F,3.356025857
C[C@]12C=CC(=O)C=C1CC[C@H]1[C@@H]3C[C@@H](O)[C@](O)(C(=O)CO)[C@@]3(C)C[C@H](O)[C@]21F,1.903089987
CCC1(C(=O)NCNC1=O)c1ccccc1,2.698970004
CC(=O)c1c2OC3=CC(=O)C(C(=O)C3(C)c2c(O)c(C)c1O)C(C)=O,2
COC1=CC(=O)C[C@@H](C)[C@@]21Oc1c(Cl)c(cc(OC)c1C2=O)OC,0.936513742
[O-][N+](=O)C(CO)(CO)CO,6.342422681
C#CC1(CCCCC1)OC(N)=O,3.397940009
CCCCOP(=O)(OCCCC)OCCCC,2.447158031
CCSCCSP(=O)(OCC)OCC,3.301029996
CC(=C)C#N,4.404833717
NC(=O)NO,6
ClC(Cl)=C(Cl)Cl,2.31386722
CC(=O)N(C)C,6
C[C@H](CCC(O)=O)[C@H]1CC[C@H]2[C@H]3[C@H](CC[C@@]21C)[C@@]1(C)CC[C@@H](O)C[C@H]1C[C@@H]3O,1.739967697
COc1c2C(=O)O[C@H]([C@H]3c4c(OC)c5OCOc5cc4CCN3C)c2ccc1OC,2.477121255
Nc1ccc(N)c2c1C(=O)c1ccccc1C2=O,-0.48148606
c1cc2cccc3ccc4cccc1c4c32,-0.869666232
CCCCC1C(=O)N(c2ccccc2)N(c2ccc(O)cc2)C1=O,1.77815125
COC(=O)c1ccccc1C(=O)OC,3.602059991
CCCOC(=O)c1ccccc1C(=O)OCCC,2.033423755
C=CCOC(=O)c1ccccc1C(=O)OCC=C,2.260071388
CN(C)CCc1cc2OCOc2c(OC)c1CC(=O)c1ccc(OC)c(OC)c1C(O)=O,2.892094603
[O-][N+](=O)c1cc(cc(C2CCCCC2)c1O)[N+]([O-])=O,1.176091259
Oc1ccc2ccccc2c1N=O,3
Oc1c2ccccc2ccc1N=O,2.698970004
OC(=O)c1cc([n]c2ccccc21)-c1ccccc1,2.204119983
c1cccc2oc3ccccc3c21,0.491361694
c1cccc2[s]c3ccccc3c21,0.167317335
OC(=O)c1ccccc1C(=O)Nc1cccc2ccccc21,2.301029996
Oc1cc2ccccc2c(O)c1,3.255272505
O=C1C2CC=CCC2C(=O)N1SC(Cl)(Cl)Cl,0.707570176
Nc1cc(O)c(cc1)C(=O)Oc1ccccc1,0.84509804
Cc1c(Cl)c(O)cc(C)c1Cl,2.301029996
NS(=O)(=O)c1cc2c(cc1Cl)NC(NS2(=O)=O)C(Cl)Cl,2.903089987
Nc1cc(Cl)cc(C(O)=O)c1Cl,2.84509804
Nc1cccc2ccccc21,3.230448921
CCc1ccccc1CC,1.851869601
NS(=O)(=O)c1cc2c(cc1C(F)(F)F)NCNS2(=O)=O,2.477121255
Oc1cc2ccccc2cc1,2.877946952
Nc1ccc(cc1)-c1ccc(Cl)cc1,0.670616886
CCC(C)c1ccccc1,1.245512668
CCCCOC(=O)c1ccccc1,1.770852012
CCCCCCc1ccc(O)cc1O,2.698970004
Cc1cc(N)c(C)cc1C,3.176091259
CCC(C)CO,4.472756449
CCN(CC(=O)Nc1c(C)cccc1C)CC,3.612783857
CCCCOC(=O)C(C)O,4.602059991
OC(=O)C1C[C@@H](O)[C@H](O)[C@H](O)C=1,5.176091259
CC1CCC(CC=1)C(C)=C,1.028774527
CC(C)Nc1[n]c(Cl)[n]c(NC(C)C)[n]1,0.934498451
Oc1cc(C=O)ccc1O,3.800029359
CCNC(=O)Nc1[n]cc([s]1)[N+]([O-])=O,2.477121255
OC(=O)/C=C/c1ccccc1,2.746634199
CC(=O)OCc1ccccc1,3.491361694
COc1ccc(CC=C)cc1,2.249931757
CCOC(=O)C=C,4.176091259
CCOC(=O)CCCCC(=O)OCC,3.626340367
CCCCOC(=O)C=C,3.301029996
NCCO,6
C/C(=C\C(=O)N(C)C)/OP(=O)(OC)OC,6
OC(=O)CCI,4.870988814
CCOC(C)=O,4.903089987
CC(C)=CC(C)=O,4.460897843
OC(=O)CC(O)=O,5.882524538
CCc1cc(CC)ccc1,1.380211242
CC(=O)CC(=O)OCC,5.041392685
ClCCCCl,3.439332694
C1CCC=C1,2.728353782
CCCCCC(O)=O,4.012837225
C1CCCCO1,4.904174368
CCCCCCC,0.531478917
CCCNCCC,4.545307116
CCCCCCOC(C)=O,2.707995746
CCCCOCCCC,2.477121255
CCCCCCCCCCCC(O)=O,0.682145076
CCCCCCCCCO,2.146128036
Oc1ccc(cc1)C1(OS(=O)(=O)c2ccccc12)c1ccc(O)cc1,2.886490725
CC(=O)NS(=O)(=O)c1ccc(N)cc1,4.096910013
Cc1[n][n]c(NS(=O)(=O)c2ccc(N)cc2)[s]1,3.021189299
CC(=O)[C@H]1CC[C@H]2[C@@H]3CC=C4C[C@@H](O)CC[C@]4(C)[C@H]3CC[C@@]21C,0.848804701
OC(=O)[C@@H]1CCCN1,5.209515015
Cc1c(cc(cc1C(N)=O)[N+]([O-])=O)[N+]([O-])=O,3
Oc1cccc2ccc[n]c21,2.745074792
OS(=O)(=O)OCCOc1ccc(Cl)cc1Cl,5.397940009
Sc1[n]c2ccccc2[s]1,2.079181246
O[C@H](CO)[C@@H](O)CO,5.785329835
CCCCC(CC)C(O)=O,3.301029996
OC(=O)c1cc(O)c(O)c(O)c1,4.075546961
Nc1ccc(cc1)C(O)=O,3.78604121
CN(C)C(=O)Nc1ccc(Cl)cc1,2.361727836
CCOc1ccc(cc1)NC(N)=O,3.08278537
COc1ccc(O)cc1,4.602059991
FC(F)(F)C(Cl)Br,3.609594409
O=NN(CCCl)C(=O)NCCCl,3.602059991
c1cc2ccc3cccc4c3c2c2c3c4cccc3ccc21,-3.585026652
c1cc2cccc3c2c2c(cccc21)c1ccccc31,-2.200659451
c1ccc2c3c(cccc31)c1cccc3cccc2c31,-3.397940009
C1c2cccc3ccc4cccc1c4c32,0.041392685
c1cc2c(c3ccccc31)-c1cccc3cccc-2c31,-2.602059991
c1c2c3c(cccc3-c3ccccc3-2)c2ccccc21,-2.823908741
c1ccc2c3c(cccc31)-c1ccccc1-2,-0.585026652
c1c2-c3cccc4cccc(c43)-c2cc2ccccc21,-3.096910013
c1ccc2C=Cc3cccc1c32,1.206825876
c1c2c3ccccc3c3ccccc3c2cc2ccccc21,-2.795880017
c1cccc2c1c1ccccc1c1ccccc12,-1.386158178
c1cc2c3ccccc3ccc2c2ccccc21,-2.698970004
c1c2ccc3ccccc3c2cc2c3ccccc3ccc21,-2.987162775
c1[n]c2ccccc2c2ccccc21,2.477121255
C1c2c3ccccc3ccc2-c2ccccc21,-1.342944147
C1c2ccccc2-c2cc3ccccc3cc21,-2.397940009
c1[n][n]cc2ccccc21,4.698970004
c1c2ccccc2[n]c2ccccc21,1.584331224
c1cccc2Oc3ccccc3Oc21,-0.045275209
c1[n][nH]c2ccccc21,2.916980047
c1[n]c2ccccc2o1,3.921166051
C1CN2CCN1CC2,5.653212514
C1CCCC1,2.193124598
c1ccc[n][n]1,6
c1[n]ccc[n]1,6
C1CCCCCC1,1.477121255
C1CCCCCCC1,0.897627091
CCOP(=S)(Oc1c[n]cc[n]1)OCC,3.056904851
COP(=S)(Oc1ccc(cc1)[N+]([O-])=O)OC,1.57634135
CCSCSP(=S)(OCC)OCC,1.698970004
CCSCCOP(=S)(OCC)OCC,1.77815125
CCSCCSP(=S)(OCC)OCC,1.212187604
COc1c2OC(=O)C=Cc2cc2ccoc21,1.677241846
C[C@H](NC)[C@H](O)c1ccccc1,4.803457116
COP(=S)(Oc1cc(Cl)c(Cl)cc1Cl)OC,0
COP(=S)(NC(C)C)Oc1ccc(Cl)cc1Cl,0.698970004
COP(=O)(NC)Oc1ccc(cc1Cl)C(C)(C)C,2.301029996
COP(=O)(OC(Br)C(Cl)(Cl)Br)OC,0.176091259
CC(N)C(O)=O,5.220108088
OC(=O)c1c(O)cccc1O,3.980457892
"ClC1(Cl)[C@@]2(Cl)[C@@H]3[C@@H]4C[C@@H](C=C4)[C@@H]3[C@]1(Cl)C(Cl)=C2Cl |&1:3,5,6,8,11,12|",-1.769551079
CCOP(=O)(Oc1ccc(cc1)[N+]([O-])=O)OCC,3.561101384
CC1NC(=O)N(C(C)CC)C(=O)C=1Br,2.911157609
CN(C)c1c(C)cc(cc1C)OC(=O)NC,2
Oc1[n]c[n]c2[nH][n]cc21,2.755112266
Fc1cc(F)c(F)cc1F,2.800579622
CCP(=S)(Oc1cc(Cl)c(Cl)cc1Cl)OCC,-0.229147988
[O-][N+](=O)c1ccc(cc1O)[N+]([O-])=O,2.58546073
CN(C)C(=O)Nc1cc(Cl)c(Cl)cc1,1.62324929
CON(C)C(=O)Nc1cc(Cl)c(Cl)cc1,1.875061263
Cc1cc([n]c([n]1)C(C)C)OP(=S)(OCC)OCC,1.602059991
CCCCCCCCCC(O)=O,1.790988475
CCCCNC(=O)NS(=O)(=O)c1ccc(N)cc1,2.728353782
Fc1ccccc1CCl,2.619093331
Fc1ccccc1Cl,2.700097705
Fc1ccc(CCl)cc1,2.615950052
Fc1ccc(I)cc1,2.220631019
CCSCC,3.495544338
COc1cc2c(cc1OC)N1[C@H]3[C@@H]4[C@H](CC1=O)OCC=C1CN5CC[C@]23[C@@H]5C[C@@H]14,3.505149978
COc1cc(N)c(Cl)cc1C(=O)NCCN(CC)CC,2.301029996
c1ccc[n]c1-c1cccc[n]1,3.773054693
Fc1ccccc1F,4.056904851
OCCF,6
Fc1cc(F)ccc1,3.056904851
[O-][N+](=O)c1cc(ccc1O)C(F)(F)F,2.812913357
C=COCC(F)(F)F,3.622524862
CC(=O)[C@@]1(O)CC[C@H]2[C@@H]3C[C@H](C)C4=CC(=O)C=C[C@]4(C)[C@@]3(F)[C@@H](O)C[C@]12C,1.477121255
CC(=O)C(C)=O,5.301029996
C[C@]12CC[C@H]3[C@@H](CCC4=CC(=O)CC[C@@]43C)[C@@H]1CC[C@@]2(O)C#C,-0.162790472
C[C@H](CCC(O)=O)[C@H]1CC[C@H]2[C@@H]3CC[C@@H]4C[C@H](O)CC[C@]4(C)[C@H]3CC[C@@]21C,-0.424119684
CN1C(=O)CN=C(c2cc(Cl)ccc12)c1ccccc1,1.698970004
CC(=O)NCc1c(I)c(NC(C)=O)c(I)c(C(O)=O)c1I,3.477121255
OC(=O)c1ccccc1F,3.857332496
[O-][N+](=O)c1ccc(F)cc1O,3.146128036
CCOc1cc2[s]c([n]c2cc1)S(N)(=O)=O,1.602059991
OC(=O)c1cccc(F)c1,3.176091259
OC(=O)c1ccc(F)cc1,3.079181246
Fc1cc(CCl)ccc1,2.616475514
CCC[C@H]1CCCCN1,4.255272505
NC(=N)NC#N,4.615950052
O=C1NCC(=O)N1,4.598790507
Cc1[n]c(N)cc(C)[n]1,3.806179974
Fc1ccccc1,3.187520721
CCOCOCC,4.84509804
CC(C)(C)C,1.521138084
CC(O)C(C)(C)C,4.374748346
"CC1(C)[C@@H]2C[C@@H](O)[C@@]1(C)CC2 |&1:3,5,7|",2.86923172
C[C@@H]1O[C@@H](O[C@H]2CC[C@]3(C)[C@H]4CC[C@]5(C)[C@H](CC[C@]5(O)[C@@H]4CCC3=C2)C2=COC(=O)C=C2)[C@H](O)[C@H](O)[C@H]1O,1.76952502
CC1(C)OC2(C)CCC1CC2,3.544068044
CCOP(=O)(OC(=CCl)c1ccc(Cl)cc1Cl)OCC,2.093421685
Nc1ccc(cc1)S(=O)(=O)c1c[n]c(N)[s]1,2.602059991
C[C@]12CC[C@@H]3c4ccc(O)cc4CC=C3[C@@H]1CCC2=O,0.149219113
COc1c(cc(cc1OC)[C@H]1[C@H]2[C@H](COC2=O)[C@@H](O)c2cc3OCOc3cc21)OC,2
C1Cc2c3c(cc4c5ccccc5ccc24)cccc31,-2.455931956
Nc1cccc2cccc(N)c12,2.929418926
Oc1cc(O)c(cc1)C1Oc2cc(O)cc(O)c2C(=O)C=1O,2.397940009
Cc1cc(C)c(C(O)=O)c(C)c1,2.858837851
CC1C(=O)C=C[C@]2(C)CC[C@@H]3[C@H](OC(=O)[C@H]3C)C2=1,2.301029996
OC(=O)c1ccccc1-c1ccccc1C(O)=O,2
CC(C)=CCc1c2OC(=O)C=Cc2ccc1OC,1.079181246
Oc1[n]c2[n]cc[n]c2c(O)[n]1,3.096910013
OC1[C@@H](O)[C@H](O)C[C@@H](O)[C@@H]1O,5.041392685
OC(=O)c1cc[n]cc1C(O)=O,3.369215857
Oc1cc(C(O)=O)c(O)cc1,3.698970004
C=C(C(O)=O)c1ccccc1,3.113943352
C1CCC[C@H](N1)c1c[n]ccc1,6
OC(=O)CNC(=O)c1ccccc1,3.574031268
Oc1ccccc1/C=N/NC(=O)c1cc[n]cc1,1.698970004
C1CCc2ccccc21,2.037426498
CC(CC(O)=O)C(O)=O,5.823474229
OC(=O)C(CC(O)=O)=CC(O)=O,5.522444234
Cc1ccc(cc1O)C(C)C,3.096910013
OC(=O)c1cc(cc[n]1)C(O)=O,3.396199347
COP(=S)(Oc1cc(Cl)c(cc1)[N+]([O-])=O)OC,1.602059991
OC(=O)CCc1ccccc1,3.770852012
O=C(CCCl)NCc1ccccc1,2
CCCCC(=O)CCCC,2.559547556
OS(=O)(=O)CS(O)(=O)=O,6.390581879
CC(C)CC(O)=O,4.609594409
OC(=O)CCCCCCC(O)=O,4.07371835
OC(=O)CCCCCCCCCCCC(O)=O,3.176091259
ClCCSCCCl,2.835056102
OC(=O)C=CC=CC(O)=O,2.301029996
CC(C)(C)Br,2.77815125
CC(C)(C)Cl,3.459241665
CC(C)(C)CC(=O)OCC(=O)[C@@]1(O)CC[C@H]2[C@@H]3CCC4=CC(=O)CC[C@]4(C)[C@H]3[C@@H](O)C[C@]12C,0.152288344
CCC1(C2CCCCCC=2)C(=O)NC(=O)NC1=O,2.397940009
CCOC(=O)C(O)(c1ccc(Cl)cc1)c1ccc(Cl)cc1,1.113943352
COP(=O)(OC)OC,5.698970004
CC=C(C)C,2.285557309
CC(=C)C(C)=C,2.5132176
CC(O)C(C)O,6
Cc1c[s]c(NS(=O)(=O)c2ccc(N)cc2)[n]1,3.301029996
Cc1cc(NS(=O)(=O)c2ccc(N)cc2)[n]c(C)[n]1,3.208172527
CC(C(O)=O)C(O)=O,5.831869774
C[C@]12CCc3c4ccc(O)cc4ccc3[C@@H]1CCC2=O,0.181843588
CC(=O)C1CCOC1=O,5.301029996
COc1c(cc(cc1OC)[C@H]1[C@@H]2[C@@H](Cc3c(O)c4OCOc4cc31)COC2=O)OC,1.113943352
Oc1cc(O)c(C(=O)c2cc(O)c(O)cc2)c(O)c1,3.698970004
CC(=O)C1C(=O)C=C(C)OC1=O,2.838849091
COC1C=CN(C)C(=O)C=1C#N,3.431363764
Nc1ccc(cc1)S(=O)(=O)Nc1cc[n][n]1-c1ccccc1,3.176091259
Cc1c(C)cccc1C,1.876217841
Cc1cccc(O)c1C,3.659821158
OC[C@@H](O)[C@@H](O)[C@H](O)[C@@H](O)C(O)=O,5.499687083
Cc1cc(C)c(O)c(C)c1,3.079181246
CC(=O)c1ccc(O)c(O)c1O,3.204119983
[O-][N+](=O)c1ccccc1[N+]([O-])=O,2.123851641
OC(=O)c1ccc(cc1C(O)=O)C(O)=O,4.322219295
[O-][N+](=O)c1ccc(cc1[N+]([O-])=O)C(O)=O,3.826074803
Oc1c2ccccc2cc2ccccc21,0.555457217
C=C(c1ccccc1)c1ccccc1,0.819543936
OC(=O)c1ccccc1Nc1cc(ccc1)C(F)(F)F,0.958516103
COc1ccccc1OCC(O)COC(N)=O,3.857332496
CC(=O)Nc1ccccc1Cl,3.829303773
CC(C)CC(=O)N(CC)CC,4.602059991
OC(CI)CI,4.096910013
Cc1ccco1,3.477121255
Cc1cc(cc(c1O)[N+]([O-])=O)[N+]([O-])=O,2.29666519
CC(C)(C)c1[n][n]c(NS(=O)(=O)c2ccc(N)cc2)[s]1,1.754806855
OC(=O)c1cccc(Cl)c1,2.653212514
Cc1cc([n]c(Cl)[n]1)N(C)C,3.973127854
CC(C)c1ccc(cc1)C(O)=O,2.178976947
C#Cc1ccccc1,2.658964843
CCc1cc[n]cc1,5.029383778
CCc1c[n]ccc1,5.568201724
Cc1cccc(c1)NC(C)=O,3.08278537
NC(=O)NCc1ccccc1,4.230448921
CN(C)CCc1ccc(O)cc1,3.84509804
OC(=O)C=Cc1ccco1,3.301029996
CCCCC(=O)OCC,3.343999069
CCOC(=O)NCC(C)C,4.394626764
CCCC(=O)OCCCCC,1.77815125
Fc1ccc(F)cc1,3.086359831
OCCBr,6
CCCCl,3.434568904
ClC=CCl,3.544068044
CC(C)CC(C)(C)C,0.387389826
CC(=O)OC(C)(C)C,3.920801382
CCCC(Cl)Cl,2.700270937
CCCC(N)=O,5.212187604
CC(N)CC(O)=O,6
Clc1cc(Cl)ccc1,2.096910013
CC(C)COC=O,4.008600172
CCCCI,2.306210508
ClC=CCCl,3.447158031
CC(=O)NCC(O)=O,4.419955748
CCCCCC(C)O,3.514547753
CC(C)CCOCCC(C)C,2.301029996
N#CCCCC#N,6
C1C=CC=CC=C1,2.792391689
CCCCCCCCCCCCCC(O)=O,0.029383778
C=C1CCOC1=O,5.176091259
Oc1c(I)cc(c2ccc[n]c12)S(O)(=O)=O,3.301029996
CCOC(=O)C(C1C(=O)Oc2ccccc2C=1O)C1C(=O)Oc2ccccc2C=1O,2.184691431
Cc1ccc(C(C)C)c(O)c1C(O)=O,2
[Cl-].C[N+](C)=C1C=CC(C=C1)=C(c1ccc(cc1)N(C)C)c1ccc(cc1)N(C)C,3.602059991
[O-][N+](=O)c1c(O)ccc2ccccc21,2.301029996
S=C=Nc1cccc2ccccc21,0.665580991
NCCNc1cccc2ccccc21,3.301029996
[O-][N+](=O)c1ccccc1C(O)=O,3.894869657
CC(=O)Nc1ccccc1[N+]([O-])=O,3.346352974
[O-][N+](=O)c1ccccc1C=O,3.365487985
c1c[n]ccc1-c1cc[n]cc1,3.656098202
CCCOc1ccc(cc1N)[N+]([O-])=O,2.133538908
Nc1ccc(Cl)cc1Cl,2.792391689
CC1C=NC(=O)NC=1N,4.537819095
CCC(=O)OC,4.79518459
[O-][N+](=O)c1cccc(O)c1,4.130333768
COc1cc(ccc1)[N+]([O-])=O,2.698970004
[O-][N+](=O)c1ccc(cc1)C=O,3.369215857
CCCCN(C)C(=O)Nc1cc(Cl)c(Cl)cc1,0.681241237
NCC(=O)NCC(=O)NCC(O)=O,4.767155866
OCC1CO1,6
CN=C=S,3.880813592
CCCOC,4.484299839
C=CCOCC=C,4.971229447
BrC(Br)(Br)Br,2.380211242
CS(=O)(=O)F,4.477121255
CN1CC[C@@]23[C@H]4Oc5c2c(C[C@@H]1[C@@H]3C=C[C@@H]4OC(C)=O)ccc5OC(C)=O,2.77815125
CC(C)(CC)CC,0.772321707
CCOP(=S)(OCC)SCSP(=S)(OCC)OCC,0.301029996
CC(C)C=C,2.113943352
CCC(C)=C,2.115277591
CC(C)C(C)=O,4.783903579
CC[C@H](C)C(C)(C)C,0.380211242
CC(C)C(C)CC,0.720159303
CC(CC)C(C)O,4.28780173
CCC(C)C(C)=O,4.320146286
CC(C)[C@@H](O)CC,4.303196057
CCC(=O)C(C)C,4.190051418
CC(C(C)C)C(C)C,0.361727836
CC(C)C(=O)C(C)C,3.755874856
COc1ccc2COC(=O)c2c1OC,3.397940009
OC(=O)c1[nH]c[n]c1C(O)=O,2.698970004
Cc1ccc(C)c2ccccc12,1.056904851
Cc1cccc2c1cccc2C,0.437750563
[O-][N+](=O)c1cccc(c1O)[N+]([O-])=O,3.715167358
Cc1cc2ccccc2c(C)c1,0.903089987
OC(=O)COc1c(Cl)cc(Cl)cc1Cl,2.394101302
Oc1cccc(Cl)c1Cl,3.556302501
Cc1cccc(C)c1O,3.781755375
CC(=O)N(C)c1ccccc1,4.222716471
CCc1cccc(CC)c1N,2.826074803
COc1ccccc1C(O)=O,3.698970004
Oc1cc2ccc[n]c2cc1,3
Cc1cc2ccccc2cc1C,0.298853076
Cc1cc2ccc(C)cc2cc1,0.301029996
Oc1cc2ccc(O)cc2cc1,3
[O-][N+](=O)c1cc2ccccc2cc1,0.965671971
Brc1ccccc1Br,1.872738827
CC1CCCCC1C,0.758407192
Cc1c[n]ccc1C,4.716003344
Cc1ccc[n]c1C,5.414973348
Oc1cc(Cl)ccc1Cl,3.301029996
CCC(O)CC,4.711807229
CC(=C)C(=O)OC(C)(C)C,3
OC(=O)c1cccc(Br)c1,2.604226053
[O-][N+](=O)c1cc(O)cc(c1)[N+]([O-])=O,3.602059991
OC(=O)c1ccc(Br)cc1,1.77815125
COCc1ccc(o1)[N+]([O-])=O,4.041392685
CCCOC(=O)CN1C=C(I)C(=O)C(I)=C1,2.146128036
OC(=O)COc1cc(Cl)c(Cl)cc1,2.6599162
Cc1ccc(CO)cc1,3.887054378
CCC(C)CCC,0.694605199
CCC(C)CCO,3.633468456
CCC(=O)CCC,4.167317335
CCCC(O)CCC,3.672097858
CCCCC(C)CC,-0.101274818
Brc1ccc(I)cc1,0.891537458
CC1CCC(C)CC1,0.584331224
CC1CCC(O)CC1,4.176091259
Cc1c[n]c(C)cc1,5.431363764
CCCCOC(=O)CC,3.176091259
CCCC(C)(C)C,0.643452676
CCCC(C)(C)O,4.51054501
CC1=CCC(=O)O1,4.698970004
Cc1cc(Br)ccc1,1.710117365
Oc1cc(Br)ccc1,4.361727836
CC1CC(=O)CCC1,3.176091259
Nc1cc(O)ccc1,4.431363764
Oc1cc(Cl)cc(Cl)c1,3.730782276
CC1CCCCC=1,1.716003344
Ic1ccccc1,2.531478917
CCCCC(C)C,0.404833717
CCCCC(C)=O,4.235528447
C=CCC=C,2.746634199
CC=CCCl,3
CCCCOC(N)=O,4.411619706
CCCCC=C,1.698970004
C=CCCC=C,2.227886705
CCCCCC=C,1.260071388
CC=CCCCC,1.176091259
CCCCOC=O,3.878406888
CF,4.356025857
C=CBr,3.754348336
CC(C)C(C)(C)O,4.638589083
CC(C)(C)C(C)(C)O,4.342422681
CC(=O)[C@]1(CC[C@H]2[C@@H]3C=C(C)C4=CC(=O)CC[C@]4(C)[C@H]3CC[C@]12C)OC(C)=O,0.301029996
CCC(C)(O)C(C)C,4.214843848
CC(C)(C(O)=O)C(O)=O,4.954242509
CCS(=O)(=O)CC,5.130333768
CCC(O)(CC)CC,4.225309282
CC[C@@](C)(O)CCC,4.075546961
CNC(N)=O,6
COC(C)C,4.812913357
COC(N)=O,5.839478047
CC(C)C(C)O,4.748188027
Cc1c[n]c(NS(=O)(=O)c2ccc(N)cc2)[n]c1,2.602059991
CCC(Cl)[N+]([O-])=O,3.903089987
CC(C)C(O)C(C)C,3.84509804
CCC(C(O)=O)C(O)=O,5.852479994
CC(C)N(N=O)C(C)C,4.113943352
[O-][N+](=O)c1c(O)cccc1O,3.117271296
[O-][N+](=O)c1c2ccccc2cc2ccccc21,-0.943095149
[O-][N+](=O)c1cccc(c1C(O)=O)C(O)=O,4.303196057
CC(C)OC(=O)c1ccccc1C(=O)OC(C)C,2.521138084
Cc1c(cccc1[N+]([O-])=O)[N+]([O-])=O,2.260071388
COc1c(cc(cc1[N+]([O-])=O)[N+]([O-])=O)[N+]([O-])=O,2.301029996
[O-][N+](=O)c1cc2Cc3ccccc3-c2cc1,-0.665546249
Clc1c(Cl)c(Cl)cc(Cl)c1Cl,-0.080398976
Oc1ccc(C(O)=O)c(O)c1O,3
[O-][N+](=O)c1cc(ccc1C(O)=O)[N+]([O-])=O,4.260071388
Cc1cc(c(cc1)[N+]([O-])=O)[N+]([O-])=O,2
Cc1ccccc1CC,1.872738827
O=C1C=CNc2ccccc21,3.681241237
Cc1cc2cc3ccccc3cc2cc1,-1.671620397
Nc1cc2cc3ccccc3cc2cc1,0.113943352
O=C(NC(=O)c1ccccc1)c1ccccc1,3.079181246
OC(=O)COc1ccccc1Cl,3.10720997
CC(=O)Nc1ccccc1O,2.944482672
Cc1[nH]c2ccccc2[n]1,3.161368002
CSc1[n]c2ccccc2[s]1,2.096910013
Clc1ccccc1I,1.837399024
Ic1ccccc1I,1.278524965
Brc1cc(Br)c(Br)cc1,0.690018781
Oc1ccc(Br)cc1Br,3.278753601
CN1C=CC(=O)NC1=O,4.301029996
CCC(Cl)CC,2.39707055
CCC(O)C=C,4.954483717
CN(CC)CC,6
Cc1c[s]cc1,2.602059991
O=C1CCCN1,6
CC(C)C(O)CCC,3.755874856
NCc1ccco1,6
OC(=O)c1cccc(I)c1,2.123851641
Oc1cc(cc(c1)C(O)=O)C(O)=O,2.77815125
Cc1cc(ccc1C)C(O)=O,2.111262514
COC(=O)c1ccc(N)cc1,3.582063363
CN(C)c1ccc(cc1)C(O)=O,1.820070034
CCCN(CCC)N=O,4.113943352
S=C=NCc1ccccc1,2.037426498
Cc1ccc(CC)cc1,1.977266212
Cc1ccc(C=C)cc1,1.949390007
O=Cc1ccc(cc1)C=O,2.301029996
CC[C@H](O)CCC,4.206825876
CCCC(=O)OC,4.176091259
CCCCC(O)CCCC,2.663700925
Ic1ccc(I)cc1,0.146128036
COC(=O)/C=C\C(=O)OC,4.903089987
ICCI,2.230448921
CC(C)(C)CCO,3.878579238
CC(C)CC(C)(C)O,4.134495856
CCCCC(C)(C)O,3.986771734
CCCCCC(C)(C)O,3.397940009
CCCC(C)Cl,2.667452953
COCC(C)C,4.04453976
[O-][N+](=O)CCO,6
CCOC(C)C,4.384532615
CC(C)OC=O,4.314920056
Clc1cc(I)ccc1,1.827369273
Ic1cc(I)ccc1,0.948412966
OC1=CC(=O)NC=C1,3.795880017
Brc1cc(Br)cc(Br)c1,-0.102372909
Nc1cc(Cl)cc(Cl)c1,2.894316063
CN1CCCCC1,5.222716471
CC(C)CCCO,3.880813592
CCCCC(C)O,4.136720567
CCCC[N+]([O-])=O,3.662757832
CCCOC(C)C,3.672097858
CCCOC(N)=O,4.883093359
OCCCBr,5.152288344
CCCC#C,3.195899652
OCCCCl,5.397940009
CC(C)CCC(C)O,3.69019608
CCCCOC,3.954483717
CCOCCC,4.264581729
C1C=CCC=C1,2.84509804
CCCCCOC(C)=O,3.230448921
CCCCCC#C,1.973127854
C1CCCCC=C1,1.819543936
[O-][N+](=O)OCCO[N+]([O-])=O,3.832508913
CCCCCCC[C@H](C)O,2.413299764
CCCCCCCBr,0.822168079
CCCCCCC#C,1.380211242
CCCCCCCCl,1.133538908
CCOCCOCC,4.922725458
CCCCCCCCCCCCCC,-2.657577319
CCCCCCCCCCCCCCCO,-0.988852639
CN(C)C(=O)N(C)C,6
OC(=O)c1ccccc1S(O)(=O)=O,5.698970004
Clc1ccc(Cl)c(Cl)c1Cl,0.772321707
Clc1cc(Cl)c(Cl)c(Cl)c1,0.707570176
Nc1c(Cl)cc(Cl)cc1Cl,1.602059991
Brc1cc(Br)c(Br)cc1Br,-1.397940009
CCC(=O)OC(C)C,3.774443969
Clc1ccc(I)cc1,1.837399024
CCCCCCCCCCCCC(O)=O,1.51851394
NC(=O)CF,6
Cc1ccc(cc1)-c1ccccc1,0.607455023
CN(C)c1[n]c([n]c([n]1)N(C)C)N(C)C,1.959041392
C1OCCO1,6
COc1c[n]c(NS(=O)(=O)c2ccc(N)cc2)[n]c1,2.86332286
Cc1ccc(cc1)S(=O)(=O)NC(=O)NC1CCCCC1,1.264817823
CN(C)P(=O)(N(C)C)N(C)C,6
CN(N=O)C(N)=O,4.158362492
C=CC#C,3.251881455
CC(C)CC=C,1.681241237
CCCCC#C,2.556302501
OC(=O)CCCCCCCCCCC(O)=O,1.602059991
CCCCCCCCC(C)=O,1.88536122
Clc1ccccc1Br,1.652052848
CN1C=CC=CC1=O,6
Cc1c(C)c(C)cc(C)c1C,1.190331698
CCC(=O)Nc1cc(Cl)c(Cl)cc1,2.181843588
Cc1cc(NS(=O)(=O)c2ccc(N)cc2)[n]o1,2.785329835
OC(=O)c1c2ccccc2cc2ccccc21,1.929418926
Cc1oc(NS(=O)(=O)c2ccc(N)cc2)[n]c1C,3.224533063
COP(=S)(OC)SCN1C(=O)c2ccccc2C1=O,1.387389826
COc1c(cc(Cc2c[n]c(N)[n]c2N)cc1OC)OC,2.602059991
CP(=O)(OC)OC,6
CCN(N=O)C(N)=O,4.113943352
CCSC(=O)N(CCC)CCC,2.574031268
CCCC(C)=C,1.892094603
Cc1c2ccccc2cc2ccccc21,-0.583359493
Cc1c2ccccc2c(C)c2ccccc12,-1.251811973
CCOP(=S)(OCC)SCSc1ccc(Cl)cc1,-0.200659451
Clc1ccc(cc1)C(c1ccccc1Cl)C(Cl)(Cl)Cl,-1.070581074
CCOC(=O)CCCC(=O)OCC,3.944975908
C=CC(=O)OCCO,6
C=CCCCO,4.755874856
CCCCCCCC(C)=O,2.56937391
Cc1cc2cc(C)c(C)cc2cc1,0.230448921
COc1ccc(cc1)C=CC(O)=O,2.852479994
Cc1cccc2c3ccccc3ccc21,-0.57024772
CCNc1[n]c(NC(C)C)[n]c([n]1)SC,2.320146286
COCCCNc1[n]c([n]c(NC(C)C)[n]1)SC,2.505149978
OC1N=C(c2cc(Cl)ccc2NC1=O)c1ccccc1Cl,1.903089987
CC(=C)C(=O)OCCO,5
CN1CCCC1=O,6
CCc1ccc[s]1,2.465382851
[O-][N+](=O)c1cc(Cl)c(Cl)c(Cl)c1Cl,0.86332286
[O-][N+](=O)c1cc(ccc1O)-c1ccccc1,0.922725458
CCNc1[n]c(NC(C)(C)C)[n]c([n]1)SC,1.397940009
CCCCN(CCCC)N=O,3.103803721
CC(=O)OCCBr,4.549003262
CCC#CCC,2.747100931
O=NN1CCCC1,6
O=NN1CCCCCC1,4.10720997
Oc1c(Cl)c(Cl)ccc1Cl,2.653212514
CN(Cc1ccccc1)N=O,3.654176542
CCc1cc2ccccc2cc1,0.903632516
CCP(=S)(OCC)Sc1ccccc1,1.195899652
COC1=NN(CSP(=S)(OC)OC)C(=O)S1,2.271841607
O=C(NCN1CCOCC1)c1c[n]cc[n]1,5.522835314
COP(=S)(OC)SCSc1ccc(Cl)cc1,0.204119983
CN(C)C(=O)C(c1ccccc1)c1ccccc1,2.414973348
O=S1OC[C@@H]2[C@H](CO1)[C@]1(Cl)C(Cl)=C(Cl)[C@@]2(Cl)C1(Cl)Cl,-0.292429824
COP(=O)(OC(=CCl)c1cc(Cl)c(Cl)cc1Cl)OC,1.041392685
[O-][N+](=O)c1cc(ccc1Nc1ccccc1)[N+]([O-])=O,1.579783597
CCOc1ccc(NS(=O)(=O)c2ccc(N)cc2)[n][n]1,3.041392685
CC(O)COC(=O)C=C,6
[Cl-].C[N+](C)(C)CCCl,5.998259338
CNc1[n]c([n]c(NC(C)C)[n]1)SC,2.763427994
ClC1(Cl)C2(Cl)C3C4OC4C(Cl)C3C1(Cl)C(Cl)=C2Cl,-0.698970004
Fc1ccccc1Br,2.547282308
Fc1cc(Br)ccc1,2.5774918
CCCCCCc1ccccc1,-0.044793462
CCCCCCOC(=O)c1ccc(O)cc1,1.397940009
CCCCCCCOC(=O)c1ccc(O)cc1,1.301029996
CC(C)(C)C(=O)OCC(=O)[C@@]1(O)CC[C@H]2[C@@H]3CCC4=CC(=O)C=C[C@]4(C)[C@H]3[C@@H](O)C[C@]12C,1.064457989
CC#CCCCC,2.213517757
Oc1cc2CCCCc2cc1,3.176091259
CCc1cccc2ccccc21,1.029383778
Cc1cc(ccc1)OC(O)=NC,3.414973348
Cc1ccc(cc1)S(=O)(=O)NC(=O)NN1CCCCCC1,1.815577748
CC(=O)OCC(=O)[C@@]1(O)[C@H](C)C[C@H]2[C@@H]3CCC4=CC(=O)C=C[C@]4(C)[C@@]3(F)[C@@H](O)C[C@]12C,0.737987326
CCC(C)(C)CO,3.880813592
N#Cc1c(Cl)cccc1Cl,1.164352856
NCC1CCC(CC1)C(O)=O,5.2219356
Cc1cc(C)[n]c2ccccc12,3.254064453
CP(=O)(OC(C)C)OC(C)C,3.176091259
CCCCCCCCCCCCCCCCCO,-2.096910013
CC1CN(CC(C)O1)N=O,5.093421685
C1OC1C1CO1,6
CC(=O)Oc1ccc(Br)cc1C(O)=O,2.823930455
CC1(C)Cc2cccc(OC(=O)NC)c2O1,2.505149978
COc1ccc(cc1)NC(N)=O,3.628899564
COc1cc(c(O)cc1)[N+]([O-])=O,2.387389826
Cc1cc(Cl)ccc1O,3.602059991
CCCN(CCC)c1c(cc(cc1[N+]([O-])=O)C(F)(F)F)[N+]([O-])=O,-0.735182177
CN(C)NC(=O)CCC(O)=O,5
COc1[n]c(NC(C)C)[n]c(NC(C)C)[n]1,2.875061263
COC(C)(C)C,4.707570176
CNC(=O)O/N=C/C(C)(C)S(C)(=O)=O,4
CCCCCCCCCC(C)O,2.294466226
Cc1c[n]c2c3[n]cc(C)c(C)c3ccc2c1C,0.179551791
CN(C)CC/C=C1\c2ccccc2COc2ccccc2\1,1.499274582
CCC1CCCCC1,0.799340549
Oc1ccc(cc1)/N=N/c1ccccc1,1.954242509
N#Cc1cc(Br)c(O)c(Br)c1,2.113943352
NC1C=NN(C(=O)C=1Cl)c1ccccc1,2.602059991
OC(=O)c1[n]c(Cl)ccc1Cl,3.894869657
Cc1cc2c3ccccc3ccc2c2ccccc21,-1.187086643
Cc1cccc2c1Cc1ccccc-21,0.037426498
CCCCCCCCC(=O)OC,1.359835482
C1CCc2ccc3CCCc4ccc1c2c34,-0.639974911
Clc1cc2Oc3cc(Cl)c(Cl)cc3Oc2cc1Cl,-3.698970004
CN(OC)C(=O)Nc1ccc(Cl)cc1,2.968482949
Clc1cccc2c1cccc2Cl,-0.42136079
Clc1ccc(Cl)c2ccccc12,-0.062983893
CCN(CC)C(=O)CSc1ccc(Cl)[n][n]1,3.698970004
[O-][N+](=O)c1ccc(cc1)Oc1ccc(Cl)cc1Cl,0
[O-][N+](=O)c1ccc(cc1)Oc1c(Cl)cc(Cl)cc1Cl,-0.116906641
COC(=O)c1c(Cl)c(Cl)c(c(Cl)c1Cl)C(=O)OC,-0.301029996
CCCCN(CC)c1c(cc(cc1[N+]([O-])=O)C(F)(F)F)[N+]([O-])=O,-1
Nc1[n]c[n]c2c1[n]c[n]2[C@]1(CO)O[C@H](CO)[C@@H](O)[C@H]1O,3.903089987
N#Cc1c(Cl)c(Cl)c(Cl)c(C#N)c1Cl,-0.091514981
Cc1cc(ccc1)S(N)(=O)=O,3.892651034
CCNc1[n]c(Cl)[n]c(NC(C)C)[n]1,1.540329475
CC(C)Nc1[n]c([n]c(Cl)[n]1)N(CC)CC,1.602059991
CCNc1[n]c([n]c(Cl)[n]1)N(CC)CC,1.301029996
COc1c(C(O)=O)c(Cl)ccc1Cl,3.919601024
Nc1c(Cl)c([n]c(Cl)c1Cl)C(O)=O,2.633468456
NC(=S)c1c(Cl)cccc1Cl,2.977723605
CC(C)N(C(=O)CCl)c1ccccc1,2.763427994
Clc1cccc([n]1)C(Cl)(Cl)Cl,1.857332496
CC(C#C)OC(=O)Nc1cccc(Cl)c1,2.73239376
CN(C)C(=O)Nc1ccc(cc1)Oc1ccc(Cl)cc1,0.568201724
CC1CCCCC1NC(=O)Nc1ccccc1,1.255272505
NC(=O)c1c(Cl)cccc1Cl,3.436162647
NC1=NC(=O)NC=C1F,4.176091259
CC(C)c1cc2ccccc2cc1,-0.066512712
Cc1cc(ccc1N(C)C)OC(=O)NC,2.961421094
CNC(=O)Oc1cc(C)c(SC)c(C)c1,1.431363764
CCC(C)(C)c1ccccc1,1.021189299
CCOC(=O)CCCCCC(=O)OCC,3.294245716
CCOC(=O)CCCCCCC(=O)OCC,2.831869774
Clc1cc(ccc1)-c1cc(Cl)ccc1,-0.449771647
Clc1ccc(cc1)-c1ccc(Cl)cc1,-1.207608311
Clc1cccc2cccc(Cl)c12,-0.501689446
Clc1cc2ccccc2cc1Cl,-1.061980903
Clc1c(-c2c(Cl)c(Cl)c(Cl)c(Cl)c2Cl)c(Cl)c(Cl)c(Cl)c1Cl,-5.129011186
Clc1ccccc1-c1ccccc1,0.683947131
Clc1cc(ccc1)-c1ccccc1,0.559906625
Clc1ccc(cc1)-c1ccccc1,0.127104798
CCOP(=S)(Oc1ccc(cc1)[N+]([O-])=O)c1ccccc1,0.492760389
COP(=S)(Oc1cc(Cl)c(Br)cc1Cl)OC,-0.522878745
Cc1ccc(C)c2cccc(C)c12,0.322219295
S=C=Nc1cccc(Br)c1,1.245512668
Clc1cc(Cl)c(Cl)c(-c2c(Cl)c(Cl)cc(Cl)c2Cl)c1Cl,-3.832682665
C[C@H]1C[C@H]2[C@@H]3CCC4=CC(=O)C=C[C@]4(C)[C@@]3(F)[C@@H](O)C[C@]2(C)[C@@]1(OC(=O)CCCC)C(=O)CO,0.968015714
CN(C)C(=O)Nc1cc(ccc1)C(F)(F)F,2.041392685
CCCCCCCCc1ccccc1,-1.180456064
Clc1cc2cc(Cl)ccc2cc1,-0.627087997
CCSC(=O)N1CCCCCC1,2.986771734
CCCC1(CCC)C(=O)NC(=O)NC1=O,2.77815125
Clc1c2c(c(Cl)c(Cl)c1Cl)c(Cl)c(Cl)c(Cl)c2Cl,-4.096910013
CCC(N)Cc1c[nH]c2ccccc21,2.707570176
CCCCCCCCC#N,1.84509804
Nc1cccc2c1cccc2N,2.579783597
CC(C)NC(=O)CSP(=S)(OCC)OCC,3.397940009
Cc1cc(ccc1)Oc1ccc(cc1)[N+]([O-])=O,0.698970004
Cc1ccc(cc1Cl)NC(=O)C(C)CCC,0.929418926
CCOP(=S)(OCC)SCN1C(=O)Oc2cc(Cl)ccc12,0.484299839
CC(C)(C)c1ccc(cc1)OC1CCCCC1OS(=O)OCC#C,-0.66756154
CCCCOC(=O)C1(O)c2ccccc2-c2ccccc12,1.562292864
C[C@]12CC[C@H]3[C@@H](CC[C@H]4C[C@@H]5S[C@@H]5C[C@@]43C)[C@@H]1CC[C@@H]2O,0.079181246
Fc1cc(F)c(F)c(F)c1,2.870579461
CCCC(C)(C)CO,3.626134979
Cc1cc2cc3ccc4ccccc4c3cc2cc1,-1.431798276
C#CCCCC#C,3.217483944
C#CCCCCCC#C,2.096910013
Cc1ccc(C)c(O)c1C,3.198657087
Cc1cc(ccc1C)OC(=O)NC,2.763427994
CCCCOCC1CO1,4.301029996
CC(C)CCCCCCO,2.663700925
Clc1cc(Cl)c(cc1)-c1ccc(Cl)cc1Cl,-1.266802735
COP(=S)(Oc1ccc(cc1Cl)[N+]([O-])=O)OC,1.167317335
OC(=O)C1(O)c2cc(Cl)ccc2-c2ccccc12,1.338456494
CC(=O)Oc1c(cc(c(C)c1[N+]([O-])=O)[N+]([O-])=O)C(C)(C)C,1
CCS(=O)(=O)CCSP(=S)(OCC)OCC,2.945960704
CCS(=O)CCSP(=S)(OCC)OCC,3.602059991
Cc1cccc2ccc3cc4ccccc4cc3c21,-1.259637311
[O-][N+](=O)c1ccc(Cl)cc1C(O)=O,3.985426474
CCCCOP(=O)(Oc1ccccc1)OCCCC,1.982271233
Cc1cc2ccc3ccccc3c2cc1,-0.552841969
Cc1c2ccccc2cc2c1ccc1ccccc12,-1.958607315
Cc1cc(O)ccc1[N+]([O-])=O,3.074816441
CCS(=O)CSP(=O)(OCC)OCC,2.903089987
CCOC(=O)C(SP(=S)(OC)OC)c1ccccc1,1.041392685
CC(=O)Oc1ccc(cc1)NC(C)=O,3.378397901
Cc1cc(cc(c1)OC(=O)NC)C(C)C,1.963787827
CNC(=O)Oc1ccccc1C(C)C,2.602059991
COP(=S)(Oc1ccc(cc1)C#N)OC,1.662757832
CCOP(=S)(OCC)SCN1N=Nc2ccccc2C1=O,1.021189299
Nc1cc2c3ccccc3ccc2c2ccccc21,-0.809668302
CNC(=O)Oc1cc(C)cc(C)c1,2.672097858
COc1cc(Cl)c(cc1Cl)OC,0.903089987
CCCCCCCCCCCCN1CCCC1=O,0.733999287
COC1=COC(CSP(=O)(OC)OC)=CC1=O,6.176091259
C[C@@H]1CN[C@@H](C)CN1,5.544068044
Cc1cc(/N=N/c2ccc(cc2)NC(C)=O)c(O)cc1,0.071882007
OC(=O)CCCCCCCCCCBr,1.724603515
COc1cc(N)c2c(C(=O)c3ccccc3C2=O)c1N,-0.316952962
CCN(CCO)c1ccc(cc1)N=Nc1ccc(cc1)[N+]([O-])=O,-0.795880017
CCOP(=S)(Oc1[n]c(Cl)c(Cl)cc1Cl)OCC,0.049218023
Clc1ccc(cc1Cl)-c1ccccc1,-1.041436117
OC(=O)COc1cccc(Cl)c1Cl,2.534787359
[O-][N+](=O)c1cc(ccc1O)C=O,2.271841607
CN(OC)C(=O)Nc1ccc(Br)cc1,2.51851394
C=CCCCC=C,1.643452676
CC1CC(C)(C)CCC1,0.247973266
Cc1ccc(cc1)N(CCO)CCO,4.380211242
CC(C)(C)CCCO,3.525044807
Oc1ccccc1C(=O)N1CCOCC1,3.612783857
Clc1c2Oc3c(Oc2c(Cl)c(Cl)c1Cl)c(Cl)c(Cl)c(Cl)c3Cl,-6.397940009
OCC(CBr)(CBr)CO,4.579783597
COC(=O)NS(=O)(=O)c1ccc(N)cc1,3.698970004
Oc1cc(Cl)ccc1Oc1ccc(Cl)cc1Cl,1
COP(=S)(Oc1ccc(cc1)Sc1ccc(cc1)OP(=S)(OC)OC)OC,-0.568636236
CCCCCCCC#C,0.853698212
Clc1c2[n]cc[n]c2c(Cl)c(Cl)c1Cl,0
CC(C)CCC(C)(C)C,0.06069784
Cc1cc(ccc1SC)OC(=O)NC,1.380211242
[O-][N+](=O)c1ccc(cc1)Oc1ccc(CN(CCO)C(=O)C(Cl)Cl)cc1,0.477121255
Cc1cc2ccccc2c2ccc3ccccc3c21,-1.207608311
Cc1c2c3ccccc3ccc2c2ccccc2c1C,-1.602059991
CC=CC(O)=O,4.934498451
CC(C)(C#N)NC(=O)CSP(=O)(OCC)OCC,4.84509804
CN(C(C)C#C)C(=O)Nc1ccc(Cl)cc1,1.477121255
CCC(C)c1ccccc1OC(=O)NC,2.62324929
Cc1cc(ccc1N=Nc1ccc(cc1Cl)[N+]([O-])=O)N(CCO)CCO,-0.991399828
Cc1[n]c(cc(NS(=O)(=O)c2ccc(N)cc2)[n]1)OC,2.925827575
COP1(=S)OCc2ccccc2O1,1.763427994
CCC(O)C(C)(C)C,3.913813852
OC(=O)COc1c(Cl)c(Cl)ccc1Cl,2.787602146
COc1cc(O)c(cc1S(O)(=O)=O)C(=O)c1ccccc1,5.397940009
CCSc1[n]c(NC(C)C)[n]c(NC(C)C)[n]1,1.204119983
CCCCCCCI,0.544068044
CC1CC(C)(C)CC1,0.571708832
CCCCN(CC)N=O,4.079181246
CC1(C)[C@H]2C[C@](C)(CC2)C1=O,3.331832044
CS(=O)(=O)c1cc(c(c(c1)[N+]([O-])=O)N(CCC)CCC)[N+]([O-])=O,-0.22184875
[O-][N+](=O)c1c(Cl)cccc1C(O)=O,2.672097858
OCc1cccc2ccccc21,3.45484486
CC=CC#N,4.397940009
CCCC(O)C=C,4.401400541
CCOP(=S)(Oc1cc(Cl)c(Br)cc1Cl)OCC,-0.356547324
Cc1cccc(O)c1[N+]([O-])=O,3.545059585
CC(=O)Nc1ccc(cc1)OC(=O)c1ccccc1OC(C)=O,1.301029996
CC(C(O)=O)c1cc(F)c(cc1)-c1ccccc1,0.903089987
[O-][N+](=O)c1cc(ccc1Nc1ccccc1)S(=O)(=O)Nc1ccccc1,-0.701146924
CCOP(=S)(OCC)N1C(=O)c2ccccc2C1=O,2.123851641
C=CCCBr,2.883093359
Cc1[n]c([n]c(O)c1CCCC)N(C)C,3.079181246
CC1OCCSC=1C(=O)Nc1ccccc1,2.167317335
CC1OCCS(=O)(=O)C=1C(=O)Nc1ccccc1,3.146128036
CC(C)=CCCC(C)=CC=O,3.127104798
CCCCC(C)(O)CC,3.379124146
COP(=S)(Oc1[n]c(Cl)c(Cl)cc1Cl)OC,0.677606953
CCOC1CC1,4.294466226
CCS(=O)CSP(=S)(OC(C)C)OC(C)C,3.176091259
CC(C)OC(=O)C(O)(c1ccc(Cl)cc1)c1ccc(Cl)cc1,0.176091259
OC1=C(C2CCCc3ccccc32)C(=O)Oc2ccccc21,0.602059991
CC1NC(=O)N(C(=O)C=1Cl)C(C)(C)C,2.851258349
CCNc1[n]c(Cl)[n]c(NC(C)(C)C)[n]1,0.929418926
CCCC(C)O,4.649334859
Cc1cc(Cl)ccc1N=CN(C)C,2.431363764
CC(C)Nc1[n]c(N)[n]c(Cl)[n]1,3.505149978
C/C(/Cl)=C/C(O)=O,4.475671188
[O-][N+](=O)c1ccc(C=NO)o1,3
CNC[C@H](O)[C@@H](O)[C@H](O)[C@H](O)CO,5.698970004
CCNc1[n]c(NCC(=O)OCC)[n]c(Cl)[n]1,2.477121255
N#CCCN(CCO)c1ccc(cc1)N=Nc1ccc(cc1Cl)[N+]([O-])=O,-0.557520231
CCC(C)OC,4.214578954
OC(=O)C(O)CC(O)=O,6
C/C(=C\C(=O)NC)/OP(=O)(OC)OC,6
CNC(=O)Oc1ccccc1C1OCCO1,3.77815125
Clc1ccc(cc1)Oc1ccccc1,0.51851394
Clc1cc(Cl)ccc1-c1ccc(Cl)cc1,-0.568636236
CCCCN(C)N=O,4.365487985
Cc1cc(O)c(cc1Cl)[N+]([O-])=O,0.883093359
COC(=O)c1cc(Cl)cc(N)c1Cl,2.079181246
CSc1[n]c(NC(C)C)[n]c(NC(C)C)[n]1,1.51851394
CCCC(C)(C)C(=O)Nc1ccc(Cl)cc1,1.357934847
CSc1ccc(cc1)OP(=O)(OCCC)OCCC,2.096910013
CC(Cl)C(C)Cl,2.749736316
CC(C)=CC1C(C(=O)OCN2C(=O)C3CCCCC=3C2=O)C1(C)C,0.26245109
C/C(=C\C(=O)OC(C)c1ccccc1)/OP(=O)(OC)OC,3
O=C1C(c2ccc3ccccc3[n]2)C(=O)c2ccccc12,-0.772113295
CC1=CC(=O)NO1,4.929418926
COP(N)(=O)SC,6
CCOP(=S)(OCC)SC(CCl)N1C(=O)c2ccccc2C1=O,-0.744727495
Nc1cc(ccc1Br)[N+]([O-])=O,1.77815125
CC(C)(C)S(=O)CSP(=S)(OCC)OCC,3.041392685
CCN(C)N=O,5.477121255
COC(=O)Nc1[nH]c2ccccc2[n]1,1.462397998
COc1ccc(cc1)C(O)(C1CC1)c1c[n]c[n]c1,2.812913357
Clc1ccccc1-c1ccccc1Cl,0.267171728
CCOP(=S)(Oc1ccc(cc1)C#N)c1ccccc1,-0.22184875
CC(C)(C)SCSP(=S)(OCC)OCC,0.705007959
CCOP(=O)(SCCC)SCCC,2.875061263
CON(C)C(=O)Nc1ccc(Br)c(Cl)c1,1.544068044
CC1(C)Cc2cccc(c2O1)[N+]([O-])=O,2.079181246
CC1COCC1,5.025305865
CCOP(=S)(Oc1c[n]c2ccccc2[n]1)OCC,1.342422681
O=P(OC(CCl)CCl)(OC(CCl)CCl)OC(CCl)CCl,0.84509804
CCOC(=O)Nc1cccc(c1)OC(=O)Nc1ccccc1,0.84509804
Cc1cc(ccc1)NC(=O)Oc1cc(ccc1)NC(=O)OC,0.672097858
C[C@]12CC[C@H]3[C@@H](C=C(Cl)C4=CC(=O)C=C[C@@]43C)[C@@H]1CC[C@]2(OC(C)=O)C(C)=O,0.6599162
FC(F)OC(F)(F)C(F)Cl,3.749736316
CCC(C)N,5.049218023
CN1c2ccccc2Sc2ccc(CC(O)=O)cc12,1.491361694
CC(C)[C@@H]1CC[C@@H](C)CC1=O,2.69609416
C1COc2ccccc2OCCOCCOc2ccccc2OCCO1,0.86332286
CCCC(CO)(CC)CC,2.737987326
COc1ccc(cc1)Oc1ccc(cc1)NC(=O)N(C)C,1.301029996
CS(=O)(=O)c1ccc(cc1)OP(=S)(OCC)OCC,1.930949031
Cc1cccc(C)c1NC(=O)c1cc(c(Cl)cc1O)S(N)(=O)=O,1.763427994
CN1CC[C@@]23[C@H]4C=C[C@H](O)[C@@H]2Oc2c3c(C[C@@H]14)ccc2OCc1ccccc1,2.602059991
CCCCCCCOC(=O)c1ccc(N)cc1,0.771587481
CCCCCCCCOC(=O)c1ccc(N)cc1,-0.003050752
COC(=O)C(Cl)Cc1ccc(Cl)cc1,1.602059991
Cc1ccccc1Oc1ccc[n][n]1,3.301029996
CCOP(=S)(O/N=C(\C#N)/c1ccccc1)OCC,0.612783857
OCc1c(Cl)cccc1Cl,3.146128036
CC(Oc1cccc2ccccc21)C(=O)N(CC)CC,1.86332286
O=C(Nc1ccccc1)c1ccccc1I,1.301029996
[O-][N+](=O)c1ccc(cc1)Oc1ccc(cc1[N+]([O-])=O)C(F)(F)F,0.301029996
Cc1ccc(cc1Cl)NC(=O)N(C)C,1.84509804
Clc1cc(-c2ccccc2)c(Cl)cc1Cl,-0.787812396
CC(C)(CCC)CCCC,0.342422681
OC[C@@H](O)[C@H]1O[C@@H]2O[C@@H](O[C@@H]2[C@H]1O)C(Cl)(Cl)Cl,3.64738297
Clc1cccc(Cl)c1-c1c(Cl)cccc1Cl,-1.924453039
COCN(C(=O)CCl)c1c(CC)cccc1CC,2.380211242
OC(=O)C(Cl)CC(O)=O,5.260071388
CCNC(=O)C(C)OC(=O)Nc1ccccc1,3.544068044
Clc1cccc(-c2ccccc2)c1Cl,-0.001304842
Clc1ccc(Cl)cc1-c1ccc(Cl)cc1,-0.844663963
CC(=NOC(=O)NC)SC,4.763427994
CCOP(=O)(Sc1ccccc1)Sc1ccccc1,1.748188027
CC(C)OC(C)(C)C,2.698970004
Cc1ccccc1N1C(C)Nc2cc(Cl)c(cc2C1=O)S(N)(=O)=O,1.780317312
[O-][N+](=O)c1ccc(Cl)c(Cl)c1Cl,1.414973348
CCCCNC(=O)[n]1c(NC(=O)OC)[n]c2ccccc12,0.579783597
COP(=S)(Oc1cc(Cl)c(I)cc1Cl)OC,-1
CC(C)OC(=O)C(O)(c1ccc(Br)cc1)c1ccc(Br)cc1,-1
CC(C)(C)NCC(O)c1ccc(O)c(CO)c1,4.149219113
CNC(=O)N(C)c1[n]c2ccccc2[s]1,1.770852012
[O-][N+](=O)c1c(Cl)cc(Cl)cc1Cl,0.795880017
CCCN(CCC)c1c(cc(cc1[N+]([O-])=O)S(N)(=O)=O)[N+]([O-])=O,0.397940009
CC(CC)C(O)C(C)CC,2.648360011
CC(C)Oc1cc(c(Cl)cc1Cl)N1N=C(OC1=O)C(C)(C)C,-0.15490196
COc1ccc(cc1Cl)NC(=O)N(C)C,2.831229694
Clc1c2ccccc2c(Cl)c(Cl)c1Cl,-2.370590401
C=C(CC(Cl)(Cl)Cl)c1ccccc1,1.089905111
CSC1=NN=C(C(=O)N1N)C(C)(C)C,3.021189299
COP(=S)(Oc1cc(Cl)c(Br)cc1Cl)c1ccccc1,-1.522878745
CCNc1[n]c(Cl)[n]c(NC(C)(C)C#N)[n]1,2.230448921
CC(C(O)=O)c1cc(ccc1)C(=O)c1ccccc1,1.707570176
COc1cc2ccc(cc2cc1)[C@H](C)C(O)=O,1.201397124
CCOC(=O)C(C)N(c1cc(Cl)c(Cl)cc1)C(=O)c1ccccc1,1.301029996
Cc1cc(ccc1SC)OP(=O)(NC(C)C)OCC,2.517195898
CNC(=O)Oc1cc(ccc1)N=CN(C)C,3
CNC(=O)Oc1cccc2OC(C)(C)Oc21,2.414973348
CC(=O)O[C@@H]1[C@@H](O)CN[C@@H]1Cc1ccc(cc1)OC,3.8162413
CC(C)C(C)Nc1[n]c(NCC)[n]c([n]1)SC,1.698970004
[O-][N+](=O)c1[n]cc[n]1CC(=O)NCc1ccccc1,2.602059991
Cc1[n]c([n]c(OC(=O)N(C)C)c1C)N(C)C,3.431363764
CNC(=O)ON=C(SC)C(=O)N(C)C,5.447158031
CCCCOCN(C(=O)CCl)c1c(CC)cccc1CC,1.301029996
Cc1cc([n]c([n]1)N(CC)CC)OP(=S)(OCC)OCC,0.598790507
COP(=O)(OC1C2CC=CC2C=1Cl)OC,3.397940009
Oc1[n]cc(C(O)=O)c(O)[n]1,3.255272505
Cc1[n]c(NCC)[n]c(O)c1CCCC,2.176091259
CC(C)(C#C)NC(=O)c1cc(Cl)cc(Cl)c1,1.176091259
CCOP(=S)(Oc1[n][n](c[n]1)-c1ccccc1)OCC,1.591064607
CC1CCCCN1C(=O)CSP(=S)(OCCC)OCCC,1.397940009
CC1OCCCC=1C(=O)Nc1ccccc1,2.77815125
Cc1occc1C(=O)Nc1ccccc1,2
CC(C)N1C(=O)c2ccccc2NS1(=O)=O,2.698970004
CCOP(=S)(NC(C)C)Oc1ccccc1C(=O)OC(C)C,1.344392274
CNC(=O)N(C)c1[n][n]c([s]1)C(F)(F)F,3.322219295
Clc1cc(ccc1)-c1ccccc1Cl,-0.236572006
CC(C)OP(=O)(OC(C)C)SCc1ccccc1,2.602059991
CCOC1Oc2ccc(cc2C1(C)C)OS(C)(=O)=O,1.698970004
COc1[n]c(NCC)[n]c(NC(C)CC)[n]1,2.792391689
CCCN(CC1CC1)c1c(cc(cc1[N+]([O-])=O)C(F)(F)F)[N+]([O-])=O,-1
FC(F)OC(Cl)C(F)(F)F,3.650307523
O=C1OCc2c1c(Cl)c(Cl)c(Cl)c2Cl,0.397940009
O=C1C(NC(=O)C(Cl)Cl)=C(Cl)C(=O)c2ccccc12,0.477121255
CCN(CC)C(=O)SCc1ccc(Cl)cc1,1.447158031
CCN(CC)c1c(cc(c(N)c1[N+]([O-])=O)C(F)(F)F)[N+]([O-])=O,0.041392685
CCCN(CCC)c1c(cc(c(N)c1[N+]([O-])=O)C(F)(F)F)[N+]([O-])=O,-1.886056648
Cc1cc([n]c([n]1)N(CC)CC)OP(=S)(OC)OC,0.934498451
CCSCc1ccccc1OC(=O)NC,3.260071388
CCS(=O)(=O)c1[n][n]c([s]1)N(C)C(=O)NC,3.477121255
OCCOCCOC(=O)c1ccccc1Nc1cc(ccc1)C(F)(F)F,0.204119983
COP(=O)(NC(C)=O)SC,5.912753304
Clc1c2Oc3ccccc3Oc2c(Cl)c(Cl)c1Cl,-3.200659451
Clc1ccc(cc1Cl)-c1cc(Cl)c(Cl)cc1Cl,-1.872895202
Clc1cc(Cl)c(cc1)-c1cc(Cl)c(Cl)cc1,-1.434152181
Clc1cc(-c2cc(Cl)c(Cl)cc2)c(Cl)cc1,-1.387216143
Clc1ccc(cc1Cl)-c1cc(Cl)c(Cl)cc1,-3.244887734
Clc1ccc(cc1)-c1cc(Cl)c(Cl)cc1Cl,-2.304518324
Clc1cc(cc(Cl)c1Cl)-c1cc(Cl)c(Cl)c(Cl)c1,-3.292429824
CC12CC1(C)C(=O)N(c1cc(Cl)cc(Cl)c1)C2=O,0.653212514
COc1cc(ccc1[N+]([O-])=O)Oc1ccc(Cl)cc1Cl,-0.522878745
Clc1ccc(cc1)-c1ccc(Cl)c(Cl)c1Cl,-1.410050399
CC(=O)Nc1ccccc1CC,3.622214023
Clc1cccc(Cl)c1-c1ccccc1,0.382017043
CCCN(CCCl)c1c(cc(cc1[N+]([O-])=O)C(F)(F)F)[N+]([O-])=O,-0.045757491
Clc1cc(Cl)c(cc1)-c1ccccc1,0.06069784
Clc1cc(-c2ccccc2)c(Cl)c(Cl)c1Cl,-1.853871964
CCC(C)Nc1c(cc(cc1[N+]([O-])=O)C(C)(C)C)[N+]([O-])=O,0
CCNc1[n]c(NC(C)(C)C)[n]c([n]1)OC,2.113943352
CC(C)c1cc(c(c(c1)[N+]([O-])=O)N(CCC)CCC)[N+]([O-])=O,-0.958607315
Clc1cc(Cl)c(-c2c(Cl)cc(Cl)cc2Cl)c(Cl)c1,-3.389339837
CNC(=O)N(C)c1[n][n]c([s]1)C(C)(C)C,3.397940009
CN(C)C(=O)Nc1ccc(cc1)C(C)C,1.812913357
C=CC(=O)Oc1c(Br)cc(Cl)c2ccc[n]c21,0.77815125
Clc1cc(-c2ccccc2)c(Cl)cc1,0.049218023
Clc1ccc(cc1)-c1ccccc1Cl,0.068185862
Clc1cc(Cl)c(Cl)cc1-c1cc(Cl)c(Cl)cc1Cl,-3.022276395
Clc1ccc(-c2cc(Cl)c(Cl)cc2Cl)c(Cl)c1Cl,-2.823908741
O=C(Nc1ccc(Cl)cc1)NC(=O)c1c(F)cccc1F,-1.096910013
Clc1cc(Cl)c(-c2ccccc2)c(Cl)c1,-0.598599459
Clc1cc(-c2cc(Cl)ccc2Cl)c(Cl)cc1,-1.815308569
Clc1cc(Cl)c(cc1)-c1cc(Cl)c(Cl)c(Cl)c1Cl,-2.962573502
Clc1cc2Oc3c(Oc2c(Cl)c1Cl)c(Cl)c(Cl)c(Cl)c3Cl,-5.619788758
OC(=O)CCC(=O)c1ccc(cc1)-c1ccccc1,0.344392274
Cc1ccc(c(c1)OP(=S)(NC(C)CC)OCC)[N+]([O-])=O,0.791690649
CCOP(=O)(Oc1ccc(Cl)cc1Cl)Oc1ccc(Cl)cc1Cl,-0.15490196
CCC#CC(C)C,2.238297068
CC(C)SCCSP(=S)(OC)OC,1.986771734
CCCCCCCCCCCCCCCCO,-1.385102784
CC(CC)N(C(C)CC)C(=O)SCc1ccccc1,0.397940009
CCCCCCCCCOC(=O)c1ccc(N)cc1,-0.579384229
Clc1cc(-c2ccccc2Cl)c(Cl)cc1,-0.397940009
Clc1cc(Cl)c(cc1)-c1ccccc1Cl,-1.079354999
Clc1cc(-c2cc(Cl)c(Cl)cc2Cl)c(Cl)cc1,-1.812479279
C=CCN(CC=C)C(=O)C(Cl)Cl,3.698970004
CC1/C(=C/c2ccc(cc2)S(C)=O)/c2ccc(F)cc2C=1CC(O)=O,3.477121255
Nc1[n]c(cc(N)[n+]1[O-])N1CCCCC1,3.342422681
Clc1cc(-c2c(Cl)c(Cl)ccc2Cl)c(Cl)cc1,-1.675717545
Clc1cc(Cl)c(cc1)-c1cc(Cl)c(Cl)cc1Cl,-2.436518915
Clc1cc(-c2ccc(Cl)c(Cl)c2Cl)c(Cl)cc1,-1.53165267
Clc1c(-c2cc(Cl)c(Cl)cc2)c(Cl)ccc1Cl,-2.136082623
Clc1ccc(Cl)c(-c2cc(Cl)c(Cl)cc2Cl)c1Cl,-2.372634143
Clc1ccc(-c2ccc(Cl)c(Cl)c2Cl)c(Cl)c1Cl,-3.455931956
Clc1ccc(Cl)c(Cl)c1-c1c(Cl)c(Cl)ccc1Cl,-2.345823458
Clc1ccccc1-c1c(Cl)cccc1Cl,-0.48945499
Clc1ccc(cc1)-c1c(Cl)cccc1Cl,-0.798602876
Clc1ccccc1-c1cccc(Cl)c1Cl,-0.53313238
Clc1cc(-c2cc(Cl)ccc2)c(Cl)cc1,-0.596879479
Clc1ccc(cc1)-c1cccc(Cl)c1Cl,-0.847711656
Clc1cc(ccc1Cl)-c1ccccc1Cl,-0.876148359
Clc1cccc(-c2cccc(Cl)c2Cl)c1Cl,-1.806875402
CCOC(=O)CN(c1c(CC)cccc1CC)C(=O)CCl,2.021189299
CC1CS[C@@H]2[C@H](NC(=O)[C@H](N)C3CC=CCC=3)C(=O)N2C=1C(O)=O,4.328379603
Clc1cc2Oc3c(Oc2cc1Cl)c(Cl)c(Cl)c(Cl)c3Cl,-5.356547324
Clc1cc2Oc3ccccc3Oc2cc1,-0.496209317
Clc1cc(Cl)c(Cl)c2Oc3ccccc3Oc12,-2.075204004
Clc1cc2Oc3c(Oc2cc1)c(Cl)c(Cl)c(Cl)c3Cl,-3.920818754
CC1(C)C(C(=O)OC(C#N)c2cc(ccc2)Oc2ccccc2)C1(C)C,-0.48148606
CCOP(=O)(OCC)SCN1N=Nc2ccccc2C1=O,3.525044807
Cc1c(c(NC(CC)CC)c(cc1C)[N+]([O-])=O)[N+]([O-])=O,-0.48148606
C/C(/C=C/CC(C)CCCC(C)(C)OC)=C\C(=O)OC(C)C,0.146128036
C/C(/C=C/CC(C)CCCC(C)C)=C\C(=O)OCC,0.301029996
CCCSP(=O)(Oc1ccc(Br)cc1Cl)OCC,1.447158031
Cc1cc(ccc1)C(=O)c1cc(C)c(cc1)OC,0.301029996
Clc1cc(-c2cccc(Cl)c2Cl)c(Cl)cc1,-1
Clc1cc(Cl)ccc1-c1cc(Cl)ccc1Cl,-1.107348966
Clc1cc(Cl)c(Cl)cc1-c1cccc(Cl)c1Cl,-1.54668166
Cc1cccc2[s]c3[n][n]c[n]3c21,3.204119983
CC(C)[n]1[n]c([n]c1Cl)OP(=S)(OCC)OCC,1.838849091
COC(=O)c1cc(ccc1[N+]([O-])=O)Oc1ccc(Cl)cc1Cl,-0.400116928
CCOc1cc(ccc1[N+]([O-])=O)Oc1ccc(cc1Cl)C(F)(F)F,-0.935542011
CC(C)(C)C(=O)C(Oc1ccc(Cl)cc1)[n]1c[n]c[n]1,1.854306042
CC(C)OC(=O)C(=C1SCCS1)C(=O)OC(C)C,1.73239376
COCCN(C(=O)CCl)c1c(C)cccc1C,3.361727836
Clc1cc2c(cc1Cl)oc1cc(Cl)c(Cl)cc21,-3.159893906
Cc1cccc(CC)c1N(C(C)COC)C(=O)CCl,2.72427587
CCCOCCN(C(=O)CCl)c1c(CC)cccc1CC,1.698970004
COC(=O)C(C)Oc1ccc(cc1)Oc1ccc(Cl)cc1Cl,-0.096910013
Cc1[nH]c[n]c1CSCCN/C(/NC)=N/C#N,3.972202838
COC(CCl)Oc1ccccc1OC(=O)NC,3.113943352
CC(C)C(C(=O)OC(C#N)c1cc(ccc1)Oc1ccccc1)c1ccc(Cl)cc1,-1.619788758
CCc1cc2cc3ccccc3cc2cc1,-1.571865206
CC1(C)C(C1C=C(Cl)Cl)C(=O)OC(C#N)c1cccc(c1)Oc1ccccc1,-2.397940009
CC1(C)C(C1C=C(Cl)Cl)C(=O)OCc1cccc(c1)Oc1ccccc1,-2.22184875
Clc1ccccc1-c1ccc(Cl)c(Cl)c1Cl,-1.364516253
Clc1c(-c2cccc(Cl)c2Cl)c(Cl)ccc1Cl,-1.266000713
Clc1cc(-c2c(Cl)c(Cl)ccc2Cl)c(Cl)c(Cl)c1,-2.2644011
CC(C)OC(=O)C(C)N(c1cc(Cl)c(F)cc1)C(=O)c1ccccc1,1.176091259
COC(=O)C(C)N(c1cc(Cl)c(F)cc1)C(=O)c1ccccc1,1.544068044
CC1(C)[C@@H]([C@@H]1C=C(Br)Br)C(=O)O[C@H](C#N)c1cccc(c1)Oc1ccccc1,-2.698970004
Clc1cccc2c1cc(Cl)c(Cl)c2Cl,-2.431798276
Clc1cc(Cl)c2cc(Cl)cc(Cl)c2c1,-2.397940009
CC(=O)Nc1cc(NS(=O)(=O)C(F)(F)F)c(C)cc1C,2.255272505
COCCOc1c(cc(Cc2c[n]c(N)[n]c2N)cc1OC)OC,3.423245874
CC(C)(C)C(O)C(Oc1ccc(cc1)-c1ccccc1)[n]1c[n]c[n]1,0.698970004
Clc1c(cccc1Cl)-c1cc(Cl)c(Cl)c(Cl)c1Cl,-2.863279433
CC(C)(C)C(O)C(Oc1ccc(Cl)cc1)[n]1c[n]c[n]1,2.079181246
O=C(C1CCCCC1)N1CC2c3ccccc3CCN2C(=O)C1,2.602059991
CC(=C)CN(CC)c1c(cc(cc1[N+]([O-])=O)C(F)(F)F)[N+]([O-])=O,-0.522878745
OC(=O)COc1[n]c(Cl)c(Cl)cc1Cl,2.643452676
Clc1c(-c2ccccc2)c(Cl)ccc1Cl,-1.079354999
Clc1cc2ccc(Cl)cc2c(Cl)c1,-1.191114133
Clc1ccc(Cl)c2cc(Cl)c(Cl)cc12,-2.091514981
CCC(=O)N(c1ccccc1)C1(COC)CCN(CCc2ccc[s]2)CC1,1.880813592
CC(C)(C)S(=O)(=O)CSP(=S)(OCC)OCC,2.610660163
CNC(=O)N1C=C(F)C(=O)NC1=O,2.792391689
Cc1cc(Cl)c(OP(=S)(OC)OC)c(Cl)c1,0.041392685
COc1c(O)cc(Cl)c(Cl)c1Cl,2.485721426
COC(=O)C(C)N(c1c(C)cccc1C)C(=O)c1ccco1,2.361727836
COCC(=O)N(C(C)C(=O)OC)c1c(C)cccc1C,3.924279286
CN(SN(C)C(=O)O/N=C(\C)/SC)C(=O)O/N=C(\C)/SC,1.544068044
CN1C=C(C(=O)C(=C1)c1ccccc1)c1cc(ccc1)C(F)(F)F,1.079181246
OC(c1ccccc1Cl)(c1ccc(Cl)cc1)c1c[n]c[n]c1,1.146128036
CCCC1COC(C[n]2c[n]c[n]2)(O1)c1ccc(Cl)cc1Cl,2.041392685
CCC1COC(C[n]2c[n]c[n]2)(O1)c1ccc(Cl)cc1Cl,1.903089987
CCN(Cc1c(F)cccc1Cl)c1c(cc(cc1[N+]([O-])=O)C(F)(F)F)[N+]([O-])=O,-1.15490196
OC(c1ccccc1Cl)(c1ccc(F)cc1)c1c[n]c[n]c1,1.414973348
CCCCNC(=O)N1C=C(F)C(=O)NC1=O,2.913813852
CC(C)N(C(=O)CSP(=S)(OC)OC)c1ccc(Cl)cc1,1.133538908
CCCCCCCCCc1ccc(cc1)OP(=O)(Oc1ccccc1)Oc1ccccc1,-0.113509275
NC(=O)COC(=O)c1ccccc1,3.612783857
CCNC(=O)COC(=O)c1ccccc1,3.079181246
CCN(CC)C(=O)COC(=O)c1ccccc1,3.301029996
Clc1cc(Cl)c(cc1)-c1ccc(Cl)c(Cl)c1Cl,-2.106238238
CCCCOC(=O)N(C)SN(C)C(=O)Oc1cccc2CC(C)(C)Oc12,1.041392685
Nc1[n]c(NC2CC2)[n]c(N)[n]1,4.113943352
CC(C)Oc1cc(ccc1)NC(=O)c1ccccc1C(F)(F)F,0.814913181
CCOC(=O)C(C)Oc1ccc(cc1)Oc1[n]c2ccc(Cl)cc2o1,-0.045757491
Clc1cc2Oc3cc(Cl)c(Cl)c(Cl)c3Oc2cc1,-3.366531544
Cc1cccc(C)c1N(C[n]1ccc[n]1)C(=O)CCl,2.633468456
"CC(Cc1ccc(cc1)C(C)(C)C)CN1C[C@@H](C)O[C@@H](C)C1 |o1:16,19|",0.633468456
CCCN(CCOc1c(Cl)cc(Cl)cc1Cl)C(=O)[n]1cc[n]c1,1.531478917
CCOC(=O)CNc1[n]c(Cl)[n]c(NC(C)C)[n]1,2.875061263
CC(=O)Nc1cc(c(cc1N=Nc1c(Br)cc(cc1[N+]([O-])=O)[N+]([O-])=O)OC)N(CC=C)CCC#N,-3.162411562
CC(C)C(Nc1ccc(cc1Cl)C(F)(F)F)C(=O)OC(C#N)c1cccc(c1)Oc1ccccc1,-2.301029996
CCCCOC(=O)C(C)Oc1ccc(cc1)Oc1ccc(c[n]1)C(F)(F)F,0
CC(C)[C@H](C(=O)OC(C#N)c1cccc(c1)Oc1ccccc1)c1ccc(cc1)OC(F)F,-1.22184875
CC1C(N=Nc2ccc(Cl)cc2[N+]([O-])=O)=C(O)N(CC)C(=O)C=1C#N,-1.131355562
COC(=O)C(C)N(c1c(C)cccc1C)C(=O)Cc1ccccc1,1.568201724
CCOC(=O)NCCOc1ccc(cc1)Oc1ccccc1,0.77815125
Nc1c(Cl)c(ccc1[N+]([O-])=O)Oc1ccccc1,0.397940009
COC(=O)c1ccccc1S(=O)(=O)NC(=O)Nc1[n]c(C)cc(C)[n]1,2.387389826
Cc1[n]c(NC(=O)NS(=O)(=O)c2ccccc2C(=O)OC)[n]c([n]1)OC,3.977723605
Clc1cc(cc(Cl)c1)-c1c(Cl)c(Cl)cc(Cl)c1Cl,-2.71219827
CC(C)(C)[C@@H](O)[C@H](Cc1ccc(Cl)cc1Cl)[n]1c[n]c[n]1,0.954242509
CC(=O)Oc1ccccc1C(=O)OCSC,2.740362689
CC(=O)Oc1ccccc1C(=O)OCS(C)(=O)=O,2.041392685
CCOC(=O)C(C)Oc1ccc(cc1)Oc1c[n]c2cc(Cl)ccc2[n]1,-0.522878745
OC(C[n]1c[n]c[n]1)(c1ccccc1F)c1ccc(F)cc1,2.113943352
"CC(C)(C)[C@@H](O)[C@@H](Cc1ccc(Cl)cc1)[n]1c[n]c[n]1 |o1:4,6|",1.414973348
COC(=O)c1ccccc1CS(=O)(=O)NC(=O)Nc1[n]c(cc([n]1)OC)OC,2.079181246
O=C(Nc1cc(Cl)c(F)c(Cl)c1F)NC(=O)c1c(F)cccc1F,-1.721246399
"C[C@@]12CC[C@@](C[C@@H]1OCc1ccccc1C)(O2)C(C)C |o1:1,4,6|",1.799340549
Cc1cc(C)c(C2CC(O)=C(C(=O)C2)C(CC)=NOCC)c(C)c1,0.698970004
CCCCCCCCCCCCN1CC(CC1=O)C(=O)OC,1.117271296
NS(=O)(=O)c1cc2c(SCCC2=O)[s]1,1.84509804
NS(=O)(=O)c1cc2c([s]1)S(=O)(=O)CCC2=O,2.431363764
CNC(=O)COC(=O)c1ccccc1,3.568201724
CCCNC(=O)COC(=O)c1ccccc1,2.806179974
CN(C)C(=O)COC(=O)c1ccccc1,3.944482672
NS(=O)(=O)c1ccc(cc1)SCCO,3.544068044
NS(=O)(=O)c1ccc(cc1)S(=O)(=O)CCO,3.819543936
NS(=O)(=O)c1ccc(cc1)SCCCO,3.146128036
CC(C)(O)CCSc1ccc(cc1)S(N)(=O)=O,2.602059991
NS(=O)(=O)c1ccc(cc1)SCCCCCO,2.77815125
NS(=O)(=O)c1ccc(cc1)S(=O)(=O)CCCO,3.857332496
CC(C)(O)CCS(=O)(=O)c1ccc(cc1)S(N)(=O)=O,3.544068044
NS(=O)(=O)c1cc(c(cc1)SCCO)[N+]([O-])=O,2.698970004
NS(=O)(=O)c1cc(c(cc1)SCCCO)[N+]([O-])=O,2
NS(=O)(=O)c1cc(F)c(cc1)SCCO,3.77815125
NS(=O)(=O)c1cc(F)c(cc1)SCCCO,2.954242509
NS(=O)(=O)c1cc(F)c(cc1)SCCCCO,3
NS(=O)(=O)c1cc(F)c(cc1)S(=O)(=O)CCO,3.51851394
NS(=O)(=O)c1cc(F)c(cc1)S(=O)(=O)CCCO,3.819543936
CCCCCCN1CC(CC1=O)C(O)=O,3.872738827
COc1ccc(cc1)C(=O)c1cc([s]c1)S(N)(=O)=O,1